business_type,years_in_business,mobile_money_txn_frequency,mobile_money_txn_volume_naira,airtime_topup_consistency,savings_frequency,avg_savings_balance_naira,utility_payment_timeliness,rent_payment_timeliness,repayment_history_score,avg_payment_delay_days,income_consistency_score,social_capital_score,wallet_balance_volatility,default
Craft/Artisan,7.427809919982162,32.01583283730372,26734.083558731472,0.8066345434757802,1.8720399275162816,15262.779051277881,0.7278203547457434,0.6810984130009453,0.7202827609211312,21.121323630633583,0.6896659605132914,0.7733202747987509,0.28143565574757845,0
Farming,9.121078767251264,1.0,62886.24272487789,0.8354361586734371,6.25385914449776,49397.83872763707,0.7215580624393603,0.8484785188361101,0.6897003178350793,4.421262952247211,0.5678579707989551,0.8452000769013784,0.20429320399150772,0
Craft/Artisan,2.0347490965890302,15.0555950893657,26940.430345371795,0.7084831725192726,1.4589372158664595,17446.72086523459,0.828883448848357,0.6354261372556992,0.5933852510566869,3.315780876862803,0.4304201557395225,0.21330715840523318,0.10123907679830868,1
Transportation,8.367286512731006,14.662314646274023,18834.535235750125,0.7161012299137095,6.726921196784209,7734.426710192898,0.734319497904771,0.6831127247612191,0.5492435981189886,12.639179497008346,0.7536088062356676,0.40177657934796007,0.8304286982480559,1
Trading,2.987624319035042,27.218696199394422,37168.67240751525,0.8512494818278635,7.9602088013412295,6581.386205713456,0.8645707665558222,0.6635568203501747,0.8177686290787297,22.1669116211066,0.7886482607481912,0.8279052396863451,0.44861289752223493,0
Freelance Services,4.389097769883996,28.386419727518238,17172.372199821475,0.7374152599990309,9.226259062748646,12923.747435220024,0.7061105603150205,0.4185434925250557,0.5944156642845492,13.395319273969783,0.8641070986986374,0.29530366881338393,0.5520277259037432,1
Craft/Artisan,5.01080793748843,25.633789243467163,36076.94623726088,0.9240726942421543,5.722835700597279,5205.879757957822,0.9097207040173637,0.7146719797120391,0.8236549929132481,4.685522383480871,0.5942288635647529,0.5471525257167323,0.23085484513024715,0
Craft/Artisan,7.926520970526112,7.195599610032843,33779.60556730264,0.8237366216162196,8.244268933157741,8097.015815674728,0.5185245444166885,0.7305722855362116,0.6280235218924598,9.257839396104957,0.35515840797412956,0.6733339029341521,0.24687002779878325,1
Trading,6.199206722426695,24.900952254391374,24241.674860621268,0.8947465893886991,3.2884633789905875,11260.609772247695,0.47222774522536504,0.7505403496968622,0.8764406185585795,14.60781873932681,0.5147671045809826,0.908626671190825,0.9061221059910287,1
Farming,2.906600602631517,22.072335748747935,36724.38903350059,0.6057368075900975,8.8998943724032,9943.558685819055,0.552200358348526,0.7117377704363178,0.8421946544466917,3.2424350237747195,0.602608710634107,0.35015180517031175,0.12035155463177642,0
Farming,0.4148923218609388,4.630124917763274,11869.359639399485,0.39233427548620825,8.023733808239752,22221.938967694005,0.8608128209397587,0.35887594640452136,0.9057865818644701,5.924127856559095,0.52109006097171,0.5246568387913563,0.7578092970598282,1
Freelance Services,5.381171249212589,1.4638893695865036,29425.86024068708,0.7383960972463064,3.599227208140329,7970.644767453068,0.9291018072166279,0.47870780478626807,0.9511529541012194,2.918033998502077,0.7780024207512788,0.9369297256822668,0.7061556464760911,0
Transportation,4.26011957382574,26.303914320166207,20857.711989554562,0.7431420073596829,7.591087930730076,2370.872070666369,0.40151464869524867,0.762217640612322,0.7451601756489576,1.8065409242680155,0.5883391494700796,0.48105518098123645,0.08219628914747433,1
Craft/Artisan,1.2284281044384715,16.559205592166045,129864.25187352489,0.7229454255800223,9.269163630181787,4104.991550200346,0.8344347971095617,0.6654291837249965,0.723617514863995,8.20363381426163,0.815907291503163,0.5608742049117337,0.10161109244061282,0
Farming,4.628526619581581,7.718543260360997,29310.579012962266,0.7543006626794592,6.235937772544948,13194.129900403083,0.647779630040439,0.7905362972629286,0.6866155434443693,4.291891434240297,0.5349524522976943,0.49162643626026004,0.9968489553693194,0
Trading,3.811272905236154,16.33462457032985,19379.75750295609,0.8286645950343762,3.5324621133282235,8859.430031463811,0.4962922565879777,0.8204163895684189,0.2296497876853423,2.1954178291691653,0.4833731251756341,0.3978743675959864,0.27573233913525763,0
Transportation,9.06310523840853,20.91232864890562,12606.074061699775,0.8728721570167715,6.533267415197717,5621.364953176906,0.9116593374482705,0.760933826057566,0.6389155524404961,2.203043993931395,0.40339856851996636,0.4938170721405394,0.2827887493298591,0
Trading,12.489717808687317,17.337190986659625,55158.901021289006,0.9814038169167715,7.657352240652008,52623.38756196354,0.8027808985153515,0.38663659400903627,0.745802826757105,10.179893402261735,0.2814991581884591,0.8137255647768206,0.34716119866053435,0
Craft/Artisan,7.306015347182474,5.584110774991309,22191.88597130156,0.6683657643852543,3.50994164815269,23863.970379445575,0.8345636463279018,0.9154854895503265,0.6412599002022054,8.223424871751662,0.4037358088916566,0.8901367566106356,0.19651636315859267,0
Transportation,3.6499537372151476,33.08445522851288,17409.239727929347,0.7699743050989643,2.9770681835159367,12824.350018035522,0.8061256219413687,0.9751538674247808,0.7105751685928451,8.583963627459076,0.9077322477521158,0.7050991533220968,0.5784540971150387,0
Craft/Artisan,4.068393866955009,26.03374375190314,32369.262645198687,0.7269634931954375,7.564867025567901,15729.73375150896,0.879449425365695,0.42898283891573896,0.8742479094324482,3.242028039035314,0.5156855689745108,0.4818236821507255,0.08558314950726802,0
Farming,1.9742197109894497,15.316980386612261,38458.897680290145,0.5805382347041722,8.469953855325041,11096.680541882426,0.5645812889808061,0.452188794619716,0.9078525121873895,12.253049104127157,0.727756730457937,0.6703811085170585,0.5572228102722058,0
Freelance Services,2.3020608007966663,15.6392427527817,38126.85289545391,0.7623350757257354,12.44927204322969,5554.309148945586,0.7411843042282539,0.8625093517548414,0.6929897625969124,10.829046726795928,0.4738998963102182,0.804653446794252,0.1855421861752307,0
Freelance Services,3.4934707620073,20.87589915770541,27197.021229960632,0.22604050348541188,7.997179867059383,27487.982838960794,0.5546054080952035,0.7758351886911283,0.8887536014770739,12.788861034650974,0.5210179553576115,0.8455549916652585,0.1519912402082888,1
Craft/Artisan,3.2238975551007933,8.963028834077347,29364.876882535114,0.9168304407958583,2.372754897071849,24244.16034319609,0.5900425929231145,0.5178310562784635,0.5516880199457102,1.7931469997526404,0.49488990965807494,0.6761256827601432,0.20672902233394042,1
Trading,1.1615977298077,20.58141149229575,30565.291871516645,0.5735298999705417,12.119350614975069,3347.1561433283377,0.6838972153698433,0.7089462938596338,0.6731214442481306,7.100825200872955,0.9086301388067697,0.605105299369382,0.49745056189047876,0
Farming,9.12437434046966,7.354140505113875,32370.99051046818,0.7723060121230723,9.164961443938244,15654.328692308489,0.5864051780855984,0.5819642976151196,0.8840147354150185,7.079895452764633,0.5112314056054604,0.722518026958959,0.21624506173264324,1
Trading,9.960354145803324,17.43572626523867,33985.41896847559,0.6125222192831091,0.0,16912.065107846105,0.5971074359741448,0.45347193383853285,0.7300106736661325,2.911550725520588,0.3990022403579513,0.6215413331992066,0.034863882526459854,1
Trading,8.934472677513092,8.65142800114513,49116.43649276896,0.6983485109174083,2.9091299631943364,10665.6986752538,0.32695819866512266,0.756094881000923,0.6786547592031392,4.721201901686121,0.7927211489939916,0.8851231413525197,0.12389911843217612,0
Transportation,10.179541262777306,9.055328141386283,27751.028293626463,0.7313576198574677,4.525324737285187,57993.47232313992,0.41371312286384726,0.9760341293990831,0.6852803584681799,6.415255430782718,0.40669113612818575,0.7114754660075098,0.4208516113809979,0
Craft/Artisan,14.81381011808001,31.165780908945678,17167.240142643153,0.6872878101741989,8.51429457648437,53751.19973444321,0.5074181315146904,0.8632857504498753,0.70948491252433,12.446238973078124,0.36993061617961354,0.9239898957789117,0.12814799653962555,0
Freelance Services,2.006191320047382,18.473807154276432,24850.6593231814,0.44709200284083767,0.0,10257.294852158,0.3684344419131658,0.806492805891832,0.5298397296041556,5.748142371406663,0.629563848582934,0.8623309427983662,0.13900625556218743,1
Farming,14.412066157403117,19.65925188320934,40724.26764214982,0.5539972883924781,5.642662751740693,11430.34057181391,0.48556867079912824,0.6216245655623462,0.32910280955615395,7.781425274735113,0.6632092848590977,0.8375781557207469,0.15545201005933731,1
Farming,2.892743833142019,1.9089611113494165,10070.942970507425,0.8744183130372762,8.343146566366416,10528.179445482716,0.7599042202735342,0.7484334944495084,0.716107558519987,1.2769490036678595,0.8115050945979463,0.8050595040135679,0.5197298034451013,0
Farming,5.945379033993898,13.223985931831617,10102.985897410841,0.7305164668552792,0.0,8708.608854274687,0.864673093204824,0.9087915887400332,0.5590514892644627,3.8154857071746013,0.5478627843130357,0.6295285805303922,0.34489466224824017,0
Trading,0.8999893989904201,21.68969694963478,44580.501965865464,0.6853789212895841,8.240275257865093,7012.62686692695,0.8504292186350336,0.4005818262439328,0.7844669806800417,4.165052611633506,0.7845729076654945,0.5558172889019332,0.6339461478025421,0
Trading,2.606737172340513,19.553090127580038,62073.071911656814,0.8762841072299891,8.600830355675624,19049.573239622227,0.7045286619187641,0.7874531482249241,0.8529848170430006,11.329317822521649,0.7498851887066339,0.7154930444826988,0.2214357520454553,0
Farming,7.444860769570247,1.0,13415.15048869844,0.883644829550332,3.4600423903551523,52733.64762811704,0.5514476273545001,0.5422526955439155,0.9274701119202461,11.515558937875195,0.6591576089569535,0.9792017145930197,0.6635259206455573,0
Trading,6.141030489274085,19.65710333325665,28431.489609343065,0.7647250536625456,2.540138195012709,39539.574006326264,0.79568670182189,0.7024460202830637,0.8810897872064866,1.757675381432804,0.935529995621546,0.726841830334529,0.027761993072604477,0
Transportation,2.8488854423454155,20.932470428397515,21595.71486033738,0.6023034458321247,3.4131193325264215,23211.98215286598,0.6862111359235399,0.8106204323469475,0.6290694466516641,3.0418799640342904,0.5627269641805152,0.6336657300607158,0.3091066089079092,1
Farming,4.067063623787639,28.2700959855896,23307.802116016534,0.8883290747441132,0.0,2477.5406095749395,0.8788453021102125,0.9038923129556872,0.6135140921340785,6.805704187817158,0.8268821237466428,0.3847048059689619,0.2420940574991073,0
Craft/Artisan,2.38901979619876,12.758151048493257,31826.102163084754,0.6280237392945758,5.0214303176379,3622.122147424923,0.5846360475854023,0.42194939749582683,0.515076611021914,4.528899048625544,0.3384162466971355,0.7459364809697747,0.21770108606861946,1
Transportation,7.431284421703202,1.0,13212.536253373906,0.3297413390332734,6.658788767258905,28139.070941672042,0.6797761751010424,0.47813872220092535,0.6741419205523339,3.952532693909096,0.7237818566573152,0.8207436756205794,0.6891162805436596,1
Trading,9.521397324756155,10.025833985558757,14632.939180062996,0.7437369037268672,2.3419896081206684,41504.67761784841,0.7644766950316604,0.758026430978311,0.5962661348081415,3.6228780244804737,0.763036108860608,0.4781832280955753,0.23370601090408036,1
Craft/Artisan,2.0139059294403294,9.223479689051542,22795.350185082432,0.7917242309168093,8.916148747675283,19685.040028269814,0.7559907706037851,0.2602461774864277,0.8811807365094037,6.386026769598426,0.49456064848144365,0.39647257142323183,0.4393976255229986,1
Craft/Artisan,3.7696197412777375,23.893671022239793,24835.849212990994,0.9223950988787687,6.307701541966091,10786.965428684649,0.8610079205285794,0.7133589917757712,0.8635829036998148,6.403521783125569,0.4748517361946344,0.7375158526673348,0.7204852426685885,0
Farming,1.1159129167897976,1.0,14482.911148122617,0.5712544807186164,6.780053244460352,34427.49187428173,0.7248341092946811,0.7893396055376598,0.847086702255924,3.304827525403359,0.8800780831679336,0.47594836281758185,0.3296141105884032,0
Trading,4.5299629231726914,14.413148319419022,41535.60213148108,0.637927235168479,4.794010011347051,22640.953345149002,0.737375993540323,0.9299038107288525,0.39692705847101895,3.675656258932351,0.7442889205307754,0.76352918974372,0.17991683001819261,0
Transportation,5.5241045042489665,29.406363788618037,21382.78557233607,0.9106360332760433,8.22913184406718,29620.195750090934,0.5240965851683256,0.6051072138320688,0.5820048561604642,4.7202645641031165,0.6914165822714465,0.40116684268940306,0.06261739097441477,1
Trading,4.796691406260754,18.05769970266908,21332.783857519873,0.46921864643816114,9.871682057567654,3642.412897383643,0.8401876910984735,0.8526284354292343,0.8075323894045867,5.487099082485097,0.8454972007997698,0.7233803446730698,0.24246810038889705,0
Trading,5.227824813535878,25.17053452941139,31428.246406880222,0.7063646526150988,4.777444072586966,16989.281741800994,0.622553450185359,0.7727220023318501,0.8061108073683199,0.4343258122621123,0.4370167272164403,0.5555609581785255,0.3881641504278033,0
Trading,3.4774107690515303,4.865613331591298,25061.809891357294,0.776316635130861,8.28309531268487,46267.71992112135,0.908346449709111,0.5682721900988702,0.5324076739457142,2.7818876145046056,0.7464105460291477,0.3784976385155161,0.5343700352793176,0
Craft/Artisan,3.540031354612054,5.184083894349419,42642.73707518428,0.8842934490790683,8.31608237348421,19326.140747271453,0.7594643634190744,0.6637965999314255,0.5751776458969609,3.1524916330054182,0.6116105708620391,0.6977506895393517,0.439790474783497,0
Transportation,3.4174392950365036,29.497939662761873,16100.693172038516,0.72500040288443,7.25361182952458,25945.96310494145,0.5897505995904151,0.9187827549228545,0.6855555963940313,4.550006958508389,0.5233497554845215,0.38544508736987526,0.14651861306931954,1
Transportation,2.5433296546763695,18.809722926058026,12474.444263546067,0.6479413177108714,11.031162582319537,13704.246637900722,0.424469876881429,0.7118000327100257,0.44550166319212575,6.312133864734813,0.14604895308112442,0.6346072173185323,0.35222211400134296,1
Craft/Artisan,2.802882032271441,18.826194897673155,22688.576522539202,0.8433160469364661,3.820530981898064,14389.478886001372,0.7652338746070385,0.7245321932852828,0.660781996270528,2.947881730262158,0.567482801068697,0.18810328062607157,0.20508969330230037,0
Farming,5.352007258415176,9.054777375144027,27809.414546879034,0.9502635636790189,4.735355054889148,35659.443289145995,0.7613685408875054,0.7750936695443181,0.5395652356222411,4.321045991757396,0.3969329247834215,0.5268912038362974,0.09374519361599888,1
Transportation,9.130660996520245,18.80625383160185,13596.724957100292,0.6842694576359507,3.669121870912493,8359.452019679491,0.8143324596940579,0.5600996823482591,0.8348272553736145,0.816337803243582,0.8621246246734766,0.416159717714326,0.5394846320018353,0
Trading,1.7181660187825674,8.83249945327923,12540.711375226298,0.9737113402225336,8.175064934223123,7806.036450027172,0.6867151870659354,0.7218995965904836,0.7539014586502393,12.851870589415556,0.5586971405114776,0.7415587976365785,0.09256048772300782,0
Trading,3.530090201658554,27.494963591245202,29740.4627660821,0.6248245760397111,5.182541205751416,9559.112649619447,0.9469477524444304,0.6995450665245606,0.6208970753476811,1.5645840732586545,0.8692220876136648,0.4140654953335088,0.341608382973129,0
Transportation,1.4067198386916095,39.82264567894537,17733.67561329178,0.24294544160689407,3.9127525831594427,13580.802338466938,0.8489144694863615,0.6100031180434079,0.6497859165391778,16.739800748136737,0.45086671876908674,0.6945477814996206,0.10801534794228461,1
Farming,2.5810328582247632,21.871528429322634,12101.909821846411,0.9446261590162669,10.989442880233618,4328.333015793572,0.9188357479619569,0.47765204828164126,0.8726279374182813,5.97815884620059,0.6183304531076432,0.40643309773335595,0.3681889060381142,0
Transportation,2.9352068189146903,12.92042891630765,45749.57178516383,0.7037070603166674,11.428517442182258,22286.608274780385,0.6261156694570896,0.5930157040676158,0.49849984172435285,9.292652483015516,0.5451166403396098,0.6387118222901721,0.31096288502054314,1
Craft/Artisan,4.304647966147878,1.0,19006.05572793233,0.64877914323773,5.013921281215259,11908.731859754043,0.7910035833130444,0.619063289870725,0.4020955748346889,4.885211901444011,0.8611021805631234,0.4765231120250184,0.16837379808777247,1
Transportation,4.2189011867124675,4.524287083661271,50634.90209021102,0.8955367665402276,1.8977757898811776,24284.230840607583,0.7019359607253144,0.7494884675026423,0.6689996763414149,6.460185987349931,0.8177637097624423,0.6248440138858609,0.2792941362337682,0
Transportation,3.744637909662896,30.438894648217087,27327.776964036304,0.33403965908876265,11.590552351046856,3031.0096215401168,0.5620082575199151,0.7592572119800908,0.4102917600491293,6.40527657416464,0.31572392462961235,0.4800420315589522,0.07840428274593346,1
Transportation,5.053441454198614,9.766465253831415,31638.10014619442,0.5736955810320018,7.412191613239359,24349.488412573766,0.538639207127514,0.7142323634231278,0.4875625075573665,9.932672981338238,0.7995036828692683,0.3675955306369741,1.0084594725144764,1
Trading,1.8671069550855992,15.033320946507903,23948.83933466869,0.7710728760017556,7.26216712683877,34058.212120036806,0.563058879051781,0.7850530360797187,0.7753929878686554,7.066970204230634,0.9232798708364154,0.5139711098344126,0.12784975825050654,0
Trading,4.330275717434577,23.242607796633425,6245.776569940973,0.7971131681662242,6.31500302878672,18160.12406311378,0.8031294677329933,0.7149592807688999,0.4797224103754401,1.4178077039290633,0.6634202939665322,0.5856512864177645,0.4714948106242492,1
Farming,6.2600868829763865,29.85831839489434,14396.889134803812,0.5857013670594616,3.5990468138972718,13643.42898570334,0.5509182651539529,0.6499551315094002,0.6862891537461893,1.0502783596578071,0.3896520978670899,0.12181141415878015,0.8820027551645514,1
Trading,1.8467694640124601,16.403304630689295,25105.94117110091,0.799300674906873,4.760143632183911,24480.748436266254,0.6140123205951454,0.5656822259249539,0.3559538894448284,2.128549078588158,0.6614873820700393,0.4929881125283505,0.30639560604093574,1
Farming,0.7248697169185699,14.762665042671722,32879.38108391299,0.9589309274844988,8.033160127313415,32532.659815248935,0.8215743655425576,0.8167835244375043,0.4910483454893679,4.940888236502185,0.7423997087426094,0.9204912822541262,0.5137082642706634,0
Craft/Artisan,7.391749222601448,18.57296822808547,10053.531931181475,0.6854661467422838,4.6573189183975074,19265.06435349399,0.9107585634717187,0.7675822330786861,0.7664580740306348,10.229743219843455,0.6788812122935522,0.8909416630849406,0.8328784353997998,0
Trading,1.449227386853639,12.978897466886263,26121.63195769982,0.9426188942376104,7.298950584754655,20299.445039195514,0.41940683977974624,0.7791382371855977,0.7591460567858651,2.9220071583269007,0.9222683509558703,0.5579477537793285,0.38167988311957424,0
Trading,2.4800440844492333,13.409446373656358,14512.342192312275,0.853331960001679,6.040096731470489,42610.64194248602,0.840206192001163,0.5752729529952999,0.7491393861446292,1.4140489945684893,0.4492237570570083,0.8021877627419439,0.21689315310070775,0
Trading,6.139868539377597,21.29504094027099,30608.74681735359,0.6277995594019059,2.829339056995524,22761.138067428412,0.7592186469426929,0.8393656781413678,0.8046764439038279,2.009365849120532,0.7731927535029576,0.3150107161365879,0.5694134958253243,0
Trading,1.7656270198662163,19.48233214267589,26617.643593184664,0.8899750899556206,10.863391928418455,7629.812936187989,0.669871330556881,0.7224940227609014,0.8151907262455856,17.456918303436677,0.779490636093168,0.6646003919320551,0.29564670785934505,0
Transportation,7.058160556731205,35.05284245246867,40494.67979325633,0.7440468632590953,7.782098782685862,32423.843166372277,0.650977060239021,0.7977580493592404,0.666463268319938,9.641225871418175,0.6261262525996801,0.4528767973670289,0.044595535761832145,0
Transportation,2.194961681939546,21.510790533083437,48375.68602385144,0.6275613327181807,6.991943027698999,12251.395123396092,0.6052486440587174,0.43202540730002476,0.6830006393026862,1.9796987968637558,0.6730677422476763,0.5265037839281551,0.1427412942357636,0
Craft/Artisan,1.9744273815499067,27.209164384750622,34628.91981033025,0.7318362316272193,7.665063662428184,13674.637326466192,0.9347197449578974,0.6410182093940411,0.599334495257268,3.870031319188877,0.6810037976628379,0.755240520020957,0.26048050413974255,0
Transportation,1.4132240406737187,9.429718586214952,43183.6173342811,0.4548967585367996,0.6213248739350004,14397.592717545234,0.5942432106082915,0.6932728771529028,0.8678307846943523,5.374875339843642,0.4424894566908884,0.19927365940609806,0.6356733628369352,1
Farming,2.2114483497149693,22.201258320242168,22188.105550048374,0.523342142513956,4.520461193839152,26323.240768431388,0.5659000667163311,0.8632616857620492,0.69573820339983,7.039803661410449,0.6014837086923257,0.9436454556687885,0.3663673311644365,1
Craft/Artisan,5.593445885809812,12.216149227191528,127098.10864143637,0.31918086418893943,1.4180983787194776,45442.22579497073,0.470203847953043,0.7754595138474513,0.5554364685801976,25.873898278290547,0.4893129483652387,0.563908466896932,0.18970503118471516,1
Trading,2.480405984581632,21.163626106372462,13761.766697067678,0.707244635363385,6.374058659373953,13590.074776920546,0.9083904150796026,0.7071577162733695,0.8398988828259771,4.9561726050481845,0.40354966936399855,0.7985406685770979,0.38151432022403753,1
Trading,7.411650289006012,23.508116784918727,20125.326427392367,0.7271746865585949,6.977736613301195,44886.10126195528,0.8064589129053714,0.5539153864633959,0.9684213411302403,2.5428198832018616,0.7806542643853636,0.4339334965590908,0.030723985843542342,0
Trading,3.8566973918549965,18.39895075201179,44167.620004318575,0.4972773935970761,6.424016474742009,14991.097725554526,0.7671245544820309,0.4278746851746807,0.8569378924019495,13.220279275623486,0.5208611493190601,0.6538065386414473,0.1001714951064128,0
Craft/Artisan,4.105179874490224,37.258605771798344,40700.54319570918,0.5593457825417036,9.535767460007882,35650.46825739901,0.6629330127238515,0.9364864956005067,0.6149859966469798,18.901504591158606,0.8417933668539735,0.7354495940903364,0.8647674695847682,0
Farming,1.923351728157252,29.42383815286762,35174.05305059171,0.8043708654082464,1.5079433573929517,15350.497302904147,0.5017931489035232,0.5185333875258189,0.3196837103954839,4.47406150837339,0.6557161412999052,0.5905386647633281,0.05572286419254424,1
Trading,8.13695488802255,27.417962662632775,39004.22536346962,0.9565674050505265,3.6022470828893502,9464.501934861673,0.7809869289923161,0.7410567195078109,0.6332400607166876,7.35780222340502,0.554098197854081,0.8280927369788794,0.8778209572985167,1
Farming,6.29420606148303,24.114289538960108,8553.052920875276,0.6453889136991057,7.243043998437996,51301.19613899927,0.7358554443498523,0.7821195737586505,0.513499556871101,4.871525227492761,0.37662844290374886,0.47990853542880946,1.0470357902239587,1
Trading,6.176061541069772,32.10688654184035,64480.25178298199,0.8678272594185279,6.791809971745444,8852.72535978946,0.8609403737602818,0.7524290783441845,0.6723508350201024,7.480574078959691,0.7029431269451789,0.6540173284659493,0.2940409811967219,0
Transportation,3.3300847280804704,6.504245620246273,24049.271226043413,0.5105687424507249,2.05370780134647,8447.566116251111,0.8394774485779968,0.30267800118413357,0.555171711081721,8.958724019251877,0.7685252415493624,0.7851320971509257,0.5129419007367034,1
Farming,1.2551182889147785,28.96226494392461,53382.68920750131,0.6403418359237629,9.589589603937913,5545.664848394491,0.5366167631021644,0.8188246047586538,0.86249636976967,6.3489741194855736,0.8426692780725472,0.695741897855249,0.14154199023009909,1
Farming,4.263541794666552,10.070045504003817,8791.673695232148,0.9232491039962976,10.629666367455242,32438.04571795534,0.8998577596012829,0.5037602458023126,0.5986017129421938,12.112673470855995,0.6608079038141398,0.3963913548324853,0.207665752569279,0
Trading,5.433250709814599,13.485287047466162,30980.482143750556,0.7588140987636938,7.276761021831395,38269.67589976794,0.7454560024128086,0.8984274231113778,0.7573178063213096,6.255260416952142,0.2754894398404214,0.7425231766792849,0.9359366520690123,0
Transportation,5.470197474826923,22.491139552493344,19733.51516236024,0.55643419057261,1.4727858043209094,17347.278060517896,0.790154875874541,0.6180741456798385,0.8664435247927798,2.4648179536912753,0.847538928323889,0.3180844337495469,0.7355727230331089,1
Farming,4.979036563411745,27.86576132408579,36852.033651083584,0.3989526870395977,6.479175736165517,6709.561011319927,0.43479168043493693,0.8411107491922819,0.76308271604203,11.402533302241405,0.38415282265670386,0.6315795492336561,0.6937323300651151,1
Trading,4.837423586544413,8.771386946544304,32028.73504031594,0.5171459578268816,7.021027697748192,13296.483090885735,0.627790891938362,0.8436348082058672,0.6593445227120427,12.051209875253138,0.4531525033139439,0.9214373821246713,0.534161268717293,1
Trading,2.1861143246010544,13.899640978578152,32903.23593568623,0.1686345518245358,5.184473050895983,10809.346486730909,0.704186843690834,0.599776366716477,0.9120015206108515,0.5385362850868726,0.5503809188043354,0.7084113229547592,0.07791388533983147,1
Freelance Services,2.275432369206703,18.780256580010484,15026.672556926951,0.7453940329349259,10.041733884243307,6494.246967479364,0.7607182202152521,0.5868345320036186,0.8965648447307281,20.13098054709424,0.6516876905621641,0.7769259719515582,0.20639159505590393,0
Freelance Services,1.4259044991384973,16.509071962434287,26073.297454062176,0.554766528421641,5.652184018087048,9487.931539888792,0.5978138421411199,0.9133182893493947,0.7495250100492995,2.2524267004813248,0.846451832432913,0.5630138543922678,0.22504976808017385,0
Transportation,7.468080356317928,24.8322564898815,24365.125927447392,0.8244881845371769,12.313627062169465,19034.624768481874,0.9916069751978337,0.8024704336956769,0.8345833406623439,4.491391320238054,0.45347157637509605,0.8606209147044289,0.6609776031276725,0
Trading,12.131330897491772,45.48742092787616,35327.625288571595,0.9839329325900757,8.34935164360061,8746.263162341476,0.677963737477067,0.7364628425573474,0.8208796358004445,3.8028654988460726,0.762001060015574,0.3901101940658843,0.28575811724947137,0
Freelance Services,19.656247145353024,21.354565668207037,46356.34002408894,0.8229822268172428,6.828240389886116,16386.510063219044,0.6672050714626988,0.5331419021275118,0.7182108069425318,2.7538948178894365,0.38951550202150736,0.4183662988081783,0.4887634537303712,1
Craft/Artisan,4.4749711209676235,12.11842849470147,29224.473100341384,0.7710481810254032,8.761282152001261,3852.873298316328,0.8803622667830725,0.7847215400511997,0.73071853460115,6.740701993451911,0.5313669847537104,0.6395951355648742,0.13077308580179156,0
Transportation,4.845936343132052,7.627933354888036,13334.43733848092,0.8339142915378124,10.59265581939529,43279.170197806445,0.8139027069320095,0.8559855573759955,0.8215973577339762,1.6615134611786382,0.9097614649127084,0.7480706139188682,0.11093304506087731,0
Farming,3.4306256363395193,15.397968691315155,28543.038365470296,0.851557500108198,8.697156052331355,10157.949653722677,0.6176573705287042,0.7568085324798958,0.7391567192879374,5.647907362784909,0.5609002015349609,0.3426270826892032,0.28178449241753306,0
Trading,4.4256833884151145,10.47800091176968,113107.26843775691,0.8635097626666801,5.772494949948509,24567.365089055274,0.7943324592363376,0.8322360187861813,0.7340335249374459,9.434300138647025,0.8108498483766893,0.7089632135379818,0.17291063478591517,0
Trading,1.759608714798011,21.740398335803384,66522.99323694463,0.7300361875219513,4.020239198227883,15246.107674606212,0.5986972908822246,0.7757964791277884,0.6592625252065125,5.092933321820414,0.7157454135502843,0.6493947107604351,0.4907532112912205,0
Freelance Services,3.378946244699402,21.61617308627381,5240.018147032667,0.5395827058018631,2.6336779882056485,17707.590745143698,0.8957046542002102,0.9181768085295596,0.9953836659799574,13.30436347127451,0.7443834902627164,0.888144983463386,0.5305090285507595,0
Farming,1.9881616713179313,14.294654363800348,27856.976997366743,0.7529985498124461,0.0,6048.7742341158255,0.709679999156611,0.6464842919639934,0.6960980397295419,1.6160286630128486,0.9125971010971473,0.2651683860365,0.17060984211384933,1
Trading,3.0586649394314396,33.879640110270266,44921.22768208582,0.7339581431035964,6.522700140892456,7844.819927169238,0.7639330127945322,0.5542757255098953,0.8656471131649854,3.724952170462259,0.5358340946121593,0.48087612017660836,0.175778071983816,0
Trading,2.1319829612266807,12.116421446080846,24336.197818134617,0.719040659745831,4.836991085643301,7970.50083767588,0.44748701595203205,0.6982932452477881,0.778691638553811,2.4994728805416555,0.6643951934968647,0.5640380251172775,0.283438988307165,1
Transportation,5.435199244239001,17.044551456814606,20888.415331552307,0.701264428445512,4.997614380142023,13598.886566040812,0.8136140725770943,0.772135221963783,0.8240112412198644,8.842959526192017,0.5490234448927274,0.6184913301107567,0.7719325343637872,1
Trading,5.904195205335782,23.113301327118542,23229.29976403153,0.7244124226251043,9.086572603000633,33803.13762663231,0.6087657761839405,0.6941881535831573,0.48858153663753223,5.340661110924771,0.7245804429066783,0.41595446430101235,0.4274308599410702,0
Craft/Artisan,4.742999411389038,25.13643915015863,36450.27263069925,0.8319676976918491,5.663782468104252,18092.963556950777,0.7210288984139314,0.4608952552260051,0.4436368989302313,3.929649300287349,0.9695142812623945,0.6166359742128424,0.3283837941282892,1
Craft/Artisan,2.2832189385241546,28.220612172345593,14304.672542407367,0.9059917755126685,11.685310944737704,7113.585884846996,0.7624121304838817,0.603583057909424,0.9489085407199662,9.620764319251176,0.3702775294673634,0.6538523892575838,0.1990029652845306,1
Transportation,1.3365557043070013,21.42797183194591,51729.25485476697,0.9038581276310955,4.28070050538242,14201.938987500322,0.9314944817848195,0.7979334210971977,0.6741234722261604,15.561397532614857,0.5532044566400175,0.3711114599846782,0.2564764031389424,1
Farming,5.948806142761906,26.407301606303974,26087.299209996774,0.9182352125834938,3.0871465127381184,12626.541119914666,0.8101911239404098,0.8770738435602173,0.5363666368619008,7.342770383072571,0.4836965958579011,0.3806967956056052,0.5019739495943474,1
Transportation,3.841790719461138,12.679134623776488,16086.515432244383,0.8647870821814878,2.227090876948237,10450.38845438902,0.735424282687988,0.6833086180407498,0.665281386483313,10.730133287611562,0.8465377952875128,0.8773745161786062,0.5472014808019299,1
Transportation,0.6924407733884329,25.344655682803058,49930.76319959495,0.6663192585752119,8.168253173092896,13216.329560471497,0.9023528373343724,0.8802683603477548,0.7958543188243612,0.4239031031262651,0.8393241320204605,0.5381141966371265,0.07643550573447389,0
Transportation,4.23853239194879,25.237833201251195,11500.870443068985,0.7198256446748327,9.454458167490195,22801.88176153978,0.3866724355498641,0.7930753129262863,0.39912206448933585,7.556689075517914,0.6609228129685755,0.5183655755705134,0.1063591732322806,1
Trading,4.8710086723576485,30.103093398028285,19823.7193492614,0.7243282008125235,4.216815311223838,8071.1520408148135,0.4346068636060872,0.8328085012008822,0.5413853641598984,23.259008275477612,0.8026657062747672,0.5902695210454366,0.49017164857774564,1
Farming,0.9537266607474507,4.65251206217166,19645.011435369586,0.9100364834837162,2.808051893619319,10486.83874892653,0.36559910423792186,0.6724772597870358,0.2926854998269347,7.506278703629366,0.7816931136595063,0.4343860357467777,0.7737303255783682,1
Trading,5.499509914251241,10.742535075191462,87480.22668189603,0.8311400458670595,10.590828666182494,26568.579161304657,0.8229807050850161,0.6615138977553984,0.7814236832657876,7.724075176241845,0.7500804211929838,0.8628197275911114,0.2514568495617143,0
Farming,1.1041311734015016,24.585127754938416,18457.730836752296,0.9457199593645387,1.6487943590534133,18550.906622122242,0.7816778364510634,0.6895383378266731,0.8470183285107862,6.71824291895921,0.48721480328088024,0.5777123444772548,0.3856048116206641,1
Farming,2.0852801296982295,1.0,8223.647535383867,0.8524275619238435,9.030660533600079,32708.107748473532,0.9769187242461304,0.7971754262506456,0.5934790223447193,4.6435348944796875,0.8847853489481566,0.43854842791038606,0.03229908755405897,0
Trading,1.1112926821139062,21.936049390306803,19535.755610974215,0.8698577520249422,4.2870559190314665,36500.995103832465,0.5726973272823733,0.5052458754119756,0.2836826894331592,4.058523514856331,0.9239930925875981,0.43835585380991593,0.6361307734432922,1
Trading,1.9078327786132359,26.478435399450937,34563.47235385175,0.3495522713241171,7.1912860713305635,5154.478440480097,0.8559610549998667,0.6133887717568844,0.40298254064803096,4.981376250974558,0.6389981253271919,0.12074461333541942,0.32245363506108843,1
Transportation,1.347323048470901,13.388998019596482,41408.70902533326,0.9127212997466638,9.230765166961874,16347.143495839375,0.8655248921994804,0.690325076519479,0.7343404618905203,7.205532716279227,0.6294286373862124,0.6368731600087845,0.5696651841264257,0
Trading,7.4371818056402335,14.558479999104705,94098.44791046724,0.7588156634548874,7.428768569062273,9362.151093167444,0.7838517637377365,0.6931768309018664,0.47612107434017864,2.197604772024044,0.4339290566989558,0.8118852999597579,0.2512721535341158,0
Freelance Services,3.1971523259612717,9.40690122208077,58325.44135584545,0.8932205917399346,5.114231811632916,5772.708455424907,0.5075923128935578,0.7680203206392541,0.6445116657217932,4.943255850767867,0.5506957877349912,0.8787954084773514,0.690535501592863,1
Transportation,2.7030714766065995,13.827623042148772,29832.61170530621,0.5846001440490782,10.188291783642361,7689.143140514808,0.6239368167661263,0.7100264988853731,0.8936008359351404,10.562913281343192,0.8766829689515014,0.5613314148301141,0.8285822251364768,0
Farming,7.900484819681234,14.05945198430594,16477.012271685973,0.3967711239032646,6.867304154788944,10823.361247993245,0.7711616606498586,0.7714006794409836,0.6602457190155707,5.000403578476936,0.8265431834215007,0.7183841756292435,0.2505582934631447,0
Transportation,7.637711804595609,12.537269804275828,65723.71427665981,0.6991555108099997,17.04752851794663,10870.799412081175,0.9107061680199451,0.8934299446044616,0.8077314224515998,3.9627472961523074,0.7026288721272762,0.7253272244382785,0.5911478603336936,0
Trading,2.872680162781021,12.098574577724026,21966.855921256483,0.5920001356790656,0.8845359980241838,8735.739848009045,0.9251413176647824,0.5466042646010035,0.4449589243701527,7.166178480859273,0.8293000980747727,0.8283627655789083,0.7197633177508145,1
Freelance Services,4.67921076751456,15.831961720892853,18732.46736508181,0.8670534786444496,0.8402190802910567,13232.762266579804,0.6038050351057471,0.7562343061158187,0.7473341848617475,1.1389819485260282,0.5203892787845144,0.5685499668511119,0.3425775266577283,0
Farming,2.4264841504870365,15.735165474751028,21388.515729642902,0.7275171979572189,8.982781703801175,74061.59112619873,0.6813113057863904,0.7542190622083776,0.43712975269119386,4.606116325025678,0.7960121296788547,0.675455540333495,0.31654254150960914,0
Craft/Artisan,3.567750660926651,32.993055198888456,13510.757089897968,0.6565241636937488,5.90474650180349,3993.195168344537,0.9616436904637712,0.5342103474199517,0.8130959202175149,2.0417571854106273,0.7962910811576681,0.47159869343392385,1.0767198121711443,1
Trading,1.5742560074155556,14.846518855063918,20831.86261023966,0.4649120382476096,8.37782818593982,29614.631988932524,0.5120133203649677,0.7862677336416041,0.8327499958728822,6.093762832941733,0.6563948994350239,0.46184151442202076,0.3814976869514844,1
Farming,5.158059201030213,20.75320172953487,23665.898723163995,0.768111049327951,2.704857330371717,13188.994102314486,0.6767775102553625,0.6914218099608087,0.9433729086106788,3.4963451214594268,0.8552450653245278,0.3462834694685561,0.3025097337933891,0
Farming,8.103837002410962,13.384936268189588,40209.60326216514,0.611210362095643,6.162398247641932,9832.856952619208,0.5670555753760765,0.7220424653170193,0.9400912099029821,7.309320282336419,0.7853245366852757,0.8463595569471315,0.14489064667706095,1
Freelance Services,7.19449461141995,13.283233793268343,21732.224015110965,0.7099033111253304,7.371952443348493,3252.739836322725,0.5302075523253905,0.8367489902055073,0.5296733742324639,4.6873859501241375,0.8212498403432059,0.5562503303983397,0.31075628863301863,0
Transportation,3.9715049411090546,4.365035698139021,13398.49166096516,0.6706999830840961,4.3688674688549005,22786.745742017665,0.8166863097872982,0.7488950257752836,0.27795685424895195,8.039936193523234,0.6982280948261971,0.6749743164973341,0.4405295640008888,0
Farming,0.6214067148828814,5.429070017511254,11135.854476088309,0.5178062023632838,6.695489117529785,4872.306665423735,0.6130775942664235,0.8474115739726633,0.6771153650850331,5.640666552934236,0.5666185027151655,0.5539051726499958,0.47825267425703055,1
Trading,2.33811784105806,8.344013762776003,30189.919647514795,0.7760190125243416,1.9154214573654293,23849.671749423804,0.7860663935493821,0.45718812560061833,0.7355343355560733,1.9020810526964413,0.5248371840344115,0.5175081549205013,0.15965589518405304,0
Farming,3.5644881220292244,19.469574678080566,27999.56405041433,0.9612586262408794,7.184468574444953,45203.581901801335,0.7025164115094147,0.6312487386329284,0.46078817808996747,2.081989419556096,0.7571185851442317,0.7111543653404326,0.27720364649628554,0
Farming,1.1911489127805301,26.609389242276684,19833.506002433332,0.8824493495621676,10.336344073111622,5442.737147823241,0.6018367639188432,0.36560205995717315,0.8849533036210215,1.5093637981390886,0.4110423166970479,0.8273932547211501,0.3617629783272578,0
Farming,1.0044158829487393,3.7066837848358567,20803.966543791328,0.960530518340138,2.2872661064460393,30268.184080116556,0.8236723354726202,0.7973091175405792,0.7266811879341586,6.574863944227632,0.8442619943193517,0.6234856464752652,0.0778679996031758,0
Trading,9.565509187143773,13.607385589209464,33311.828164650135,0.885238210225545,2.1061399679464703,13599.761779030763,0.6914112767383042,0.8525891971086892,0.6032448139925006,3.8392884912467724,0.7975869486464625,0.46584445355200366,0.4711121035608781,1
Craft/Artisan,6.649968813460847,7.064874325197213,57803.259137291374,0.9567675612474691,9.569763191112488,3084.2282954674347,0.5236821017759549,0.79798098183842,0.5705685539725205,4.006749799346638,0.9317508504922583,0.6340470772309014,0.4307917781575461,0
Freelance Services,5.432134618420775,15.885783246931602,17516.883718496298,0.6356628512546666,2.053086571811618,5748.120446795643,0.9037699624810229,0.7703094037021464,0.5040939685428264,9.689142627303445,0.5238193353609658,0.4872026938160596,0.3649971624738294,0
Trading,6.147317434738133,26.606155949657204,28251.351041770584,0.7215720468280484,8.521802935425274,15134.900539027027,0.8674478936203206,0.8388848162669709,0.47939050780621884,10.86511457569105,0.7875815841510077,0.5037898591652582,0.33569296137846855,0
Transportation,1.387892482953342,14.424940787136197,45571.997738941645,0.8386920281252478,6.166045457839301,17691.299993686003,0.8685136323130505,0.7435518980117599,0.31692216185831007,5.698105753635272,0.5312581858494043,0.8711787298201366,0.16363311680118078,1
Trading,1.8544425709893155,17.619864222402427,17555.75579042448,0.7464087820609037,4.746534171517316,4418.325782521587,0.6865385516134496,0.6458243858351945,0.544220292513478,1.8905206601730482,0.6362699519614524,0.700106064561314,0.5146551739232718,1
Transportation,4.484390744273914,29.641827171138512,26672.873042181633,0.8195432359855866,10.39957448401797,13659.541474727417,0.8467671054096821,0.7140839920275861,0.8435225165890956,5.818039208418147,0.5361007416622057,0.7435728248084109,0.2490214535103771,0
Trading,4.731841680724419,21.663207444063275,26346.8082684756,0.7884597227959177,8.784443425251077,23777.36061402016,0.8943528479698846,0.690508511608085,0.628740433120694,11.819941269396635,0.693009414678958,0.5781783974038307,0.21101653274780374,0
Transportation,1.1262006678659344,11.919265153465584,13079.319801637312,0.7175053275966581,6.8391468848756105,26876.3732982316,0.6679184816420841,0.6864849195181078,0.6377524961390236,2.795964196796395,0.672334798840008,0.5124883913679724,0.12471652005668123,0
Craft/Artisan,4.264501010978489,19.271322286685802,29515.603571578937,0.6043717692021032,0.0,10006.746784309504,0.7728750495692376,0.5010769422805116,0.7132632211130514,9.783911013884683,0.6295417682751506,0.9490985876207745,0.2560001301702428,1
Craft/Artisan,3.612428857417385,11.379607908781674,27374.017422495104,0.7616014259393535,8.136761149203146,18159.119131235635,0.760475499090628,0.44373177331099917,0.6873358173651537,11.08525832855663,0.45971352104138374,0.8146938403561811,0.5362954292540622,0
Trading,7.044465395085541,21.363856101887997,36508.35207174558,0.8215608583027321,2.7874202225429676,28302.481647893474,0.7278110200734411,0.5110329888749408,0.6092223009648831,12.343944749701414,0.39295622802940966,0.7227512511836655,0.2130142999819254,1
Freelance Services,4.748011091375434,22.122721232582073,14005.598743948232,0.8942129529630508,5.335854152310276,24263.27539277788,0.6774918464698855,0.731041196426099,0.3482372686779475,6.172692070298069,0.9413769112119723,0.4904916754610892,0.30405506913416447,0
Trading,10.269939867838376,7.062722396012379,27051.120640307723,0.7525688262092862,6.022002205288558,24934.459732978405,0.3703448444375608,0.569099648391622,0.894519241073427,7.27145295402258,0.7848981290249215,0.3926513716872929,0.040639270476788746,0
Trading,2.885122635566457,19.40119533908619,57523.78163956495,0.7927343146575426,11.691831963674906,14464.528644440446,0.8797956641505497,0.862367622186451,0.19619225609668445,2.996147987496057,0.7199831724310533,0.24412297879101238,0.11812268767032207,0
Transportation,1.4735298198016251,17.05941393603264,84341.12849793652,0.8953020896867094,5.240273826152358,12504.421541564303,0.7177183644201373,0.7152728125489983,0.6554187045169542,3.3057083994359227,0.48926355474335553,0.5177583747821566,0.07323349054851275,1
Farming,10.097149363715765,22.357419177376894,54397.370644460396,0.3521892680165957,1.731684491841011,16162.992617044452,0.8363666077023244,0.6407095093231212,0.7611904684964144,4.661158442832631,0.7300025796119812,0.7594618220413276,0.2904091093850777,0
Craft/Artisan,4.920505960527774,24.650776408153067,14081.408664360826,0.8988057959076766,10.40893112497056,7827.21385921182,0.6491202594013566,0.44275301699888137,0.6727164778970262,0.5713575127046707,0.7236796811585093,0.7940809191646443,0.34813328297141793,0
Craft/Artisan,3.627965629644576,21.81959683299684,34478.07780552401,0.8797677551600689,8.177196644994659,29099.215532595717,0.5129478237523888,0.8443986741418006,0.7626094381150146,1.5581193827252997,0.9047861800645963,0.4977650114143661,0.15538287808911022,0
Trading,1.9136683205630207,15.57445317296198,20625.209810292567,0.585731000120073,8.288927414814978,4576.623646973037,0.38538828526967017,0.8852710255816771,0.5753157017120951,7.242864302129721,0.7263948610412977,0.44762580782186445,0.3520654053597181,0
Freelance Services,2.9109399034664176,25.466640166912,31449.71896697641,0.7712298414537856,10.465254010587547,9386.077766169425,0.6586720112728186,0.6870212658884426,0.873998709656941,11.439850526236075,0.8189302263997237,0.3399564830349862,0.3733898066119093,0
Trading,2.7945862922729323,11.015497789517987,17593.42992862497,0.749720055062353,11.169626545898943,13025.054206174396,0.874188814275013,0.900853634632037,0.5457557876473186,3.352525316538995,0.4741478937932323,0.4678693368906431,0.2919584532945852,0
Farming,1.4157773586554652,7.435824053044005,10483.832703302556,0.9248846531283132,3.324797808451396,18560.21609376731,0.8231348208923082,0.7624194880500138,0.6599512424902867,1.30638362318652,0.7553691042661225,0.5612468307690198,0.1265546959181241,0
Trading,0.42650645591859376,1.0,22259.30758866165,0.8980302985402677,1.8270307417748466,21168.509607673648,0.816472882280294,0.9515480747363259,0.5757238998182457,6.50496793044125,0.6402465101158735,0.6121955408310921,0.6518847729850206,1
Freelance Services,2.7441450323076024,17.43887238610276,40031.88270116242,0.811058934211988,8.527407730565141,37884.233811719816,0.6785320712502733,0.39152646777879313,0.879017156778806,3.692602872111821,0.9395291677583792,0.274169578588925,0.8553059690400852,0
Trading,6.25201044770539,11.42762848405252,31520.70358275483,0.6027531542154272,5.212598049578805,14107.001024011817,0.5408648995487265,0.907560236379009,0.7597199991059551,4.318852163065626,0.8556018830897019,0.861820704479948,0.5543927036993719,0
Trading,8.55280641487995,21.182035808602805,33577.83054423381,0.817698248440878,5.484665990910383,8082.123328065135,0.6597105540563322,0.7074808364252466,0.9791125179106308,4.483777606572486,0.8342918581366814,0.8235704604103976,0.10516642386648506,0
Farming,7.225284140971822,2.230180847645059,30302.71761194252,0.49047169922120415,2.6349918213035206,12069.951404435224,0.7412216166101369,0.8338724471242855,0.5505787386503621,2.9264909454715036,0.8423491318575101,0.16254323652608224,0.07089175156700527,1
Freelance Services,7.500979894263897,12.822571592804,33607.01524342912,0.8424869199218668,7.751689847362977,10683.136088474674,0.7530951642284517,0.8317328809068516,0.49121433542036813,2.2713486396783296,0.6607406502330111,0.48385527267784156,0.8778243325299684,0
Freelance Services,1.5691524039440758,21.762159246915882,35998.46103503536,0.6313201825467151,7.2063935214324255,19224.74296317539,0.7404520347484317,0.7131502755009804,0.9072076242697237,16.744747167102517,0.514296826666111,0.20032978501680435,0.2921682281736824,1
Craft/Artisan,4.54361838881451,9.761310829208156,23130.91270119529,0.749893445476479,5.533505740056392,6330.286037238085,0.5797108265520592,0.823569613802171,0.8059060681706206,9.280012820844618,0.774435814061292,0.5461295154758139,1.3318123747699926,0
Freelance Services,5.460815024335034,21.274053988902896,28158.085143115393,0.7327244315591767,1.8349732570934183,11815.874408424399,0.8045949839420009,0.7781541467484285,0.5202443308768283,8.60530317744704,0.7478827768463749,0.798566363695796,0.1340217352384977,0
Freelance Services,5.698032686428977,13.543819239455676,70178.13723986766,0.8942076074475024,9.627450086419355,41600.33141679555,0.7211628484152542,0.6439938057594319,0.7508533802370692,0.18363803255041694,0.6313828244257473,0.25319220143562904,0.2798611278642082,0
Farming,3.569322008191574,17.73753352176002,29089.049193220413,0.5538332989644936,6.767113524722719,15152.131462783178,0.41727918718738255,0.8282462953336419,0.3277565564770979,2.03770324458432,0.4336197510604577,0.734349477035279,1.0386039347388816,1
Trading,4.162920039503102,22.761264051334845,27540.417255284283,0.6228637747175492,9.353531190468722,6392.924065695309,0.7429284971182082,0.6863004007266752,0.7664833922751332,8.167530752224762,0.7745806035455662,0.7858862307841855,0.5726995644459519,0
Craft/Artisan,7.085687628669182,25.622376184922505,28469.4391095835,0.7471344983261511,0.0,10531.760372910549,0.6772788046121547,0.7836644443916208,0.6157689671208993,1.2884648103186258,0.32257007749281186,0.719980133302281,0.6143743416090062,1
Transportation,5.3281226559030035,18.73993929056486,23864.57247395479,0.9669002338097473,6.170469458889839,2798.703926830572,0.8307348178965807,0.8861829426513119,0.8039883688728593,5.066195525697827,0.9586555971012302,0.6230581896236187,0.12131225068019136,0
Farming,6.006411717026417,11.487917640970041,21174.527811939995,0.7595774497099794,3.849303574000761,12820.464235892017,0.3393681204581069,0.9526597902895698,0.8147581134373126,5.218021262853669,0.7655680359119643,0.4381244097634989,0.5868989138404069,0
Trading,2.646986574001263,14.3356891009628,30175.124998242685,0.7907659692610288,6.108441861073955,42335.31779233358,0.5659288277345869,0.6994574618200193,0.4288829129747573,3.489058018886766,0.4106999894751827,0.6689656652265965,0.7323984672107123,1
Craft/Artisan,5.797280074050566,23.095642904695666,20370.7767168298,0.7524735935459456,8.82963169634169,5821.876566306739,0.9347827526278282,0.5486637100617423,0.6870814326868587,6.687575721189463,0.7218967829282391,0.7578190217122329,0.10010625592431502,0
Trading,4.123911958207144,9.829971332139147,24833.946055910597,0.8080730840791409,7.109842098589882,4821.147215409563,0.4307374015903755,0.7309814972285946,0.8861557810168607,3.042286558777162,0.7716092718880032,0.6101625478712351,0.08734804991192048,0
Freelance Services,6.623461548087623,16.575467226878356,17417.25937030011,0.559225512793215,6.054366702261108,8456.731143494171,0.6076440522029993,0.8942708802307572,0.44364126626399253,3.0423737007294807,0.5634959725088127,0.7486799482321792,0.6598943383129309,1
Trading,2.185514470378117,14.912927213108201,28549.836620514903,0.3866470988677642,6.038341305089208,25461.465675582618,0.8606941074412997,0.458251426481102,0.6116167541787442,1.8454123105765488,0.8442093740656879,0.6568384848513767,0.29893117121590324,0
Trading,6.272407173267896,17.173105733448285,37097.58749146048,0.6173591110661519,1.3207044668798673,44057.298701710686,0.6616383853395811,0.5656223539821948,0.6317050782605212,12.406268141571466,0.7063619208597741,0.8199500611499461,0.5529179191981166,1
Craft/Artisan,2.9413458242627404,9.925739766004982,23943.372137086262,0.6973317014583884,3.280295838556207,18283.394187567126,0.7449965292763829,0.5803092134780607,0.8453607888951448,2.1445031970851787,0.6543807808189056,0.512086150068045,0.4124948514787843,1
Trading,6.291498086251726,3.184445182303106,8914.120395118836,0.7322740807177361,9.363862633625043,5430.91656520742,0.8287975676800146,0.9216231348557441,0.8361313509690053,3.298847424721301,0.7032045436346801,0.6111617151563867,0.06392729187898094,0
Trading,4.564087966797591,22.16594092767715,37223.827121202514,0.5887539179207535,4.48338950442945,13153.492466647855,0.7679398239555282,0.7026354645409191,0.7870677145997306,4.718265263889063,0.6210386987753017,0.8655123627734249,0.3796169855934862,0
Transportation,3.911345098523804,25.71305138790919,28741.608159641615,0.8149270611910043,9.421257134309773,46751.32317212087,0.7654920368676859,0.7398268105840399,0.9134327157432347,3.7133743748810493,0.2917917673961791,0.8504178891912205,0.1561881297311933,0
Craft/Artisan,3.0639622787661094,3.662600340014748,15579.678791508382,0.8540550524864468,8.479112806441554,10746.866564348747,0.649469736423763,0.3700058758070678,0.8752538028173796,12.49139438388397,0.6623446119014796,0.5472826847355351,0.07381245870942155,1
Trading,3.6393710876949252,20.95140928740973,41163.1465277191,0.7577574591475287,8.637615331102795,14740.156066169711,0.8737007536415152,0.5797729421968846,0.5306201882631032,9.6129594762041,0.5538682449737888,0.8547168505104669,0.13059063681700941,0
Trading,2.7491259730519944,26.66546331876141,12467.320496546265,0.5770617194471216,6.99874316938955,15809.901861244602,0.8628300215556057,0.9211919457955507,0.8131946759952393,4.564907568882813,0.6691722015131062,0.8638428682635053,0.7240412870288674,0
Craft/Artisan,3.016055807361927,22.767288374098584,47809.239196358634,0.8064904751855084,4.69197530023649,4527.367521970867,0.5603179426697615,0.7103080928112759,0.6515892174396266,4.556122104904422,0.6074635342394509,0.6059181653630894,0.13306278387856596,1
Freelance Services,5.231837082225389,14.666638570591468,26067.59781926672,0.9438544210637764,5.546543819543683,26864.54586904615,0.8413805720236653,0.6303852866890182,0.8563369739648912,2.6000903195599374,0.7611392687780589,0.6240634132010401,0.13332224027267398,0
Farming,0.8177357378513853,10.452029041993939,7724.282433177696,0.7614850394614014,7.9211577017600945,24285.4631161523,0.8423456870602877,0.759775858650223,0.6980389690361682,0.39624675245234803,0.5586888061623155,0.4060635442701865,0.48221613722800494,0
Trading,6.234727049395869,18.647824634799914,29675.624769691127,0.6740904071519492,0.0,3309.3984725309174,0.7509257047468842,0.6833469937551117,0.5892072033853571,1.2429985046732122,0.5386583966291529,0.49789015988653074,0.29606353184547496,1
Trading,6.30427074451285,19.982280470775045,21516.90528660325,0.937740200564968,9.731329177883422,5263.459910443812,0.7370633908622412,0.7482420968556002,0.8110921077446134,12.18258555456255,0.8182845105377948,0.19075641973247237,0.2948548024964856,0
Trading,3.1337012801310733,18.76646008924719,19805.855187297217,0.9329776977370481,4.499641670398576,6776.458588589586,0.7786722493232817,0.617124325244285,0.6266431141934372,7.316441590495343,0.9095374785331428,0.6095928984850167,0.3194703569723122,1
Trading,4.239934051237984,16.558922959059476,17930.36334795776,0.642663691977264,5.741147522393774,22557.98698812864,0.840277728402691,0.672659296793482,0.5065167029127606,3.0850506844311445,0.7834554837271637,0.6391010628586401,0.03283148955484417,0
Transportation,1.7463181622566504,9.338786207017941,25085.1499613054,0.7934526428510812,5.767012381365385,7896.86836901874,0.7292337667095091,0.6466312641328734,0.8067265759616744,6.597727317408713,0.5378648549213213,0.7139574863177814,0.25386915917150277,0
Trading,5.003680886440524,21.381506330470813,20602.05743669319,0.4499566177283186,5.880502259712435,17693.37879996607,0.8157856970395351,0.9389130484801415,0.7992774617858024,20.07243153786516,0.571565874957008,0.6310126365283466,0.49116293177662246,1
Farming,1.936121568349895,21.766835955308192,9689.715712763991,0.9157888576659787,2.059074947825441,11763.508317334969,0.6920803030016608,0.8288904378000376,0.8321426413082127,7.9510225669673265,0.5808914453069579,0.8115621623325859,0.20538810481616251,0
Transportation,0.2,19.606577003693374,54156.71963282112,0.8950278401341893,6.455175101036881,14042.1700427831,0.5030155942413819,0.1123776935511678,0.9587644126966133,1.7782056203528678,0.7377802950316434,0.5461774492792691,0.2692072304511022,0
Transportation,8.342461371574835,18.88794916057006,23519.926787256514,0.693745029701804,7.783093896003004,18904.491167096294,0.5847627445609068,0.8928762643775303,0.537580931265244,4.158542833858249,0.6008163978668746,0.5318697650176446,0.3215277400715419,1
Trading,1.5828682276524921,31.433995901968842,17987.560979011418,0.8748796361341293,0.0,16165.48810665379,0.43765324614473206,0.694549399141896,0.7476338019095523,6.8033199052341455,0.6258344802667588,0.5813111639634115,0.6925849736169585,1
Craft/Artisan,3.582538410669844,13.004969723412831,14463.260792316614,0.8545846891619526,2.0976427271630764,13183.478384748938,0.7705491012881253,0.5511476530834092,0.8790068793469196,11.336652819662392,0.5433846776037541,0.7592943348678861,0.07735911059472404,0
Transportation,4.353718323984471,28.251480779653246,41105.723023285376,0.8897396396852388,8.687596068887391,16797.012135729685,0.5415031413357758,0.5322771450215841,0.47733412024528316,5.060101780638097,0.205149317762819,0.7220846518506535,0.0470282579147637,1
Craft/Artisan,5.223962395389881,12.127804246225299,13172.18142580007,0.8569343333471237,8.129391432293982,15551.003573783973,0.6779614105366666,0.6982727919678174,0.6177656223552233,4.266746406496835,0.5584538169346178,0.9513157401209291,0.24787384460476247,1
Trading,3.8159285325061103,26.871604583651425,28960.642036480513,0.4276527556637488,6.89622370587233,11536.060686082617,0.5343171882586657,0.8326967145252956,0.6060714146851662,3.0414191549452014,0.5646239763142084,0.7890519950640917,0.24273909702624374,0
Trading,4.6243222545126415,27.86694040064435,19516.061046803163,0.8793349301962721,3.95355571418298,9878.690252576227,0.8171370914183927,0.6836912574637997,0.7564000404612694,1.3860422673243167,0.7625989076338168,0.7404293224724208,0.2039170060059672,0
Freelance Services,3.078597182727495,15.655590372784939,20151.201365027042,0.7342469544497464,8.146837830780203,49826.88479278121,0.802275958688624,0.5683947924245164,0.5069994020935138,8.502777017987157,0.5511946038930964,0.6366864661679249,0.5091499620402856,1
Farming,0.9768286423096273,31.28770443248667,14662.408579619847,0.6673608439167077,2.3912979274326585,9799.695332903499,0.6208929841523384,0.5481298386493738,0.688961935844148,4.119951147104004,0.6299155629111929,0.7354686317632266,0.49291485539864577,0
Trading,3.710754056749902,21.752287093968715,19126.389547102994,0.5907192920536423,5.587991871100666,34783.43323868939,0.8382929196812644,0.42339967702007114,0.8230999395929571,1.3457327323827255,0.5878366552889549,0.3305350137881727,0.628341106858218,0
Farming,5.715580832494185,10.981820470875459,27033.897359801496,0.9028749575487669,2.0805211893042097,8270.163824653353,0.5855263799134681,0.7933302666501654,0.7043964717011855,2.6670152859025955,0.6965057420143238,0.8994457193124318,0.09995594981542086,1
Transportation,1.6685268354462408,15.006747244886327,30620.399755291342,0.780544168616159,5.513994171535343,23555.677671742593,0.5855810548894391,0.5488318012459479,0.3856912212869462,5.891398805821233,0.47254520294225155,0.7968242429108136,0.26655944669968656,1
Freelance Services,4.385133012054974,27.062098448853213,17464.475674573812,0.91612043425807,2.908827382883953,46566.224490703506,0.5635671374388089,0.4110815540669739,0.6424196465186416,5.158439802401897,0.296690300460898,0.9222845747634423,0.43518100993482883,1
Trading,11.577568713361112,25.3845176150132,25590.745946719926,0.5083753484721559,8.26743258243076,10548.568676073144,0.6947025640756932,0.5731002928556902,0.5136205553756212,7.63837384259478,0.5655076710919721,0.5764986205017906,0.09703083851162074,1
Freelance Services,3.5361293062767105,9.535676788965674,43855.25965079758,0.4325778478630984,7.299545492355348,8373.485386622453,0.7585290036079201,0.46387374521285635,0.7404765410606462,3.263557319131884,0.744984147806297,0.651291892775907,0.059450697033866906,1
Trading,3.6696946840323617,16.885941502476022,10781.147583616532,0.7584709056856968,4.288273259247774,9892.570160483267,0.7197890578997208,0.7993695190057826,0.8250608824650438,4.6931479986372135,0.580687743668215,0.5631229405447521,0.3446527943697809,1
Transportation,0.8984826899724807,19.628183862212094,26810.585357014905,0.7103544674218871,9.27089764941824,13179.826653648068,0.8034694130154564,0.5017920360618222,0.4526597864396143,1.0622686509385906,0.4465300314837662,0.7611094195189587,0.4752707925807297,1
Transportation,1.500868114032735,13.939163287395129,15947.682981272423,0.9327600948478527,3.1310539297930515,16735.875652535175,0.8091761259469443,0.5758855039513376,0.737780918654094,2.8790403994561746,0.3643240351521667,0.7079635106844193,0.45281267996858793,1
Trading,1.9538831564009325,36.862397786997754,15078.477958527157,0.7923764990158448,5.894146594595746,12990.868509180085,0.8665546457392748,0.8228322754296128,0.8704873191651495,9.73800083014531,0.8581329009651215,0.4027228169684415,0.1552599904416679,0
Trading,5.566533211476619,19.869309947242606,31056.280335707776,0.6346120360147397,4.155536017556815,9956.797953520008,0.8117548901316087,0.6704269433870776,0.6452944227239907,5.689128151449715,0.8979722657547174,0.665571250388877,0.21823420289580905,0
Farming,1.7680928505198643,17.505502472775607,19932.596630127737,0.8170399403122767,8.227115304133449,52479.573698767505,0.8642376407224996,0.5483594212941569,0.5496627071643418,3.7955084011842777,0.5697509954630088,0.6559810414974214,0.273647548953205,1
Freelance Services,0.6098030337256332,27.52680835406472,13777.033981371922,0.811777681073626,7.930327366774041,11610.821407430101,0.7625811144166876,0.7081324909845043,0.9559079582397506,8.28953448941287,0.2674295174813201,0.639064922374686,0.2594632894115427,1
Transportation,4.9331272488140705,15.07829172128932,55734.56308472364,0.5286039754250147,9.905869618428099,8655.31650521998,0.5980413199530193,0.5587123032004112,0.8088076459960064,6.214167925623819,0.6862106428494756,0.6759650608946278,0.4712319412797036,0
Freelance Services,2.104219550656115,26.059420884938582,44624.98722835209,0.7840767926837744,6.248953345731884,23893.406407040133,0.7709572246018132,0.836093404904282,0.7556194792272597,10.21799424301946,0.3375806828895041,0.501035450383261,0.18399197336062895,1
Craft/Artisan,0.9344383310444411,4.6581408353361216,9294.998362657188,0.42537883737586435,0.0,24161.242039463126,0.6977484176706926,0.6388816855714403,0.6007177155916886,1.697847980320319,0.7982892007483234,0.7255010794751819,0.3809253873519012,1
Farming,6.027622393505442,14.37076763003547,11956.908764603253,0.8891811572669172,4.707394590797147,35908.97573986553,0.8245810253043695,0.6047834107303487,0.6733892528476558,6.484109960427441,0.6377988615402881,0.7947991886852166,0.18579456357057672,0
Craft/Artisan,2.8183214947049526,26.392563347017976,37287.051076202086,0.6682050678190057,10.69577911602867,51508.62927403362,0.9018772196963748,0.5855212163479592,0.8121714531089793,5.563468821643784,0.6334328777851762,0.7743186022370795,0.8368602590649901,0
Trading,5.250476466719468,30.561581764717367,23001.607685301857,0.6526347989768042,5.025016073290249,17024.187639998327,0.8239863699467178,0.8205170132033458,0.896008146332245,9.462276128085918,0.5101845965633665,0.8251456116586698,0.09763468519525512,0
Trading,0.902259030119651,11.813634295952056,61409.26843143566,0.6249594298620659,0.24739137462705774,10918.588995891274,0.8042169132480375,0.6653247739014528,0.5123787774853878,2.6564627543346777,0.5348450339790338,0.4514445130244755,0.0467788283983421,1
Craft/Artisan,0.3739879240533181,10.881426910250813,37759.22211191599,0.7081501779201648,7.3479955631387455,3527.8152644539045,0.5347248250799775,0.5296660324858158,0.8428507491161248,7.01337427553999,0.6278685963791865,0.7884594078112325,0.03408933651881763,1
Craft/Artisan,4.098229558014555,22.539571442963673,31720.106654584677,0.7421381932893479,7.57217811703453,6929.2302235149355,0.5638157385988938,0.6763555722814754,0.7789075510139724,0.12654694581521223,0.8984450405918134,0.5933274937132879,0.3098385471673262,0
Trading,1.4535470956143735,13.015728840658298,15336.264314718504,0.6934291960378706,3.8184030644224833,15459.720419120373,0.5890441262861348,0.4183253342518618,0.9723738920274689,9.052072821150595,0.4413200510669314,0.3010466444014638,0.22646733917257575,1
Farming,4.056851682061117,15.851376657956848,35252.515315948105,0.9083455912042459,5.25975268472342,5844.99318178472,0.5853823734516121,0.6890202292587901,0.6765785257699709,7.594873318331059,0.5198895011217539,0.6193688692939306,0.2809226449123783,0
Transportation,4.1191801536743755,25.011240197897262,13337.432369406579,0.18973321018395511,3.45811218862956,4404.644237254893,0.9156412640105835,0.8521882063153983,0.7559390231393988,2.0600987194640976,0.6822366653894056,0.31822959471734014,0.3488088170043859,1
Craft/Artisan,3.7552198112913353,13.647182547087905,55153.996793287384,0.7167524062810361,7.5677090973483505,13989.74061110833,0.858550749814936,0.7211078009562003,0.7264801091140579,4.698337608394372,0.8407033885565155,0.35001564969186544,0.11587576788215447,0
Transportation,7.462125705690942,2.2765939877145147,33934.11820444734,0.952908346116189,6.169798349901529,23011.08771585229,0.6256811718290441,0.5772775196651524,0.7221894050154292,1.7384745269977318,0.7714047173359535,0.7133707174618936,0.16846694206874643,0
Farming,17.913293466826563,7.59132451515295,17091.613486214053,0.5197026389377609,2.5026745093917633,11242.599487938913,0.839300830233989,0.854574426197554,0.8495282134375098,5.568356625535919,0.7624859883984751,0.4910587682593545,0.3822192659156438,0
Farming,4.8736387370316425,18.079644685762247,41880.37359171626,0.8132825965466178,5.971368518333363,25028.021143428316,0.7849043985222406,0.9243839626160222,0.5243683876936569,8.744035735005298,0.3280425484067137,0.6889823039630906,0.41654195229051816,0
Farming,11.570349254594916,3.092614812216924,92303.6245568569,0.8526870181837439,3.800926882898481,20570.392728242834,0.6388954534794337,0.8155518437165291,0.3523915770337394,8.315522120752135,0.7486159075000496,0.4533900535816483,0.45890344578936404,1
Transportation,2.8771523600444846,15.622716661621435,23868.397798449747,0.23835537634748277,10.383182081386272,29865.621616658427,0.7638234376783097,0.694827768050846,0.7318828258450056,6.451278530919563,0.3462836291815794,0.30316018900571956,0.4607522275152751,0
Craft/Artisan,1.2152379153998867,6.863227870048064,36414.679464862194,0.7862659810776054,8.681093199625227,61169.67999856434,0.6554365652805422,0.8763181510063035,0.5086885826427069,1.151312074680774,0.35064622854076655,0.5372286677504658,0.08442473717978323,0
Farming,2.2213150086474758,31.119512054924787,21215.63893187987,0.5884598394483997,5.63316196821871,83267.92071065084,0.7126990741198594,0.6219866371667027,0.7832494279266046,7.153378328517357,0.6675323923792842,0.7757719086618302,0.9044541837304046,1
Trading,3.009592021591549,35.32114075812538,28196.23450136426,0.7932781102760165,6.243192463783866,22296.160808055844,0.9053348311541068,0.7668066592232513,0.7016257623398636,6.849326393776826,0.8491927557773206,0.7787323933865551,0.3683369952805021,0
Trading,12.191764236352135,9.534423181263453,11743.098578408504,0.9004097116414569,9.041328683813937,9682.785208773235,0.3755245500367309,0.6603213984451954,0.8115354455181675,8.14337498184092,0.40218026247169614,0.7190593284483344,0.17653401956666828,1
Craft/Artisan,3.910896685036537,20.054069440303344,26895.352134894107,0.8662683505053482,5.479168831825296,13950.70216742347,0.9001998405782349,0.9279879002421101,0.6258960948527332,2.4595844099805113,0.7730602697143271,0.20760701048655072,0.5854449619788408,0
Craft/Artisan,7.644368747688775,10.316770144025181,27555.77830443274,0.5670018155116339,8.275177573390465,40186.170965455356,0.6597359222901861,0.7720317876061242,0.7977336176868558,3.2336521057258403,0.8020577636512407,0.42314427422217055,0.22411180638350353,0
Trading,2.6963154882025853,15.525475183563909,72362.88271739935,0.8078220405631972,10.432158388606037,7149.105559541488,0.7661203213449892,0.6818931346361612,0.5485060784171397,17.774299432432336,0.4983936082430499,0.7508727075738979,0.6968837020028514,1
Trading,2.4471407008925534,32.42775462364644,10024.108173950704,0.6495799741836371,4.527353802452112,36804.03510174302,0.8295201871136074,0.5753243735663397,0.5030574961160857,1.6589467086025684,0.5084004820890486,0.47005172126380307,0.17865502744614206,1
Transportation,0.8650187298231448,14.266491618188118,23052.144880757613,0.7253170539117841,10.938435302757902,11861.500212974244,0.6983240345370023,0.922615238600049,0.570751035172546,5.912453870933682,0.5386819431368614,0.6680376019058912,0.2542131243602186,1
Trading,11.944488774601663,15.711700302103091,54636.88427356647,0.9356237362100027,10.065350671517546,15661.929375886917,0.7061534420875303,0.7727966278837329,0.9404407794881541,2.3508430918629046,0.7082015625164394,0.533658795805061,0.1211050193851747,0
Craft/Artisan,9.321654499095208,10.459765862178426,23553.405054888965,0.9587558355009724,6.745676407142783,7590.241641956529,0.7508387791630585,0.7508644481695064,0.3120409328804203,4.198904000309646,0.7614219483537848,0.6711413959895234,0.2552589206011312,0
Trading,4.417042565743233,27.169515021318908,24483.682564238225,0.8710418925101722,4.6682639943192505,5289.0417151421425,0.730372013409736,0.7508757072745318,0.5984186212218001,4.650614581678982,0.5558120838068114,0.7272902078208231,0.15139411973799405,0
Trading,3.1449035259567664,1.0,17012.566167782017,0.6519364095375816,6.708334614261446,10990.810512816915,0.7720818893514771,0.8324138061947618,0.9175151820787415,7.037242764427443,0.8856512870095493,0.6485245211109828,0.21203410121121308,0
Freelance Services,4.018529072820802,14.457621427747032,16107.931039933317,0.7755637239089522,5.266497312366592,33259.91463126727,0.7451168084820203,0.6326387082633085,0.796601731592829,5.211751833209757,0.6366456945188527,0.5682918056777646,0.7385827381553841,0
Trading,1.169564284359221,17.63291124691633,9855.455402236541,0.7881349305409395,3.621684432188643,8173.296605875736,0.5057550455403472,0.7338223492456666,0.8710246371844793,0.6092309168132801,0.7157522154384116,0.5180202146198212,0.27534096453114637,0
Trading,5.243689995905751,12.711381361192686,19033.03844875307,0.6304787628139483,7.596825585981048,41306.07291204384,0.743971533106571,0.8597481879040203,0.7834223518133613,2.592972409422701,0.837698914360352,0.3978824618316313,0.7541810663163534,0
Trading,8.83092684269647,24.90836406184934,15612.930368467441,0.7982994780744893,2.929427102023083,8946.240195466193,0.8610964348041914,0.41938713577576653,0.9396228080185004,3.9044440287813944,0.7022261576128497,0.42411760321141156,0.2244923573495527,0
Trading,9.11834767654466,27.616218271763792,28707.72009725721,0.8708434573486897,4.984336230041563,6324.846158500583,0.7666227773660311,0.51845325611775,0.6663695143779745,8.955985830355669,0.5606278727771319,0.8485250100347548,0.9478618608838654,1
Trading,0.9026729146381446,6.703683896963881,17444.548791713984,0.8094750238115017,5.023794918578302,15955.293499621768,0.41184727776947067,0.8141428979249026,0.6714943927660159,3.261000446186742,0.7935296356519301,0.413108290967121,0.3721106780458192,1
Trading,7.59826811199088,34.74789323016644,20665.583407584414,0.8615494524022671,1.9042216296871706,21490.159065685533,0.730404983246135,0.668237428414618,0.6065253378872385,4.92987389829478,0.563131970275103,0.31758267105682714,0.09894234643711644,1
Trading,1.1770596325511722,6.613929405171875,20979.205961217125,0.44578871798390124,7.975416069346602,15239.736538090792,0.48992637768162284,0.6764834392039679,0.5416017624418266,5.786064237165559,0.7262113272392806,0.5689382096096453,0.22171351808311957,1
Trading,0.40902650560488685,28.309045453406732,26199.854852169035,0.6032287727802678,5.314985878707632,14848.69671254441,0.81681036638761,0.5428226920129068,0.6629497328347627,5.601533053604956,0.9652995705308121,0.6557882775274659,0.3254812874272597,0
Transportation,7.786013528812898,19.198621588285555,20116.844118975332,0.7449314911577981,9.89652993028317,41030.548255660535,0.6140000988126126,0.7527267910110861,0.7791513676681664,5.011858824356668,0.6972739798516777,0.3528907114484996,0.23813862697225532,0
Transportation,2.529201542878398,13.970391223089482,15003.182894399572,0.8577009645174906,5.266040991380198,14277.500466952357,0.7787072855656129,0.612804636692651,0.5378446958311031,2.0827272100603356,0.5529746871158128,0.7456303175782196,0.1717514468767156,1
Farming,7.080502628028925,14.72506456259331,28202.659025666107,0.8256168471315963,4.780214473427511,9611.49685724042,0.6139615017745442,0.7515185627559434,0.7950592612894937,3.263403668826369,0.5399542821407826,0.43446202891827307,0.32935123163455604,0
Trading,6.668380581177631,17.73189767471749,48393.25719978233,0.7671939972985836,3.286071855457416,6044.604408053136,0.4964659108298458,0.9163506607989652,0.8013728622385903,8.545777786797727,0.732905516154911,0.4591354870981467,0.3522821016967665,0
Farming,6.115468391847947,19.667342894910256,28872.83329727732,0.9059073113310061,6.117087618087879,32582.96818770416,0.5783122499207451,0.9113151393930755,0.6273324292752249,9.723701037378847,0.8021163200885404,0.3290251096504185,0.4786662139024455,1
Craft/Artisan,3.983298604943099,10.638765189027797,19237.153359179065,0.5199366251788713,6.134034696617055,9917.194857556053,0.6864273557573168,0.850002695894817,0.7474155339130581,10.568040145247352,0.8180784331291718,0.5176550539023234,0.5911689227452219,0
Craft/Artisan,1.3037905100337437,16.128480338572878,25141.357472312342,0.7374934642080787,8.225300205700496,10618.233121340412,0.7497933217383641,0.6825409768607131,0.47273081155432434,2.866592960746236,0.5279042787846376,0.6139099934398949,0.463487797813319,0
Trading,3.0145284710934237,11.834617416579242,8709.345959800967,0.8312770438611728,6.201056971000012,27898.147940598075,0.9437017929620646,0.7031470647593032,0.8096635936133219,3.6212163508639774,0.8166612712274984,0.7383026238366298,0.1873397823673314,0
Trading,9.216507828086273,8.279603783409017,24917.57078852561,0.6530534789659344,12.281753086663679,56269.248458216825,0.8475252711614546,0.3450616161477561,0.911585104968254,6.408931259588272,0.5773649757410918,0.4844406637815167,0.6406415579528345,0
Trading,7.201446407527931,11.461506380336822,21586.104943075363,0.7644623095658196,7.368651792362254,15929.56888869881,0.9043583363497281,0.7585194810448916,0.6183419219381592,14.972286611674402,0.49103594994662736,0.7496969234212751,0.15477593390443764,0
Trading,3.1359398479927925,8.800202938436485,16100.358263180242,0.9008172770198896,3.0394890463317648,12138.05950619252,0.4468439174458991,0.550996529631204,0.6298244025811791,21.36518411752391,0.43985463263969565,0.8229517884071166,0.5186592842476853,1
Transportation,3.1066422779451375,14.638760697995851,17789.183912387485,0.558000258895918,2.785570971103142,13306.970403070382,0.7444999147540156,0.8669433474420496,0.5894417745094894,2.862309151296334,0.5840541345450649,0.79646716878892,0.28853012845496506,0
Farming,5.754256715876083,21.459799243747323,21469.12260945762,0.6925093124182319,7.604392406537142,9712.055236040951,0.5970776487555516,0.6385379730101866,0.8424900328122923,2.529420374971394,0.9746192174133952,0.7907941708087132,0.14420042200506192,0
Trading,4.192324664909386,18.9656828334237,46437.01010290826,0.2683585206840742,2.945015656298935,10414.005314362645,0.8944472502446548,0.8458134224982226,0.5141297590843591,1.3922185790189385,0.7251429690871031,0.4093292861950607,0.12245246571633986,1
Farming,3.259689604912155,33.794758213285206,49051.85237072971,0.6492086440241261,7.78453315362197,10453.138408878574,0.5693781993059903,0.7854832402868908,0.7957062991450395,7.294588670465009,0.6958408869273525,0.5678580572882217,0.34170921401834853,0
Farming,5.432433136437418,1.0,16147.671862577203,0.38363839444474496,8.686917135019254,25273.448433430687,0.5833224671146922,0.7622232949166636,0.4589207031048074,1.1903815563581648,0.8775382349086734,0.7240450088415702,0.0967545404069393,0
Trading,5.309956749789394,21.754727729713508,20232.74164519656,0.547290517298364,8.759226528531997,12560.102303885427,0.4167191094232379,0.6390560600786722,0.8887507712102433,6.752820290894714,0.7435589131546313,0.6496312316519081,0.33221133405087366,1
Craft/Artisan,2.271463653144286,18.051361908194817,20518.363066013655,0.6533371767528916,3.3924382493229874,34596.87672218776,0.815822355618578,0.5399588619212509,0.607221944514166,6.8840576307930395,0.5062086696887476,0.6439894356298184,0.39988497909346443,1
Trading,4.795488910014026,24.525362738975737,41992.65636614287,0.8350113660335416,8.764413524842592,12315.402429362677,0.5735042283263341,0.503120385492639,0.6373588445910756,13.453783315808792,0.6580633151079622,0.8639447322922642,0.7770244412763984,0
Freelance Services,5.091006903007512,23.73172163448327,29144.707195288054,0.3472691693079805,6.9677677150495585,10332.810475152262,0.8640939648985381,0.6170399314489172,0.5861653510695235,2.4629273278582597,0.7336466802468723,0.48665430986323194,0.13370939221354375,0
Trading,3.767809932196164,16.680065998918582,28311.813210137112,0.2724512803384861,4.176386817856263,32679.80241407014,0.831009941086076,0.6402511032138558,0.8730696375447305,0.5983967670120718,0.767202695313495,0.5567120925705816,0.3023495901559374,0
Craft/Artisan,2.0776316320831962,19.381210278854045,36132.37068413329,0.9453460640606978,5.52179656250286,13562.786218636911,0.6473584039735005,0.7498112956821993,0.1832972614229879,1.5015829437216577,0.6359036220494645,0.8306858985902255,0.5799249749524487,1
Freelance Services,2.9434109170661236,12.047446296652122,19379.52984553148,0.9026522951330588,7.413839278542704,12228.150772437415,0.8079299623126364,0.5590125941979073,0.7549177073879518,3.9488761646081665,0.5417705614546715,0.7626385458520551,0.14561538508029695,0
Freelance Services,1.7407146038419739,22.909439834835634,56961.883687459835,0.5002679866334625,3.9814467065268264,13677.295167747614,0.6867423190745929,0.7663070764612626,0.7653368878555283,2.418051678400091,0.6996603920788361,0.6259840949020309,0.40178826337704543,0
Craft/Artisan,4.886359545999383,2.9689915830183917,26877.383192238187,0.7158952447993875,6.905578357268997,37296.49596361469,0.8717720235856202,0.8327849726251271,0.6927549024498338,3.3085861320447902,0.861519323447654,0.20912027320739024,0.5150172360321105,0
Craft/Artisan,0.9079279584050206,24.21461150919454,16801.915127761906,0.9728752979255763,10.336805845618063,16551.870776156968,0.9164092909614576,0.49282121127865147,0.734550819759352,8.457643880133492,0.7356294367021233,0.7782325049641062,0.2739724201365442,0
Transportation,9.830475058507016,17.81461244611112,23711.083259999847,0.6472186680253523,8.892168391068171,32036.744615086773,0.6277004081643227,0.8680021822336315,0.3469673092789182,3.440796803195558,0.8283509321707656,0.1383796647303567,0.3326496016798863,0
Craft/Artisan,8.564616338893279,14.10350369735129,52974.215720351065,0.46873451387660514,6.245958580543185,11336.27362167437,0.3498629516790878,0.600808604586123,0.9296282734372168,3.5930344669843266,0.8770783743018851,0.6388673291231127,0.2554196237862495,0
Trading,5.174760045237177,16.13973440442619,21293.812684626013,0.8139151901554355,6.702427826043533,28640.661992195186,0.48471153504350284,0.9371306393264016,0.7227434106643787,5.779562413727129,0.3823385715075073,0.6615421344635549,0.6185970413790739,0
Farming,6.925776248421135,16.726430123292953,45354.142182945834,0.36749737704412644,4.385811185975518,15778.118995616487,0.6039907054969668,0.48297852106385525,0.8127396513482644,2.8684905279921487,0.7232915092407387,0.5071902659354522,0.8021437179944098,1
Farming,6.623228144276297,28.37843008384401,19073.58769775942,0.7522824068307398,4.470310778299009,24780.267828722936,0.7605959024294774,0.6489650052253291,0.7120922271469003,6.826178387376503,0.6827837274680797,0.39986963929742086,0.24246904306456485,1
Craft/Artisan,4.2383227957902605,43.8679493059881,17656.953782327666,0.9145957538367383,1.3884111134897577,26282.33621390991,0.7989643135002459,0.6645607417494706,0.5550113820107606,8.711071565798637,0.4223058375000346,0.5952348569282118,0.15628520854581712,0
Farming,3.3280535499333865,27.758966593203056,38668.421956889964,0.7158868854515218,6.7533291603682315,6910.977232305511,0.7866440738209727,0.5267949352413116,0.9029824500977742,2.5265418522369174,0.7210543289891671,0.19831283116501242,0.37915315947898365,0
Farming,3.0516845504142225,13.47739371288195,16635.84679615544,0.7089411539474731,8.04749529479026,14049.896728762213,0.6537950499179701,0.660756088517555,0.4198468481433982,12.769736868229181,0.8831322666730783,0.21238320432406438,0.19755605048247382,1
Transportation,10.063096219367253,23.038254594282233,42293.85732511125,0.8553386180650389,5.787469542950849,26109.083688036135,0.627095512880128,0.772048777858918,0.6858778409344,1.2695520356675347,0.3455366335627599,0.4994448305373503,0.2811812743909537,0
Trading,2.016317335339521,23.386633328459872,32643.280170969858,0.579801565153588,3.368027414597276,29188.78265549701,0.7351313442722713,0.6709672208104209,0.6152279510096108,1.5786686878679548,0.4024595825681226,0.9574548956803413,0.8159382589704215,1
Trading,2.0494535861643586,10.598714220422238,16639.311478794305,0.9414015795779326,6.198385426583546,32125.459762068036,0.7843379127244797,0.591201472636084,0.5614285073933099,3.624169752495197,0.8878502164925217,0.29896934544893355,0.2006338016688597,0
Farming,7.33065028717116,7.913605622234547,25866.565096223872,0.6473509821547165,10.025293703428606,14375.913443922218,0.3543612684722352,0.5300500666933382,0.5744930696246425,1.6825352184698978,0.4187860725556239,0.5177904190011059,0.07893961931080819,1
Farming,6.881862521365599,17.49375256866569,19894.013577259648,0.6703976466737944,8.693944962708404,39267.272055707144,0.7333874003875185,0.6102287296854042,0.7336703687109025,5.776368226873929,0.4613496621299038,0.40310603896482133,0.27449997917789704,0
Trading,3.184599333724948,24.461660821611478,32595.74724272566,0.5819473926928818,5.911576908221074,8433.400928639816,0.6545785197251506,0.6826751435930294,0.8602227961427292,20.208154435932865,0.556956758291106,0.7821412690766469,0.10623991607520282,1
Farming,5.557309588121379,5.105533859188572,75984.83308832376,0.6385963785351764,12.142291205239147,4692.235410315556,0.9272614037443706,0.4844075895687779,0.9719437538683399,3.6582563600446836,0.5764178425173465,0.44702647112317906,0.19538215217469546,0
Farming,6.057998190792891,12.232817058764752,21941.003439690125,0.607395051138213,14.096150969669596,11000.24005037112,0.8251996116238478,0.7995418022102484,0.9431907916848616,3.4729302956802743,0.6357024906177432,0.6268184224410311,0.07062596893460793,0
Farming,1.2454824930928807,22.58121367192325,36082.993914368344,0.4503290635371112,4.5595721563892235,30856.095627658065,0.9358433217490092,0.6962723940059494,0.6928844931587683,1.5790399630021248,0.6388459838807643,0.45803122017854353,0.8129445877478642,0
Farming,8.922542487770693,18.333788906164642,27267.269784584234,0.9244070502469083,5.262345695489094,6245.740436432839,0.8844244773199412,0.8936734723593343,0.5703725400019274,23.17788598201054,0.6126260892540841,0.3674236729037263,0.6770826105546809,1
Transportation,6.056575207782055,29.330188964791965,27261.527459689467,0.900340019490175,8.079993897724853,4774.761915223521,0.8827021906997468,0.5839985343374977,0.794914589508169,12.623186085842852,0.6883179406436748,0.46399257112099745,0.6805051827380556,0
Trading,5.240792295844645,6.709060367389252,24566.455249013365,0.84176639771762,3.2610708985879504,4006.3813583433252,0.45140785600518973,0.4494748244054693,0.8378380291635505,9.596146799678671,0.553222975409838,0.6508497799234713,0.4667217651066455,1
Freelance Services,6.088167818746856,36.817319467595645,16788.013095537615,0.7861801527541395,8.547402700376146,22362.953317452473,0.7479321090585532,0.8199453261090249,0.7671710908907028,4.2702397572679685,0.9099383191221285,0.7211534938533523,0.5077078691346364,0
Freelance Services,4.816529355559505,5.696060451443364,32348.63072388282,0.9038709646594746,6.304403080384434,4849.722143562814,0.5354323801212516,0.8131104229107536,0.8064135949494043,10.506213018642331,0.48372980114356484,0.8663973422693433,0.1363877049425914,0
Farming,3.611691889355946,1.7666902493739158,22952.727128195333,0.5643416930662138,7.114915468460758,19620.32363638472,0.5959862798404655,0.355210084149743,0.415408166245639,7.374741741848425,0.9431139674956833,0.8132619308196202,0.11245473098909757,1
Farming,4.265152768666281,17.528697764021544,16356.16147473922,0.7914231713328695,4.273686466803018,10618.355053893256,0.6932074927502856,0.7782472641126104,0.8759293817330546,2.886422840326351,0.7098148338582048,0.32277431550077507,0.2771817506355679,0
Farming,1.1414153675923153,8.924328574031925,46994.94370858442,0.5025293658112692,3.636889929161194,7789.884183672342,0.8104871205680007,0.46851110354878184,0.5535574127508528,22.76773168407277,0.6945637277035066,0.527348703497167,0.13523207441450516,1
Craft/Artisan,12.63172003946172,17.689954687640967,28408.830033188282,0.8760030806948577,0.04360360225343918,6640.180143869041,0.8498190277445764,0.7971310515123093,0.5905070692230464,0.7352082975806217,0.7256104551984695,0.9144406087393872,0.259368998761617,0
Transportation,3.56735396386793,17.410184968362667,23731.19184619471,0.621763762980231,10.454342689372904,15435.164407358488,0.7307715645304536,0.8286902455540804,0.45184833653057094,3.912705933502805,0.875698767109987,0.7844525705613704,0.20753994203271323,0
Craft/Artisan,12.495444999545532,16.43380630314055,56220.18516930456,0.7821347698983981,8.824339329140734,7880.050015896212,0.7613356362712225,0.9285637147061191,0.5135556113436522,2.6263620389736837,0.8377148347197181,0.6707929845384156,0.04445337464424583,0
Farming,4.316584023679683,11.260711742425766,9800.171411321286,0.8472559318772024,8.020077018777307,13313.30291123656,0.6922078950270318,0.5371183946117216,0.5303529270959843,0.2980806124852277,0.9199095198925744,0.47887740972263654,0.7076597357077402,0
Transportation,2.4292342644452947,21.461249220637526,54179.15081165232,0.7963356336878742,7.044978452638438,17694.063569311176,0.9052265117373841,0.6245939207936657,0.9334037323721963,0.7249106616780573,0.9474544018847489,0.45890865574753165,0.1903784062293031,0
Trading,8.757709367218638,15.461303081862644,16579.074849970704,0.24160383990402462,0.0,20514.000103546718,0.8407394592001524,0.5006320573664659,0.9480028884829329,15.02536565965279,0.5213397589015006,0.305818864401138,0.25861082102216437,1
Craft/Artisan,5.096657940679313,26.82931896603811,30222.528336701445,0.4385738782123473,3.7466964749397587,25694.295679848386,0.5484096573595039,0.7185051830379553,0.9320670164855693,3.2884582736754595,0.5203282892321499,0.8150382942956408,0.18153551591572648,0
Trading,15.527066190244835,16.557021979773545,19468.73131514374,0.9407481894260572,5.231757139093398,14992.567266375783,0.6802150415772569,0.7264082822819377,0.7710179387358279,4.06226080734175,0.627653879194798,0.6179811109732243,0.494004338796114,0
Transportation,2.38005636809726,10.282820617067284,16193.24449473369,0.7770291104006203,2.755960942475917,6405.658141492037,0.6231061138553796,0.6734085251799736,0.8180507631280565,3.373559421037173,0.7358010911690795,0.4147227352666225,0.051900754991537644,1
Craft/Artisan,8.995090901739433,4.498315585252916,55416.77303532798,0.4884720472769161,0.9194341351928452,18508.939941862416,0.5494991502930062,0.8964491472270586,0.8276596135602532,3.5034380189338803,0.6603626718164034,0.8074699875181252,0.3795797513891819,0
Trading,9.303418852423269,16.623124548413028,74676.3791840487,0.8111031721473037,3.06791145210407,21148.886801449407,0.6026448280138278,0.4830249963663591,0.5076438414147593,0.6750648687035206,0.5411639874940074,0.6365231420981994,0.016753207706484856,0
Transportation,6.397615633452585,7.84636342909902,23821.073096891814,0.6186436679268393,6.147428845792219,11765.285156997115,0.7441352884895882,0.433995320598345,0.1645754576473872,6.397641218815877,0.7826696594185615,0.3844717566851333,1.3628710548643552,1
Trading,9.35328659892044,7.200305167961776,32354.587111274355,0.470458362302927,6.148196944559703,10921.272918240094,0.8171912932037555,0.7934682673447397,0.8286194376588198,7.037105659576178,0.9484598295454839,0.5849928983819354,0.8068216489975898,0
Craft/Artisan,3.6280170104629663,22.219658473175897,27759.82716104935,0.7028730434333268,8.72256850181316,75555.60617316664,0.7758093995428242,0.81998657346486,0.5010476658149714,3.005495322862211,0.5771853928541562,0.5704814478779255,0.1453572824925929,1
Trading,2.0079375032970006,3.778639510692866,69687.67560627473,0.9103705820396224,12.189539102678946,5403.835089229087,0.7802515432324286,0.8114706595159438,0.8809473715435272,8.735260965190594,0.8381319498872986,0.7499592003518194,0.09461926384264573,0
Freelance Services,2.604752160101836,29.2975470266633,8414.967579387032,0.5498506059992158,8.057284560293986,18874.593932200816,0.6551502333453898,0.756408549004127,0.7452590603668388,15.22000905384538,0.413998068690494,0.44899992577508663,0.9108140961686026,1
Trading,4.10808755535924,19.277731075164322,33104.28114397477,0.8549958710326364,5.473350948428627,27784.178319514907,0.79585617771367,0.7336591569969906,0.6406282083455076,0.7973082161615745,0.4266172502623594,0.41327879451667127,0.5140402705124029,0
Freelance Services,6.617887776103951,17.64925895180031,18035.197193661483,0.8883411517317281,11.400979536185062,10520.850522225786,0.7924726986575623,0.8423384042339938,0.3582478707969163,4.203358625135971,0.6822785805127143,0.36836445471577084,0.18983422113818896,0
Craft/Artisan,2.126115034283003,9.721872475595312,7362.978285235392,0.5462607339485482,1.2541907162042962,11873.190919418073,0.7562827510009148,0.6954262850228403,0.7070367137364653,6.348643733920046,0.8585946535393882,0.7038425840142609,0.252327343544545,1
Transportation,3.053731312608312,24.114978370743504,22064.12899492378,0.6725318669141201,0.0,10086.70358207162,0.8141503945626141,0.8279128301840867,0.5045779026956545,0.9043680141231722,0.4173598649829968,0.8073722826599082,0.07721081117317304,1
Craft/Artisan,2.2676337243271174,17.976760531220837,74341.66457669411,0.6442850141996936,3.3398297692059153,13361.806018832727,0.9505086800058703,0.6322106145656731,0.7726805626653019,12.770030076621492,0.41909409588823904,0.6393540238162784,0.14913979684773618,1
Craft/Artisan,7.409192307449768,12.511226858073584,18754.198855346378,0.8089244373936679,8.43656234369491,25075.455893995935,0.42874225634229696,0.632517894549317,0.4639449332896235,8.04023052491674,0.6162331674899078,0.48200665507494767,0.30335598027841604,1
Freelance Services,12.433013680844223,19.59859757321271,41561.146381805214,0.7941463374886846,6.505680756066233,11628.967147839057,0.7982349520496244,0.45201917946839715,0.179913665308472,8.145541155933255,0.5359249980224887,0.26542790963302987,0.06623152312022966,1
Trading,1.731493245427602,4.5377163564849585,52014.0788682719,0.4031097707819363,2.6150288833902176,117879.06409457079,0.8834166013107819,0.9311314003086947,0.48348762210769514,12.800442761094574,0.4364841114750186,0.22994815776003794,0.10269145030965263,1
Transportation,5.735888528161672,4.917382947606891,26715.96908195804,0.8309185766624663,3.8187163938153468,9731.114246484001,0.8708042685997616,0.5682648556119578,0.5557041391656103,4.114069510785208,0.7412944443823333,0.7786672280756148,0.15970431172590022,0
Trading,8.023195861921504,9.038511317591373,28745.90467885419,0.5279080330506332,2.275549498527141,35040.528088863146,0.34684288420016063,0.7353959970915777,0.6631785349815078,4.199693075320146,0.6014707907570157,0.3731849537477246,0.06057279947260877,1
Transportation,3.396294976211908,20.796218140877713,10467.559178273672,0.42035935308261985,2.2754747703082687,19550.329190508026,0.843861520948942,0.8688383486049532,0.7724528005721679,5.177144940801366,0.5174271873000471,0.7750569009570136,0.8483818252453711,1
Trading,1.2004382479947933,17.973933425550946,18144.26615134497,0.6620102402653866,10.653173324253853,14413.653337609228,0.6045616613323279,0.5661331213597547,0.667707393186987,6.790589834196384,0.5123738911966899,0.5600465600878185,0.5711207286584774,1
Transportation,8.705020313722736,26.39183412444602,44305.06100360065,0.7345932880026134,5.569695093749053,37403.99388425875,0.6858660749053983,0.8992499285090668,0.6273197446605415,7.0879991568350755,0.5195240919055797,0.8743668682760481,0.09092293955611988,0
Transportation,1.1308850859949382,10.640081182651386,27816.189975102392,0.8686639782090377,11.308746264956742,4358.776283561338,0.7726554402948493,0.6926018638490844,0.8314495190494696,2.1570755003279016,0.37913701013543993,0.8158944255308329,0.1720655307793539,0
Farming,10.38017031982974,22.597342723850733,32926.65505565653,0.649997508779186,3.3299568645136173,17990.96418157365,0.7321281462389789,0.5154277969462018,0.38271498460193665,1.527360261138499,0.767704667878603,0.5407436461774744,0.7185107345550316,1
Farming,2.228986523810511,17.089035580837752,28947.428943795152,0.7523360357393192,7.473375039684287,8091.213858979879,0.6692381229964351,0.870961224545869,0.5246408713743372,7.549462294322869,0.5643974371659599,0.2831178382697474,0.078814712919303,1
Craft/Artisan,0.9767170968207861,10.455638442072571,89823.52305391934,0.8503919388131717,6.681247980949682,9845.880717498207,0.590393138741316,0.5713605901873866,0.8085783388051224,7.098821691936366,0.5247609974496806,0.5794513207346491,0.4042345359711744,0
Craft/Artisan,2.759009782913161,21.082461365703352,21230.92433502433,0.5735409924139959,8.63904471899696,9527.126175166106,0.8819382323216546,0.5923883547452305,0.6695340664576965,10.67578861020541,0.4351424331104539,0.7964996558080948,0.6304421990953878,1
Farming,3.87625875752533,17.47190513403814,65054.165915993835,0.673816867338093,6.763645514442079,6804.3881200647465,0.7997763200446817,0.6800192173618537,0.564654981153869,9.32002841897945,0.7433297259931934,0.4963152165966596,0.14335212583457047,0
Transportation,4.479601310044356,12.967046446836811,28952.932471214965,0.429353692835342,8.955250179817416,4201.487347266442,0.5355979163679593,0.8244575777224713,0.9818857920362752,1.1824682421736614,0.7783837811546113,0.7959341350554331,0.5774643617558683,0
Freelance Services,6.063159371004601,18.335992697152733,68309.86258047014,0.66815469818115,7.6625928375293855,17538.416190946195,0.6908932235566754,0.7907311482078339,0.804132588004445,1.554682687774249,0.6912341986774202,0.6388516790374957,0.21221704180698822,0
Trading,4.76706054965054,16.963756912500862,13715.228322861032,0.9398431739390588,2.726184330254865,12757.71010082523,0.5470523249846438,0.8750570747876686,0.7865504310284631,2.4211208188031548,0.35650303028531377,0.7622167876470844,0.39440784160849246,0
Trading,11.79423273275721,16.77049545185998,29778.999645820295,0.8765899687816576,8.198144293282173,10824.702612675947,0.8387185618943382,0.977727646004251,0.7217254819231745,5.718864067079531,0.6463471280919415,0.600268488034348,0.24181526739894554,0
Trading,3.74511642792406,14.699254800713604,21665.410223467683,0.5354920835017013,5.6907029077729785,22729.57642606088,0.8266502678400792,0.7916965491105582,0.5418248065632614,12.110058158926883,0.6313125984651261,0.7540445489882298,0.04740156294313558,0
Transportation,4.9445169696261875,7.560411688850898,29048.14151125976,0.9227114154186187,3.669841262521519,18331.10046599722,0.5712740390086376,0.8591006477706786,0.6713127122074277,5.71686554498604,0.6045227783806895,0.4362145556963894,0.2354949693956887,1
Farming,4.661117962245432,18.59812332715898,52696.6383708959,0.5392959834595112,8.081933330102434,11083.51869675155,0.42654414689048337,0.8034530509691743,0.25749377051386824,4.607126660118814,0.6363486987562591,0.8449036505643357,0.049014586102290925,1
Craft/Artisan,0.8643573846542816,11.578285010228683,33134.99597159748,0.603234278221899,8.764675643421668,113056.90754941171,0.7317096300237633,0.577805957568559,0.7450370293047275,1.64224882519251,0.6727412443803282,0.7264322190683264,0.7836864715046816,0
Transportation,1.461238652427929,9.837369058847457,52638.89001916487,0.7790237841627562,4.549304507073993,27244.09559256713,0.7741382054095051,0.6142471213645814,0.7409120081134999,4.438646112509252,0.6325890545285454,0.8420516270181707,0.09210551869226263,0
Farming,4.11997100865093,16.074401247179143,18608.58660673798,0.6011260820490804,4.9483052450899425,73965.9769620695,0.7640823811312492,0.9364027463400324,0.950676130939044,8.034778664673397,0.4420281908231279,0.895660295757317,0.28182870287166845,0
Freelance Services,5.365408618711964,23.872212353377428,17110.38808445064,0.7386321057113819,1.838639096046009,9991.915080849962,0.47101777911289594,0.6499113200184816,0.8620229070665847,3.5801069799404495,0.5966495248073209,0.7453181578035509,0.49067640153615355,0
Craft/Artisan,0.5510909236988241,19.48490806152785,27142.547394089597,0.5406247911144816,0.5858186164896901,15911.372509721545,0.8753801295137362,0.8801229101951636,0.7985551817298948,3.1458925187930644,0.5390853813812413,0.49004079682810864,0.4358425061877148,0
Trading,12.139278584588585,13.750862333139288,26337.295721149305,0.608046903414054,5.273075108876921,5615.082256466865,0.7869592235652614,0.5914803505234874,0.7920997193035709,10.054102034961977,0.8000329987060132,0.8206468459651928,0.147350382634317,0
Farming,5.663577094675806,13.429231537057142,24288.963450022486,0.7421030936375861,8.37616344644264,10600.59255194016,0.9226387898216408,0.7011387123961842,0.8270968527655508,6.873636260255385,0.4442794141310278,0.7670431125957542,0.16085889047449053,0
Trading,3.9552999530270294,23.086506097510146,15878.996671047802,0.847799314168424,4.28020291677967,8877.08492390044,0.7184674743742596,0.7731863176793311,0.6258983023579227,9.285594714906377,0.873397212907656,0.5923716595271585,0.47628641475763966,0
Trading,5.48757500386399,1.0,52013.489345795024,0.5829145174764221,10.283380991640474,108755.08132204611,0.6673812852031101,0.9334279457588547,0.8638015561805776,2.5207902173483223,0.6194964625137201,0.7036396377805575,0.23953435700484096,0
Trading,2.6374639047532162,24.378919913595844,22036.149427922173,0.7617584213605983,5.384778024504508,8227.733753082635,0.676256403590995,0.43911276138108646,0.9086006934291219,14.545808333584663,0.636003791798898,0.4761672690115205,0.705591089720428,0
Freelance Services,4.513874723999089,3.007873800557288,58943.991017052744,0.8658827400439811,5.396972024629442,11340.961116526978,0.817837347681245,0.7203344389051479,0.7900825161305642,3.020429461976893,0.5890572822330963,0.44059339885071547,0.2478627559485464,0
Farming,5.02749590475513,6.676736733416156,27092.408835654067,0.8455066641248405,5.1327248683885465,4829.174326776239,0.5534677407520356,0.6989551324489133,0.5294233144276425,4.023452473632364,0.6522739029836938,0.6393645813700203,0.16035372649768678,1
Farming,8.771450144944541,13.885873349894196,38431.6228712483,0.7776900767879937,8.94477772139306,19411.216681545982,0.7947791325642463,0.8644190022708522,0.8853873779699267,7.521179096709746,0.4303224590996195,0.7829351623239132,0.686365569758353,0
Craft/Artisan,3.504261387653928,35.36099314344676,36561.10698270304,0.6276395211418817,3.1232682890889776,7114.15836245081,0.8768848994413571,0.4430706371613045,0.7104373727493264,3.0447664514815163,0.7430422627754523,0.6077839828163796,0.08435141910126405,0
Transportation,1.1604408840966876,31.419354880114135,17096.839362538794,0.9380371186950267,5.613119498023235,25412.132852555515,0.6733756127087144,0.5577119807689555,0.7715123939803386,6.172222008010362,0.8090402708609686,0.3897645196495413,0.2108831790931051,0
Freelance Services,1.9644124848709479,23.651902046377085,32924.14660304055,0.5295271558285918,4.357884141640772,3820.6382726203565,0.7079599907674452,0.8963436943942148,0.7234723555919276,6.328166819173257,0.553542094654124,0.6640437985509274,0.29256823883474936,0
Craft/Artisan,3.2987370085778136,20.852339026363598,77697.86973616351,0.7932488618464365,4.315295884974968,12269.400738336804,0.8717302246149065,0.7279602674823276,0.7271201579083286,4.252485497233676,0.6505465638899443,0.6513024642657737,0.29690835296692747,0
Farming,1.284373693044678,3.1017842559002027,30896.146278598313,0.742438231182835,6.105463033434997,3669.974782257909,0.8311269873647974,0.9203383895015791,0.657796352007276,6.560345306474166,0.4337834376144665,0.853316935646532,0.3717255931466143,1
Farming,1.788675806419805,19.25406530304559,44165.631898728796,0.5289746640095474,5.660030127653771,9477.1690788039,0.35740250435596443,0.7413994495313714,0.548769631695804,3.479925664108877,0.8627243241149318,0.6975640880953277,0.3136785525662338,1
Freelance Services,1.9797060148086152,13.60622785152023,39391.270685203075,0.6068050749512537,9.155013895962066,10926.551291418413,0.5377406747962558,0.6418472773892591,0.46690794957690107,6.871787469670742,0.6436823583305332,0.4437171715064921,0.30015049714852743,1
Transportation,3.134288637960426,11.466645331018226,31852.696251667534,0.36552788404236014,5.967677399400409,8783.919286164402,0.5196916242851913,0.36208553765086554,0.511476228770855,8.061265413238837,0.55223405572093,0.9201178352486352,0.1491428819150135,1
Freelance Services,5.613595874450361,19.238424719797273,29808.93008096111,0.9225701943734959,7.665017234947014,9413.015271657356,0.8558517629366827,0.3228408036731488,0.7965586013010211,5.0472535762888,0.8179819740840683,0.5769237619313929,0.4279289756531942,0
Trading,3.023448026808761,14.231119924426409,36352.692709805415,0.8478879851064961,6.518265439685004,26365.66273440811,0.9424154378849209,0.7408506324234062,0.5538989143596905,8.787551508799123,0.4351356197549666,0.7701194796559352,0.23863698201040395,0
Craft/Artisan,5.873031486951122,24.954396367750803,40937.64771029813,0.31067254815373496,10.211277000628382,61213.19335603792,0.6102192681528682,0.581286938263092,0.4260211491747076,2.5849315797431056,0.9849264388068459,0.6744475208363313,0.4901319032846276,0
Transportation,3.957955847587784,2.512361859098661,12788.604355238882,0.8310978070943523,5.092845093740895,16941.39037173792,0.8345389127356101,0.8159293661018308,0.5539715343672613,5.170411359239628,0.6823229973048848,0.3492998258203711,0.41976567280386995,1
Trading,1.8407826576388209,18.600091378767857,30823.004484010387,0.8991021180254808,5.101285819297468,7317.100970936204,0.5587427811869283,0.8213266537381373,0.8024572677227785,15.909989257734285,0.7033115282016553,0.904346792438346,0.857552451788695,1
Transportation,5.085904569807173,10.967222211887652,24312.77388740264,0.48125490627561185,8.235115763329462,13972.609214727207,0.7408357519425478,0.4032871496570016,0.8186424380466213,5.085787526390803,0.9431768819522616,0.5001807060847863,1.1829290797664378,1
Transportation,4.554560717892782,14.722913368674451,21691.16331297641,0.8838347689463993,5.051991474422651,10425.516436853783,0.8322423022753174,0.8559390137486145,0.9649042608772567,4.2934907680227825,0.6305946669338689,0.5314231278584984,0.4927394646779507,0
Trading,5.977931057717818,20.43701135583393,54873.20331700585,0.5823853527414938,7.495175054230641,24898.802905643224,0.6913770398409419,0.39437485312117976,0.735161698526307,1.8892986281768167,0.374766392750184,0.7060710577110539,0.24215639822619678,1
Farming,6.817861654504174,9.061537099119464,17975.582057460728,0.8359018289245094,13.013743216610411,16342.1486939717,0.854681205120974,0.5001093645866861,0.6556108545997397,2.7614972203793418,0.7033617065213023,0.8226081624129163,0.07593782743225305,0
Craft/Artisan,8.950480524061001,19.31385711449972,12492.415970869739,0.9250047335444569,3.0631420119002573,4427.29265026322,0.7012053391390741,0.7907879468004655,0.48166319402266444,4.775650431776722,0.7504808794673976,0.6399512228348134,0.23909600322449964,0
Trading,5.741624514310444,16.301294358325883,41674.46724450917,0.8790704709867017,10.595011399165092,28812.21883943303,0.763602176340777,0.6621994044341959,0.9049124465791711,10.159628357369499,0.7203741972905151,0.8570166987262131,0.15443192965904637,0
Farming,4.449776097477675,12.71530507858489,12317.587263357544,0.8217298398301457,4.5233801150685515,26285.911170389787,0.780546349265192,0.6100465126826715,0.5875599694960604,8.459718307816122,0.5060006416836067,0.15200362579495869,0.16695064205870488,1
Farming,5.996421520760508,14.235420111912642,9317.32926554545,0.8899614109941179,10.013035983032255,38044.81524962517,0.8187260885835559,0.6292416888316515,0.35787895791515356,2.2987278044731827,0.5056340036021113,0.5208822039373634,0.3175474197161204,1
Trading,2.7999913867834434,16.76358487050459,44335.77665316193,0.7107016680680238,8.058137565677265,9306.714142050942,0.6150913929578854,0.7901775219347806,0.4424217500789919,6.346179421211119,0.6550219193078302,0.6707616101185242,0.1993072865495949,1
Freelance Services,2.641984632544298,11.857307899494302,29357.32117139229,0.8011024955370086,7.8009829779465365,16492.840289033575,0.654550032493296,0.7955881260906256,0.9675872849461807,5.100554466430725,0.49294586925835854,0.7565786731237832,0.1463275198215917,0
Craft/Artisan,9.743523767260669,18.05675580260489,34891.40473010195,0.7877813625572595,5.547110558516638,5829.324039420654,0.6463844241917426,0.7571874341280656,0.8514025980555042,5.396911155492457,0.8897339268631248,0.47687798496891887,0.10789875672188062,0
Trading,2.5819569020664854,15.774587026671394,21092.3318477046,0.3454751862993425,5.248490192030489,12888.98867018309,0.8007193865853595,0.565289287115134,0.8396437774191658,8.048526051392297,0.6136357436533845,0.3551635446041099,0.08321715542525532,0
Freelance Services,2.022218188037063,13.109739703464314,12563.821177314081,0.7568083918680123,3.8339772598752897,17639.389785775504,0.7243776882392833,0.7085252224557165,0.6393923948918498,7.460434018828377,0.7840420089557615,0.8145450618190806,0.4344216285350804,0
Craft/Artisan,5.739544111406621,30.71873787122387,14014.068999217228,0.7304301800003249,6.0188281244894295,8559.19104042501,0.9063178032015592,0.5166637295942434,0.5340730419775819,7.116339864918057,0.5815820522707932,0.5378764877998572,0.10319418374753375,1
Trading,2.818338733428196,21.321919380492968,23162.64441213313,0.5454836193677026,5.448265661207934,16977.394230752237,0.9311352579415718,0.8597122384198576,0.889638438168793,7.46887390868369,0.5570482866395833,0.5268519255414232,0.4183146418330543,0
Craft/Artisan,6.772124106271079,14.938302139016365,13362.11079361563,0.36067675595984294,6.573054759336266,15026.94295561102,0.8144541544252338,0.6549999500551426,0.4668252748070677,0.7505813745245591,0.8166608182427492,0.4095789608199535,0.27215777467559615,1
Trading,8.528294638341348,19.16688344659767,31852.753165299524,0.6498386274617891,1.7680346953860875,9750.89622528798,0.6381627722729686,0.809553089158779,0.49221791171293616,16.298066472059517,0.7636435538264328,0.7755278593379064,0.4602051904818439,1
Freelance Services,2.259337306951519,9.785438905811935,20861.23923608709,0.7329887599548963,6.067935359476637,35533.45706786747,0.613357446144734,0.6280306488171726,0.7685697823432023,5.2776845620144455,0.7191311039212583,0.5344929236946718,0.051278974947856756,0
Transportation,6.210382284309681,14.505827145771335,29785.287009289226,0.7471166966234875,9.787958956793252,11337.715042736756,0.8449885225026145,0.424662803300766,0.6943715674478113,8.352222572526221,0.6244896600757576,0.705168829546946,0.5020690912582115,1
Transportation,2.533868561334661,15.43938039649402,29299.66819459652,0.7912135117255037,8.832145604050211,14661.70259154669,0.7152775554897808,0.42777219079447465,0.6954080004469978,10.171993671574388,0.5759554884405561,0.6253893223096411,0.6016615348658118,1
Trading,3.351432281889739,8.02564872072094,33280.92719366062,0.9299479776487666,6.0690053292200155,4784.647940549561,0.8527416755424337,0.7762533706034925,0.7630751553122934,3.166874523766027,0.5840582953887934,0.7493759067966825,0.3911273347765328,0
Freelance Services,4.926712792998846,21.098832383955344,35408.79058866913,0.7225960763355039,13.687254306674951,19214.754960882212,0.6109025029518961,0.6780613473430647,0.39635628023687264,4.585539593218407,0.7579136367185364,0.8115739555910135,0.0199687860985091,0
Trading,2.6465090039814805,13.955098379097393,22266.85825467348,0.539456831800538,4.267940085238026,9567.951470489554,0.6538082640403334,0.8727360512551613,0.5384676286089624,10.21810805757598,0.6196891195690666,0.6162568666818453,0.4018092826390182,1
Trading,4.62415332451374,15.15626666042077,29767.816231455312,0.9819594961177426,5.739983871544086,26109.321591103195,0.47137785742748695,0.7557834297045108,0.6126228205073379,12.169652382490993,0.6732797517711426,0.6323008607675558,1.2255446301830706,1
Trading,3.558400424128021,13.450241127013157,30632.12183822482,0.4643831186517417,1.6484550090895649,5335.81883270384,0.6036059819086573,0.7434265328280778,0.4232724880051922,5.15785808922504,0.7466229363879754,0.5124218175362549,0.39325137928423826,1
Craft/Artisan,6.873006412774995,41.672724725144796,7073.497482539393,0.7146608823195704,4.789094065172171,18060.596689211005,0.8144491485437789,0.471811955547307,0.615846833690381,1.1143547787151324,0.4700415301583577,0.4755495509350698,0.35661744836932346,1
Trading,6.884696908242784,12.699078798607896,38391.41555092521,0.47344342278705526,11.363442388100943,2900.274497285677,0.6695135673465037,0.5961351531925579,0.5353276168286966,2.4752835992021245,0.3394813582482108,0.7581658365693809,0.3715830597406734,1
Freelance Services,2.6566410037712482,1.450584368913379,29215.8955391513,0.8689495354258527,4.903556453341423,20560.101757805616,0.29984623563808366,0.8409406627889924,0.6334685807700501,3.531739261447652,0.7690652759316338,0.6344164415873657,0.3012864851294924,1
Transportation,5.003811416778519,5.200544232329316,36688.802404181544,0.7818200252223128,1.4165064205319222,11821.062198830752,0.6403093757461958,0.7008333374403611,0.3931161519262462,6.209358415456993,0.9150408168371033,0.588068947057456,0.46835251550053414,1
Trading,7.576126266981252,24.074420981563478,13256.403828949626,0.5876229341241399,8.615996649883915,17668.65520672748,0.7687087990911957,0.62774548603365,0.7360720426032443,6.642993260699714,0.432786520455453,0.6357398442245957,0.11056170017649017,0
Trading,1.7638597023177471,28.69162153346504,22614.006584417406,0.8015046718545126,7.167630726626339,8776.967469569056,0.7173096743632885,0.3229116310150147,0.5612091632452075,8.542220794618808,0.7443629444995294,0.42043717904159034,0.5151016165129433,1
Trading,3.5422250499687693,12.545622469017172,14759.744665049284,0.7353377093914618,8.49193819807595,6873.925578935766,0.48895998436935667,0.5332021483087902,0.5742136013664704,9.8196566434778,0.6699824663159933,0.5542566227854564,0.13506581318260755,1
Transportation,4.85498961620086,28.23159735708371,40519.181445694805,0.8523813111900449,5.108846765271388,9856.119592876734,0.5258351756633338,0.8197944870664124,0.765223257767554,0.33768041226536477,0.6576112281041796,0.41745206372663457,0.104246188076295,0
Craft/Artisan,1.7002828159225218,23.932719998740353,12421.522119238916,0.9180504105769495,2.9786284061929362,15281.65540024307,0.9175249601440251,0.7597349803498783,0.5670686172297232,3.8961110749383945,0.7016992943881637,0.40612947229844787,0.04619054120645808,0
Trading,2.9036591986125737,16.48415895211129,16142.96887285839,0.7856928033850361,5.449130090693335,20002.238393779902,0.30902394331466876,0.714035214924919,0.5450192115489471,9.732501145063853,0.5071702966613666,0.5625318018769725,0.52856955118986,1
Craft/Artisan,11.022152777949708,15.916429729835716,36093.66956196565,0.6640219873941304,7.664534959153661,16526.0059738983,0.5658408729361928,0.6752904330529478,0.64047994975136,13.522465680115655,0.7901142971859558,0.8605668567068043,0.4073828724387937,1
Trading,2.5759704363654414,19.446961811325227,19031.37110298907,0.9260385863401008,5.783019179769864,6934.522252511459,0.4269253977118613,0.692467668025622,0.696208158775088,7.025175292114959,0.6047387386523166,0.5868924347274078,0.42915745370836783,1
Craft/Artisan,2.800004744873318,25.01964657722913,16145.31411329206,0.7990044022528422,7.163865519846496,48357.4509062481,0.8057759710856865,0.804550108514622,0.6143550271839449,2.007801224053721,0.3233895105053984,0.7348672555829158,0.47238616078816315,0
Freelance Services,5.696969428791704,21.178356524760176,44298.03889188377,0.703758693562674,4.389545136472288,16864.563261990337,0.4805050901979967,0.841267023703113,0.9556000747701987,5.654499173687293,0.6817287619241885,0.4214946935481607,0.06016100513167086,0
Craft/Artisan,1.528224160775429,12.585533585610435,45308.11643287103,0.8389919705046474,7.275289586793008,8641.615677251946,0.7035953147986698,0.8827585478555501,0.8332718131950883,11.067731247006279,0.7871435643956637,0.5257970733856672,0.25201935773520395,0
Transportation,3.5986194705743766,16.606343623789513,40020.182001761976,0.690661790072881,5.990958186119205,17978.90029755654,0.3892948190904957,0.5505765256667547,0.5024679974673169,1.4239151413776465,0.7679547644991426,0.47477398150863603,0.03766732838006874,1
Craft/Artisan,2.038352073268955,33.850107637775395,42907.00252716598,0.7146271220207684,3.8823782514303766,15981.564134758375,0.5679533685041056,0.6012582782257478,0.9192601547547303,2.0925913455464125,0.4590323216238426,0.8482873300338428,0.1977471168339472,0
Trading,4.618057444883652,20.009710378369537,23685.80959617934,0.5119620809393397,6.419850465270531,11816.672473511466,0.6448897508530298,0.7349031212443133,0.795468401583687,2.1529071359868746,0.7525800632933112,0.6835790910748412,0.5959595090393109,1
Trading,0.2,24.954603415060923,24039.98738623253,0.5775343966738834,4.839923562165749,10883.987433611303,0.37563319148108226,0.5258665584365826,0.8586452945902611,7.428308196754205,0.8193393979436355,0.820422999893792,0.802418449297781,1
Trading,4.185159768650967,22.31907989799386,18836.566697930346,0.4761673552204917,7.851493403635588,26619.78086955498,0.6442574920510696,0.44662271859308555,0.9601673682936561,2.6755184890300763,0.7997682719044711,0.43000977441943733,0.47927090188817595,0
Farming,4.947600468618997,20.186861951981623,29503.11241169505,0.7490377607766959,8.619470733696833,44778.94552720795,0.8645918979040046,0.6600330671715219,0.677069859356181,0.18201081755286788,0.4435185961016476,0.7245997476857978,0.1456974419293621,0
Craft/Artisan,2.9607024098344707,18.869591200120553,20123.74861979814,0.6773089548657079,7.504613374656122,3212.476336128636,0.6386557134246371,0.5696335794723328,0.48587162309434856,11.134917214909668,0.562301195929966,0.4030503855078564,0.1042457641020873,1
Transportation,3.1018739835212257,25.179125002599836,21201.211107489806,0.6306343343952773,1.0950377653776515,31614.61849446764,0.6611185288822121,0.7844760705609575,0.6237714608694295,4.898006895024387,0.759389508191169,0.6465386608989555,0.3022358860156756,0
Craft/Artisan,2.690792458900432,23.749137882485467,37419.42519065013,0.7055062700446963,3.1056877387119184,13547.410030597504,0.6228112321100321,0.8534775883343565,0.6997574601404221,16.476904260704643,0.7258041723678706,0.444099860148172,0.4638397570211444,1
Trading,3.5643290507005685,20.111147824092388,51611.33433651872,0.9483720128897175,4.090269400679172,15767.141169549699,0.9355830716672273,0.7330353923109756,0.5142541120215294,8.235467674073165,0.7317117204401031,0.48039667849434536,0.07627844443811752,0
Craft/Artisan,9.826121765462656,12.449899795616895,33491.37224939259,0.6925663449535439,3.611057867007713,34411.621859525454,0.7989894583358088,0.8576158537847034,0.879891871797777,5.0080364243005,0.8641925027606366,0.5285796007504966,0.12370686289241568,0
Trading,7.0139541444086335,21.084470444387776,72176.78428565545,0.8233244363460851,4.37145907501506,2083.144428106849,0.6184154556076856,0.6770927644558478,0.8157912578450338,9.005373245703437,0.48796260776953326,0.86178901337886,0.3747617455569919,0
Trading,3.5618192041847334,17.463936508255333,18250.840913150114,0.9212178144627674,8.775745422202501,23631.895587128154,0.83559657460869,0.6069865210505032,0.6648449510819099,2.4327719206220175,0.6156285294324244,0.6579606394432148,0.26343242776409725,0
Transportation,2.90444006830096,15.533952709239394,9789.972714430354,0.9125152427322499,8.095963315616636,32785.70719700661,0.8560006977386742,0.8903582098163783,0.7245467124664836,6.439722302740199,0.605418943935578,0.23603241246570678,0.16743560674137375,0
Freelance Services,6.587841385891466,39.43020779972854,39856.68161406491,0.9043702040611123,4.728446010790111,8249.998368283555,0.6189981580901752,0.5826293949781673,0.796443848258524,6.350476298126426,0.4529697762801603,0.7408781325360106,0.33391203656612767,0
Transportation,4.4138809383075115,5.687589538337379,17597.137857066333,0.580395307281481,7.7753809799749405,5035.32261139401,0.7448050999811753,0.47838590007869797,0.7012752062588669,4.599071183011929,0.963175032119438,0.20107036012047996,0.516328121370994,1
Trading,1.664572876824948,25.668102872459862,23143.500566376068,0.6864179968238857,6.986526157396442,42106.1955405382,0.8068564351365701,0.7264880084566251,0.8048730556679753,1.6302134100319299,0.7271754194688569,0.4925229736470643,0.12337451594142457,0
Transportation,3.2681974005135004,11.098632445969354,10164.046500338538,0.8202960935395893,5.90142356698843,3907.0026953767624,0.6692839664868374,0.7304353227778941,0.8997643470003637,6.173026239457824,0.4214562618559716,0.6998065663102578,0.058223753336347585,0
Trading,9.1681105669962,19.049563914747168,16406.52439987356,0.42212061209975305,9.444674107815096,17908.931910095973,0.7846619649281198,0.6993528820105533,0.6478964178369483,5.965844649160783,0.7021408968983701,0.6002497803715477,0.08505993459824668,1
Freelance Services,5.5464730860765465,38.54870015272148,11775.482808410325,0.7343511045819631,4.016111077729777,27341.906544712627,0.5693989687480793,0.8666730932393818,0.6426592647698423,3.0292816711687593,0.9138684486964817,0.616339485454772,0.15337139449959972,0
Transportation,2.9284998039940504,10.301048041407498,21186.79109921293,0.9117605411640395,6.158278611790265,17634.62016390625,0.7504452308319155,0.7389988782823171,0.9126849943668625,1.484736466029648,0.5824890315156994,0.8854479551996696,0.24418071066646108,0
Trading,1.0862814291622824,12.209018761381891,21655.108810490754,0.8572388908952817,2.8474196929937934,19835.78310219032,0.8166651593224002,0.7818672001249131,0.7762017073912413,2.682079803381263,0.6320169433107777,0.882899079182138,0.4047134820244605,0
Trading,4.602079964062905,17.859890102787197,28267.788684508283,0.5749306843957632,2.991211635640447,11097.62362783228,0.6290189905732899,0.7484795635835875,0.35025925476657543,14.26536633181987,0.6411347474365979,0.6972609426304294,0.05957191028438833,1
Trading,3.9732925591756767,11.222264338949106,53201.806440159155,0.6009927823724809,1.9177049253374854,18470.026063486213,0.4770601169239994,0.64620154497257,0.41613604074417726,3.2323465784666077,0.5524477358260258,0.5085285589607541,0.6406423675720643,1
Freelance Services,3.4823600698272648,25.072450807522408,39038.29809480815,0.632976052951866,3.0424285466062995,8136.146816860745,0.8145375078097468,0.5166307031254748,0.5408515022440722,6.139403325946999,0.8875946891505245,0.7413417389458282,0.13027630717757713,1
Farming,6.636346564257875,13.72376451149364,11023.743219093321,0.7851874650546272,6.249301683466457,8908.301577485716,0.46213380976772817,0.7949032852578853,0.8182343146891004,5.892729468690511,0.9465222004153135,0.7180238466835105,0.30193310259633477,0
Craft/Artisan,5.592679500154542,23.232077121194695,37586.81073765589,0.7796500209055158,5.092547462274216,13696.314142438829,0.633809524686116,0.5339980276944819,0.8197435132057486,4.47857112934579,0.8107282335993586,0.6545244679958077,1.1273032644145333,0
Transportation,1.1213649443357951,7.366486945599446,28608.669595800515,0.4021423581994606,5.190386128780253,4546.483219937417,0.8518353393985033,0.7799295184618478,0.4671183731654676,14.747611319125033,0.8901111253515878,0.6620010428046847,0.1313292998667997,1
Transportation,3.9890574731144413,3.545347982766197,25493.92487024309,0.510689772815548,5.102510645424401,20008.812475866525,0.5412768607524272,0.8385423253199046,0.5029565837356982,7.8474888061598325,0.588287576862322,0.7415657176128125,0.12913227606093977,0
Trading,1.3913343333040662,16.168120168375605,26569.39473646633,0.4649178496285457,11.318227875176232,2353.086472884403,0.42253497356122055,0.9173043178365875,0.5921478606128348,7.226257684079629,0.6558966647229406,0.5959317955917446,0.5469184016434198,1
Freelance Services,2.7253751695039385,5.45193729569924,30106.72463084709,0.7327419205094772,2.5884595536086117,17222.48068142831,0.8159020367719164,0.7544465779031818,0.9546323266744371,5.091792107819148,0.6050593900327286,0.19858059553104881,0.6209616831666313,0
Trading,1.3006762208542488,30.146151302123602,18388.16012370311,0.7967289809222294,2.2677200408027893,18394.562168757337,0.592476850447427,0.765786338494402,0.849955389413874,3.2108994786718537,0.6540538935599765,0.48182628350187756,0.15934225616765743,0
Transportation,1.3429443063852164,5.761572076040016,24335.87865765722,0.3372763682187753,3.4637322222796962,7660.524526897556,0.6906090945399085,0.8740646549416564,0.6861697593950145,5.236650965972229,0.4128018634233994,0.5752770469029435,0.10815958591149684,1
Transportation,4.9938815838685855,9.698506498634417,51594.301954848874,0.7338484175100243,5.784315496065031,5632.021429059976,0.9190421892914116,0.6851795247935566,0.9573421794679176,7.981806154487943,0.6883378278672861,0.8575104045028734,0.047528297476989806,0
Transportation,4.662058155269855,21.308959083796882,18267.00705634751,0.6127604597610794,7.544313937761164,10039.485978499191,0.5055734650655369,0.7353444583130837,0.6039037617188888,9.154352660573341,0.34605440651093594,0.6914715716421067,0.03793407153856595,1
Freelance Services,3.7814585924980215,13.30908839950395,15268.720654981624,0.7208918979917366,7.8557628416564045,20905.63644847635,0.6209364514847481,0.3971441367876547,0.7576016801653926,8.01067158918508,0.4473291584960375,0.2935829520530949,0.18991090802572938,1
Trading,2.547793519400273,5.8528962410591685,26005.43825197255,0.6919487077071763,8.833914949109364,17017.36174104939,0.7825375108145899,0.8449159123523494,0.8643211544782605,0.6192298167282251,0.8746999586835179,0.7288497141407653,0.01,0
Farming,1.2159414615849848,34.31971328057568,14446.22550632237,0.7391117915703175,5.675283401873425,6135.990677765765,0.47378512630739733,0.32420269132478496,0.6947730268170065,1.1083913959319047,0.659149858708564,0.7608038886401807,0.3024724765868641,1
Farming,2.735075731971764,9.986929574723408,10430.289282202864,0.36944666224037137,4.811036640279587,14385.510529816711,0.6058161622817949,0.7420633275202757,0.8481855710113742,4.145422850667961,0.6019471845040394,0.43785455386846067,0.4387276493627739,1
Farming,4.6763667758995355,16.429937540027606,22259.920482509577,0.8443831132979206,10.900382084856913,16048.485323667308,0.8407577783775195,0.6849306578398955,0.7663549380826237,1.0860736252929848,0.7727241620744081,0.40212493591117265,0.08025891886214666,0
Trading,4.603179392485806,16.32645983915176,59679.391364532064,0.9621911180744068,0.0,15579.310392888388,0.6234143195306435,0.768091635361163,0.5823139770921586,2.320610559963474,0.7645932089625803,0.7900577695426065,0.504334242106561,0
Trading,9.046873056862927,23.68247321573262,26337.992230226417,0.4340352922141528,6.188277067332442,6696.806688837358,0.8104160627209102,0.3243694261403926,0.9599490595310592,1.7600085604309044,0.6365996180059507,0.5142311211826998,0.3499677583414418,0
Trading,8.23056102483265,21.69881968536847,29679.66475635647,0.9565433622688664,7.290020833481827,14898.143862206143,0.7530419991018152,0.3968823512349416,0.5765863553275763,4.299202232781809,0.4732796124919313,0.9350567514985225,0.3414814404512256,1
Trading,3.8888571226032216,11.385591698151956,8336.66389733755,0.4407025822998382,11.621052007130745,25397.893292441677,0.8439256355836652,0.7995456192179211,0.8617152105162581,5.13390880538511,0.7686003595012099,0.49454421130794546,0.08105118422233344,0
Farming,2.7133587397266927,15.393382260453546,34233.80964534751,0.8003691081713438,1.0183014844342608,19455.26883112305,0.8137816235390221,0.8825781789178249,0.3789141356597,1.5752004710364327,0.6258682997735574,0.5878764245515848,0.2153777363353557,0
Transportation,2.080423605010531,16.184620531665473,28320.783792694496,0.8926471068453763,4.73958708471193,17819.273661096562,0.5505167088577395,0.5853599759943667,0.902007946930796,12.007568801919632,0.7104400137778565,0.6271376403617636,0.45991344178048454,0
Transportation,1.049767976476377,23.991675985588497,18662.97408448707,0.3504786971124001,1.927169396664823,42187.43881879731,0.7322737110621753,0.721691680883737,0.9062254208940264,6.484834726241052,0.45931094887280083,0.6322970406883844,0.1459528772730207,1
Farming,1.5268496555099194,8.65342468113119,29703.725637728076,0.870477363867042,0.6051708972711873,15024.745041792383,0.7528157410504094,0.4886234360316927,0.8750475201949054,4.929297805787303,0.38377073906317716,0.183249853940305,0.6564143875065584,1
Farming,4.681105783741987,34.144884454046256,29541.95955219464,0.9328238267909622,5.386422922120728,7410.577498977691,0.4316080452713725,0.932602804082431,0.7544084854525709,8.782433717882288,0.8192214227803198,0.5665703735748711,0.3037200500038884,1
Trading,5.852093356272787,11.926532900324446,15022.158740673845,0.681848214585793,8.499281272837223,7427.0254041465305,0.6710104004326481,0.7548408586819697,0.7917283169475735,4.83056028680721,0.736776066807716,0.27938639971988655,0.47343050277711723,0
Transportation,3.1368816594149123,17.930004825947254,32290.21589090704,0.7595719401894858,9.617908764993304,15111.616381888109,0.5001248304974951,0.8816105423032418,0.7000198338566656,6.808304432998197,0.7734394309466596,0.9541546677380892,0.08809524622644165,0
Trading,15.201321324514254,8.720084482454066,51970.133791087785,0.6493811741882296,4.40438157715728,4883.999049516836,0.8173374861778575,0.9232434634737166,0.9589660591481617,3.29794833369521,0.6077782639610403,0.622620293574174,0.3420819158785823,0
Trading,1.5396921065812148,7.614727906875066,23733.247413069403,0.7732117707718874,7.999578721594768,10746.248426754964,0.8615807802272595,0.9091453449978111,0.5001067052495206,2.4767669819195235,0.7092155123426018,0.6113783458876829,0.07396051117664783,0
Farming,0.9552448879755917,11.004572727379008,16694.309447007243,0.915146106905951,5.406843905004071,18488.820962830727,0.7443765985077755,0.8044958580129683,0.6300344172079643,1.8123763476554247,0.7026419259460781,0.6136738276256113,0.15226638837243964,0
Farming,15.035609596033744,10.23581425868596,24399.8182286743,0.7317359995824214,7.6697213373675535,30327.23710091494,0.7486804024317837,0.7926877724798942,0.5998984220292548,5.330322977880048,0.7872120272898269,0.8127663765331746,0.03791790333248806,0
Trading,1.1627786976611265,14.685943806761356,43046.54526546998,0.5319003037693371,9.463425742977673,4533.231759955826,0.44646889451224386,0.8624851760423405,0.3740500967995047,6.292780249884012,0.5847872755881612,0.4636800125059413,0.5202128561648043,1
Transportation,3.105238725129259,10.168279769890074,13705.11826985827,0.9728539658530153,5.417308681952244,14319.167928548339,0.6017829755201167,0.6085608846563207,0.8563172224512584,18.201469964446446,0.5375618067550362,0.2450294964250283,0.35429039923784783,1
Transportation,2.221466104995511,23.56441937035368,36982.75649541871,0.7196019759022727,9.230923147275021,12736.596218245024,0.9022614263495343,0.8557889940677033,0.8502233711236231,0.5901044120595542,0.9499837159336894,0.35401435128692166,0.8615316466585305,0
Transportation,4.920605567949661,11.736128837453,18528.9943770297,0.822701606083811,2.3609181364369607,13715.11777650559,0.6975068076224604,0.6982716541791456,0.44761065402218214,4.864753673121346,0.7945527524048596,0.6551810859445567,0.24776715296152163,1
Transportation,2.9344262147574534,10.849476052384677,30734.30371930138,0.5902356189883106,7.969531550907105,14751.438079199275,0.9640767779569575,0.4857086205018588,0.5372748679932345,8.95302790884301,0.8383301438396755,0.5912428905241686,0.12453600905340498,1
Transportation,5.864295551448294,14.856249087061851,19724.519761485513,0.7745098203466615,9.101019818365451,13066.841302698604,0.9861845615552259,0.846716753645754,0.5393232056307561,2.3386437903618704,0.596535310010268,0.6878033481821696,0.7704818326917287,0
Trading,6.724917467175229,25.942711029570354,19695.40570739479,0.6957060563459608,8.79062761986936,35402.80259620446,0.7418924673670392,0.5827706377512584,0.5898983865353948,10.415147815447703,0.4929686645382201,0.8209089915303197,1.977569353975081,1
Craft/Artisan,1.0401281132371236,19.719009388883194,62174.622925789015,0.8109094166672146,2.4449360630265096,31913.924604214262,0.6310377233491038,0.39458298829112287,0.7139533496067663,8.956317746565729,0.6343530059429441,0.7557979467252104,0.5948804647643204,1
Transportation,2.0259809033498217,17.20248376090024,12394.428984641901,0.6843449329549139,5.382567001683946,59892.25231005646,0.6499368395840907,0.5386421712228411,0.8831220411275478,10.913030544231841,0.7979159623101441,0.8246992239998996,0.662537213796347,0
Farming,6.200700752569454,6.535641840250568,35134.94146597321,0.4363693209954926,6.906525390669041,13261.222584047135,0.8011048287670897,0.8039951511008726,0.34576229519623936,7.084731457248074,0.6217384426016195,0.8083104949707612,0.12175325234351322,0
Transportation,7.614348018501298,8.858332321090325,69719.01879361266,0.7650825333611386,7.329157321204178,10021.793777812889,0.4630863054587703,0.4299337342023988,0.7048239788970332,2.5138409030580773,0.2970605686514295,0.5071917933373723,0.20493425639512933,1
Farming,4.332988106464313,7.772720479683011,39223.72450057314,0.7816440491372987,6.3476278481036825,6785.658326193979,0.9222168721301663,0.38165153712816885,0.7289185740893982,5.055586496484803,0.6569090698371765,0.39327979260973445,0.595810939520082,0
Farming,5.169587775350302,28.45480978937877,12937.64605899884,0.7488079763664399,10.287558846254544,9287.207947246621,0.7229694081594655,0.49623170256020477,0.4381667533021148,9.620625505576566,0.2594977002542258,0.4770190697302162,0.28109973927730375,1
Craft/Artisan,9.415782571024197,22.24450498505318,13294.832702348605,0.6363273675238018,2.1130619679897293,22030.8669665586,0.5504286703415606,0.6000668913091346,0.9694104057457315,2.735173424449786,0.7702068657344686,0.3126781245668598,0.3384337961959664,0
Freelance Services,2.9619369701216547,11.107035928606447,17793.812132647352,0.7253958622874728,5.279247498050492,24537.73858755844,0.503074678535829,0.46913692949779223,0.7400223065867632,1.136567270418218,0.7126672513601451,0.709518205964934,0.11505832954741227,0
Freelance Services,4.300124388771419,13.485026849394757,29344.17536847671,0.8833324945340496,0.936683699883309,21436.71362981424,0.5198040660570732,0.8939809063162051,0.7943991253964858,1.5869813708164995,0.8319366183776759,0.6592663631635124,0.29967666728595355,0
Farming,8.236429888115708,11.397678590101329,30463.011281270796,0.9006153279191512,7.863746430611684,8390.644569644737,0.6728758594628803,0.5913477779434887,0.48256884585696025,8.001054909930687,0.8428757119406829,0.5555247289833523,0.3742824201617121,1
Farming,8.568971189337516,10.91311026895433,13367.302540922836,0.6850284285360332,7.663858342320852,8422.378628442877,0.6882286964720172,0.9485630778546962,0.6953129711904229,2.9297354386275147,0.6780911904066265,0.3848880498521537,0.17897846997891037,0
Craft/Artisan,3.58384667225137,21.682408249729445,16646.968351755124,0.5917452568991809,16.045810097148777,52550.23408829445,0.7928455274148571,0.8660356615726659,0.8301488719011412,6.428490702200005,0.6529863819761432,0.2758045766868422,1.0206764573097904,0
Trading,2.078321972632688,15.699710233725494,17217.552422927514,0.669418496146047,9.079078975157497,7462.195186903387,0.8641803446297202,0.8313777849307009,0.7199070059282625,8.731804665354591,0.8311536141903808,0.8499295020328882,0.29480708728875676,0
Craft/Artisan,3.5553658795976295,34.64934195437971,24357.35790453982,0.5681171192461283,6.994095423460065,36010.55131712094,0.7213644371005173,0.8611775244023241,0.7631586251656541,3.527398979301074,0.39710708303955294,0.5457632363523217,0.44010774129341074,0
Farming,3.804725635810783,28.002878596135986,80144.1767908618,0.8336330983927326,6.76468522702151,17733.36608853361,0.739625779046222,0.7607211343305877,0.7087780084747669,1.9825249022610174,0.6291950990749852,0.7878694762319466,0.5320193994706657,0
Trading,2.0181243059768046,28.475842723733777,16102.77850297265,0.8842752096330816,5.050167268120662,7999.871376756897,0.5719497613577754,0.6589853779659225,0.31974483087501177,2.1830473304769953,0.9066063088116187,0.37431239942173483,0.21946356830899164,0
Trading,2.2649535369387808,23.37085579958501,15719.75045943273,0.5148174787268712,6.3914630818935345,5830.512063238437,0.621407250139469,0.578030119870475,0.8147935979250147,16.656495031400926,0.7399357128795009,0.6413968530267019,0.15667609089837045,0
Craft/Artisan,8.57662850624163,14.618727435942487,14425.78973691678,0.7608096646615455,6.828746884781639,8248.250607438913,0.4184279746728679,0.535030153271084,0.7863248455562993,2.326523046768187,0.8049705964696621,0.6919052834692859,0.16876677257125636,0
Trading,5.331698044265608,22.782327076236673,38160.24379055624,0.6386159807380635,0.1057219860673344,17896.17227943645,0.5142737084858314,0.3780407138914448,0.7571223751716415,6.76400540122429,0.6314137508799286,0.447648047170604,0.5674305290441164,1
Trading,3.116460190151958,15.209338443770736,26298.366921665896,0.775634887930031,6.590740771520996,7067.48808847166,0.7609541603983223,0.8761027397631065,0.6087137215882888,9.268793915381053,0.8007916576651964,0.38112409694107724,0.1583320417806137,1
Farming,1.6214404381299021,31.0422084058269,16433.47017663369,0.8069531033596755,6.303028705124224,39659.55783810489,0.8258009577918569,0.6271246017848568,0.7498493455240904,6.464508504265579,0.5928221754457608,0.6918087950880046,0.9924971674903499,0
Trading,2.2863479242756592,21.234235064399364,22036.65382507623,0.6926621557338205,11.262039830178459,11550.657860875303,0.8768394943029698,0.6111532746387036,0.5846402118958157,4.303711979065657,0.7217681617388655,0.7366055998943755,0.05431497118200547,0
Trading,0.8832942009365341,20.09888286882412,17407.724691481704,0.9445561924530862,5.604984720592546,21814.115099660663,0.8873671505563003,0.6482011856841682,0.9287284022402706,4.803206774761932,0.6310157208148272,0.7768831065159832,0.981228437620658,0
Craft/Artisan,4.411760546461008,19.016581299436073,31657.81145844259,0.8299506785932259,3.7033639385114263,20615.484850003737,0.7400015896096621,0.8563224624578464,0.647514129380891,5.726465992756561,0.579570130589032,0.6058806137871193,0.42546887153031865,0
Trading,2.18868400745679,31.922131418886863,117760.37680613987,0.7585945111283382,6.805596246239896,41578.169897837986,0.7750577114898073,0.26757987487640006,0.7032272075424196,1.2161058484450238,0.5755991753450875,0.5737881924808302,0.28572709602808033,0
Craft/Artisan,4.6546774861642435,6.529997329305715,36423.71757362821,0.5504792719652801,6.223044215643913,9832.227166895875,0.789902889442192,0.7154735213521904,0.6618813992241275,7.4690096082768695,0.5853161415606204,0.8117000607722492,0.09339699055361979,0
Craft/Artisan,6.158953038876873,32.706302621349806,25561.850820585147,0.839862099774224,5.608198130629939,14389.550855014964,0.9424405126075118,0.7154471984235984,0.5771533986341021,15.050194797053551,0.5180124048755146,0.7647710299517965,0.12993943810107203,0
Farming,4.701359003335043,16.510769540366898,18662.351447729125,0.8166617088972978,2.1630335676101735,5009.16169901841,0.8568415391978039,0.3841810435094742,0.9083209419524473,0.09543036625294636,0.544814763443234,0.7269603843461134,0.30806701856665936,1
Trading,2.839115781653119,6.750808193474791,12850.39661674424,0.9195022856482271,5.531941503571962,14360.027431513006,0.6605701675907032,0.6284703797387833,0.7856362115250785,2.6967172423769137,0.6331531427774778,0.7853148133181964,0.16721373062939549,0
Transportation,1.9357695102966594,11.982322146855552,40276.73767120703,0.8647315947562492,4.262424383297956,29673.453221371765,0.6375721701887491,0.6877910024824562,0.6265055338925294,4.864866248579162,0.5765829030775603,0.7042301663630949,0.12099234725815329,0
Trading,1.427282384694351,4.793541898211338,39090.89279899821,0.38679001632062804,5.350555503263006,15578.237456167064,0.8214612957686032,0.7895097598074508,0.6197017226407076,11.68872412922485,0.7745881826373717,0.7498607031246298,0.2653267870746729,1
Farming,8.050654150812168,23.22925396468512,20819.48178938507,0.8749708830234235,8.196459669573297,67431.5762618938,0.679244031872613,0.8546085405216062,0.7740043089182963,14.130891498768953,0.6310160438736321,0.6316773101607028,0.1923771064492845,0
Freelance Services,4.5626367385340245,9.693656397227844,52435.21521203043,0.8509420225413755,3.9764569822624245,19221.73484157472,0.7725941921136967,0.6026792814677726,0.7176372779419302,0.48828440527261074,0.8614364396990083,0.5729412630274936,0.7147667747683775,1
Freelance Services,2.9605752687630913,19.3493413296376,27217.320055671637,0.11217164579415428,5.336302551001372,9151.849945353839,0.7298788529323769,0.7739573997625728,0.8288936775197444,8.637165987812043,0.6928209877790822,0.6198152761184862,0.49604677499186384,0
Craft/Artisan,5.631366418294652,27.07373624132678,41196.90472442071,0.8043879983345879,7.623614900824466,18380.311133660896,0.9648854686199616,0.32080624412482855,0.45968958169289426,13.329952231716506,0.7418138294774445,0.4553315578744548,0.4943506551252442,0
Trading,7.236155819928792,12.623864571470905,31663.135055059,0.5922057543303655,5.191793147632696,4796.413058845321,0.9432074829842343,0.39991098662529795,0.5192133207995342,0.8185251516636225,0.726809706604258,0.6095154542482564,0.31131839700315844,1
Transportation,2.224739354919291,15.855170455804862,24405.779941254867,0.8128716563257028,13.827557961598469,7636.642647381692,0.5992010659711131,0.5550553966438234,0.8623728038759194,6.8478068011934035,0.673442058847163,0.22429456313054702,0.09949524334909439,0
Transportation,4.468841586888477,7.573067120671874,15911.755645223671,0.5168676318415053,6.746599502739164,5699.271030738047,0.9003069143969565,0.4305477949609364,0.7917753252136666,13.388341804376159,0.5713558485068084,0.6887184086732087,0.3183739714216603,1
Farming,4.531099209149112,14.893143128390419,24833.65017146242,0.4734328055788806,2.2743089031724892,13511.245563986096,0.7759608642421936,0.6162516323000946,0.8669693781899822,3.8541638365831226,0.33579056395889084,0.7134520074765883,0.36169168329888773,0
Transportation,9.161587959088106,38.59218900218698,42750.14507353645,0.9253168612707562,3.4820917707707064,12805.547765074736,0.9254921274232574,0.7113863672201616,0.5787242480457752,6.211932894967675,0.6912660844399355,0.6019737798500567,0.4073987364746375,0
Trading,2.9300006572166346,24.223465312883533,20343.682256734082,0.8994998425222869,3.1801956342379962,31056.914605834107,0.9161358590276552,0.9370118729427109,0.7436301770500617,3.6218856228166905,0.8356317068386452,0.8066492822292768,0.32113703159484625,0
Trading,1.8797054462936045,15.882156648851161,34264.248356190124,0.690490453604619,3.5249211409529084,12464.651761301855,0.947555225365631,0.4936092607396847,0.6339600333697046,6.874759463086274,0.6614611792339662,0.6147473352779421,0.6008824722296594,0
Farming,4.811147444719546,13.10649571054628,14831.302572465442,0.6798043307604363,7.610934354658255,6622.552504272639,0.9598429572243476,0.7034983954922983,0.692701132421709,10.027210342204254,0.5022084424116388,0.34511956216152323,0.0862358612670156,1
Trading,5.942627474386586,17.658932834748533,41317.11437965184,0.6829803244349059,2.6804716310977086,39796.0285445805,0.7538339961011138,0.2094672660341923,0.8908022733323923,11.327517213762226,0.7226077948170959,0.4332903511055731,0.17430622040774857,1
Trading,4.220226991340645,19.040406017549117,31956.079873084716,0.7613099719501607,5.006382730994315,1700.6255639288308,0.6414538425610834,0.5745870610251195,0.5195812079628441,2.860338604544393,0.7305135063924089,0.5779713731297843,0.31804990900407354,1
Craft/Artisan,9.559621026029898,14.647442342833937,13888.814495917371,0.9073109430019267,9.42824072478205,13724.336067279952,0.5863432941688661,0.8315583333566621,0.8748523175054946,1.593432013945177,0.6168194898153151,0.3978535082402165,0.2973828128650086,0
Freelance Services,2.923141864797844,22.240473566169033,23784.56243605914,0.5206290358717492,4.440683536343224,15557.922043426906,0.8621239963650563,0.3492785880648006,0.8978638708019825,6.842362928141695,0.5475923062378619,0.7842209219756211,0.1252361575101405,1
Transportation,4.2930691388550315,10.37242007951673,44904.46446706381,0.8932605172730396,8.014459688428898,13263.865316788262,0.8304816410007207,0.7280826262721768,0.576624145886815,8.03061119350465,0.6922376345800689,0.7898298026168538,0.16619620578591512,1
Craft/Artisan,1.1179462892734273,10.332898600125855,13460.733582479148,0.7784118225319986,0.9510892385690077,18959.574171981563,0.5148790056919728,0.6271065854900876,0.5967937808475804,1.4433830773083696,0.34177658271687256,0.7272089046367298,0.17289278802458122,1
Freelance Services,1.7956104026970627,20.961563656401637,14927.752878994703,0.676284346302863,4.888154837628024,14436.040229634056,0.6352033385431722,0.7924298828731158,0.5537895951591464,4.049086752784017,0.4328443067320048,0.5219769448548347,0.052836573828696415,1
Trading,2.2359419196449752,8.650865971484818,25894.26189968379,0.8210841898556492,3.342163837677615,18953.842851948695,0.7389757444600981,0.8010474450009385,0.5069515390160736,12.921817865566307,0.6726641113854167,0.462581830209835,0.10542225879488691,0
Farming,3.2904943426075652,23.832138022900317,86971.16463645225,0.727978492510825,6.899312869776896,8764.339981816664,0.8409984404320716,0.8913889114569581,0.6396931375795106,3.97479200083515,0.8425659675366145,0.5295706882763467,0.556272533409163,0
Farming,1.287684038425782,17.885755100824532,18584.479089207383,0.6752339706449854,2.8956656168739072,4811.014794940292,0.7356328992722931,0.8090652900435634,0.529003147042543,10.715350960210145,0.6404965714177422,0.26625542863766066,0.40868648469389574,1
Trading,5.578921552529728,3.3767262502622923,35326.92499009457,0.8210678175399796,12.208970640655178,12933.197061185198,0.9594660003391949,0.8755796199026074,0.811629414185357,3.098638490509911,0.4633586386535228,0.3367580874564949,0.5129865434753812,0
Craft/Artisan,2.082801156033167,18.875993004487576,31041.319224419793,0.7001225411972338,1.081845317745473,6512.20069714664,0.4518230119709651,0.6983957060042072,0.8639708486576302,10.709132580192549,0.960094508931673,0.6088247841235132,1.0053396442647233,1
Farming,13.54141002587408,4.5188270032880435,19453.145432263602,0.7867841158826843,9.407343431636225,8022.718518317509,0.6653665659092538,0.549752894222983,0.5637097165277895,4.944475563256959,0.6675781427307284,0.6189353365497008,0.37578633618945384,1
Farming,2.1414661636221006,23.54689607724529,29396.277906186093,0.7533012401002323,8.634831256812745,30122.77679441439,0.503327662798941,0.46329871475277706,0.48762113064733503,4.210587251644503,0.5623464166141263,0.5133172839715824,0.03544507012289098,1
Trading,3.9909160169474105,16.01028536599523,21029.698582346227,0.8554748181744839,6.92958346959001,39759.27621911917,0.9391462748308447,0.7108083107708023,0.9126132615205397,5.182492308726094,0.5256877925087154,0.5996365525874834,0.2970136605842891,0
Trading,3.6483097204917034,32.80867373205456,22097.22613634882,0.667769970617892,6.163299760535973,29729.475539751285,0.5696038761740069,0.6484889389799424,0.6474396818004389,2.5998898701172926,0.6710075215472631,0.8587938033304663,0.4176051082197147,1
Freelance Services,1.672334906560977,26.570502754980858,10789.19504447895,0.9897919065867784,11.564876011969725,26112.439774972463,0.5714621033113318,0.44053703698650853,0.6404797620429159,1.4754296136792437,0.7746064769065558,0.4528714889158548,0.2886165148537779,0
Trading,3.2996995308068953,9.514459950145403,26544.028094006553,0.6082510039886787,13.412891668233662,13932.308916967846,0.4130817186521898,0.8451687161877603,0.6160843948795124,3.8550175811853253,0.5174049060418722,0.41804635818953834,0.11611111035673057,1
Trading,3.2702286260817806,1.8340810892686612,44112.63060225804,0.7784141774265366,5.378199935181653,27195.608355005832,0.5544763178162204,0.4730770521921645,0.6665073209771462,8.034299125888639,0.741748116316541,0.8149471455845632,0.3678883555128705,0
Trading,6.729189992213661,11.95918994566901,27766.462211512342,0.894260764176297,6.473308121352433,17135.9395645066,0.6636023941653966,0.637474076784066,0.34638013594642314,0.9105327799610003,0.583389304639688,0.3344839864201502,0.5280872684267321,1
Farming,4.933526398737436,8.229931177357031,49009.98189319718,0.8430083241916339,4.342799346741149,52221.17347147127,0.4946733116271621,0.8488546169822044,0.9303809691633395,11.455988760808097,0.5681524339004765,0.7609716070930543,0.33538158367130977,0
Transportation,5.5249438388875385,32.605904695016754,37018.76018920812,0.7166978160332639,2.49213780622593,7025.693319136778,0.9350615040893836,0.4906177824775136,0.7391602991477776,4.20220786034724,0.3594822524312094,0.5141315315523591,0.5632504269723385,1
Farming,6.634144520834166,17.917482725758788,26036.437586201548,0.7426385082731762,7.389338262793724,21393.145766821755,0.48782097514675093,0.8999690608612565,0.4507125376545756,8.199784865873688,0.6021123369167134,0.5368701898945349,0.2749077013639171,0
Trading,5.584201938741839,25.467350433465334,19046.54398233147,0.9697000305732494,6.748867208956129,5513.72195011629,0.7117689292078877,0.7942389210978329,0.5435658378027306,3.8017036245544915,0.798865467113404,0.3529697934897053,0.2963006992656474,0
Trading,4.443428260630672,15.719752699595313,20589.879683291718,0.5818993515298825,1.1693361408448686,21479.28222493151,0.4264037184738816,0.7192575143872886,0.6300615720930165,7.616009663641653,0.37056954348999693,0.7721207760189893,0.16536585665964812,1
Craft/Artisan,2.2199616214649565,16.562660093754836,11982.700208886854,0.8826873105737997,7.368005955568989,4010.318345849894,0.6133431171866083,0.468943125390055,0.5349639766597742,7.960988300720717,0.4441346026841574,0.4295746096145687,0.42355799577048514,1
Transportation,4.251366990396231,17.738983819928734,23227.83470907113,0.8383987899969944,6.849419559168001,5713.116864722511,0.5466730831961504,0.6806579836139429,0.8241031941943363,12.778113687404096,0.9043925644949072,0.5135326734648384,0.34925521888088273,0
Transportation,1.9038686540285605,26.85231454873957,29152.59812211013,0.8795300150463063,4.196265937375223,5443.422773450963,0.9670945307377561,0.5969581710964665,0.7252820293182722,0.9346149564318138,0.6605049494046652,0.3949437156977493,0.2500154352881646,0
Transportation,3.4823252668779605,20.49299804539679,69111.85816510282,0.7802123507495399,4.0004320173635115,15938.492918685932,0.7227658330983331,0.6512377606055515,0.22615950223057776,4.6684479221093085,0.7926136707062706,0.7258537001382638,0.8800702340793666,1
Craft/Artisan,3.1648618922471985,9.54132925218668,35974.879341772416,0.8745565261418128,7.271339302230619,17122.824354475444,0.5901327551807581,0.44510439414618175,0.8260457578610376,10.039722397449673,0.8880486922475677,0.9052971105893698,0.9840666483288675,1
Trading,3.312235553330681,30.980113104691338,16719.488781867673,0.8054801684060185,10.826644965541936,74260.56204510847,0.7639553868576332,0.4999856121692589,0.9042350336050253,4.802644191545939,0.309847599486294,0.6918182857506884,0.2736411735545688,1
Farming,1.2991480372092155,15.657476008109494,12189.710198254936,0.9763031200817052,7.195186888966209,12532.701658847234,0.8583306193821792,0.7470733034794458,0.6599050923224064,4.238596103471804,0.8447787116880527,0.5063816550903227,0.753182618954644,0
Farming,0.2,14.355839008986813,24014.097964035776,0.5395009193519967,8.341452753758283,22943.22107436762,0.7494224253576919,0.9563351908794093,0.4016043010094849,3.920747745389085,0.4265878951442558,0.675941008318589,0.448958276684526,0
Farming,2.7532274842447024,1.0,42043.93600117711,0.9414562134426799,3.5034108190804236,14952.12997802097,0.5983958105247646,0.898858797540958,0.7228765030908241,5.33374319300335,0.7775952734042303,0.871349387110966,0.6142160854988008,0
Craft/Artisan,7.6517340114203725,23.075196729290695,23829.05741644607,0.8927655235489456,4.757182831271473,21638.48328425084,0.2780946718853612,0.7628566272174423,0.3750474005857115,7.85359478244367,0.4253015468922879,0.6079943657052881,0.05034916874174255,1
Farming,3.95014510554949,18.808101117295067,36246.25324756486,0.5062604911262605,7.824050318658152,14773.11771744603,0.7802982916043224,0.4481204543363681,0.5956728966763001,4.250054368194984,0.5724105977153225,0.6227361472654254,0.2973908922406636,1
Craft/Artisan,7.298049780695604,18.799405252815216,24352.285948947974,0.9096573577159139,1.9249653460528044,28846.149896489136,0.7486857377657725,0.6195919853985341,0.7807056775354704,10.159372717995605,0.7060702085054469,0.5267166341380703,0.23406935477373772,0
Craft/Artisan,1.9140666197001108,14.777402631113455,39908.72453871872,0.5955423655379292,6.621605094910528,6394.084461894701,0.3568562760954273,0.5796176597495901,0.9633200137217017,6.104458483250385,0.7240315114232834,0.559532382614244,0.5184153005593305,0
Farming,2.6526116418665437,13.398257278937738,11175.823270560533,0.7559449569123314,7.480269099592368,2408.5223588651734,0.3489213775492304,0.6934856547956333,0.421107138945388,4.477095548012629,0.6568069708536542,0.5137232161039106,0.23008936175510727,1
Freelance Services,14.048779801320524,15.04335658535656,65010.2459256136,0.728980604979745,5.884397700115274,17893.310116352015,0.7491672554959821,0.5562168539664873,0.8333301976124682,5.345474881775893,0.2288927995674629,0.7241260736501061,0.4408976513354048,0
Transportation,2.0081901308091257,21.705286969018236,14590.619533151461,0.5588638231774526,6.958116097314803,3776.0956777005736,0.6063184733651518,0.5850904229620035,0.8167726675890631,9.970222754391532,0.7184778268659786,0.7766746260872389,0.7428636831696348,1
Craft/Artisan,5.453780869314167,23.112942184266807,41629.01925714148,0.7383099816025026,6.173459543351318,33463.70945801224,0.7086256056724046,0.5844744266127605,0.7851145326382083,2.9379138196463894,0.7108532302303088,0.7251538655535651,0.2368344205206927,0
Farming,5.448119551460635,16.15174729300321,23162.706896213593,0.5059337728220168,4.1335151918165085,9102.611817459863,0.7664197980725509,0.5472623388054753,0.4768463425066462,3.9711653980826775,0.7516454748614765,0.5778850786987779,0.12214928733957588,1
Farming,5.05687115248437,25.591499954534072,25242.759845606157,0.7416118637784561,2.4656797012634204,6459.028755778127,0.826831139360956,0.6757102332648195,0.2741200923513669,3.134972326541315,0.5797591898503458,0.39719558148716394,0.44932836693823547,1
Farming,5.499592597590239,17.36820655186018,23562.080768562195,0.9167112596125917,5.729059952106262,88465.15768824227,0.6595368103279269,0.6449627769205722,0.7533090433850721,4.027742058767444,0.448158015731125,0.6708898406365171,0.35808119324592635,0
Trading,1.9852019380906765,13.966188655010757,30964.062035003048,0.6852009623879968,9.913518010180805,13188.295224278858,0.8946503541921825,0.8735758241784979,0.5118302228284813,5.1014523223097035,0.3417580904501215,0.5424219183782145,0.1334334152621553,0
Farming,2.8524564189106774,19.587324599258913,34601.02202154424,0.7993922436871537,9.07314219278138,11532.517095420546,0.7135871288256646,0.7715746791528559,0.594805470866399,9.92053090699187,0.7241067894932095,0.44649095440432135,0.3653264847596941,1
Freelance Services,0.2571517237463318,7.124908652049118,48151.07925950475,0.8663253066315324,4.964003113491685,22552.08441732472,0.7588445721728354,0.7584584174348201,0.8741454311379044,7.843166694682383,0.7364062138048095,0.8344295592202117,0.425013710633036,0
Transportation,9.356724258950912,19.86174647263399,58359.176125546895,0.9194525417653014,4.90168668410909,23643.05955358101,0.6910522555295588,0.8876927384007584,0.8000954154139219,5.013374172441285,0.7579236732805176,0.4112634757263457,0.5894705667186247,0
Trading,5.4777952879105145,5.662543155789027,32289.64439137656,0.3627182904664323,4.68086283168906,29655.078749009084,0.43805726341497575,0.5760489780565494,0.3667908380916941,4.86679360012034,0.5882891757017331,0.44775184543733565,0.056122169957899884,1
Farming,2.237962559166724,9.778184320129887,69045.48929762677,0.5566683773586585,4.681248392432566,5254.912067029171,0.7187457928993081,0.8242422328684431,0.3190346858539031,6.976755758355509,0.8956741759458229,0.7637064514205647,0.23863966831052738,1
Trading,1.9309893347902571,1.8504687462670049,28314.657956992127,0.6998858742886745,6.863248269306571,19443.629187991206,0.30181518879045316,0.5783832405549633,0.610176369528106,3.8018624265579977,0.6930461137721846,0.8318377950571157,0.2016889325923712,1
Trading,7.736991388794828,16.599064378627993,48659.00651413366,0.5635003916009761,9.172444186099211,10880.96018609913,0.7163116285391313,0.4233879653518331,0.8785617063094179,2.843833275195875,0.7445798739900424,0.6216310394199673,0.21372671610911645,0
Freelance Services,2.1166831573690343,30.877069618472753,34057.16856962662,0.7614386343752674,12.788427704895721,7011.311593325378,0.6152977965966794,0.7267364255770843,0.8007625723893047,7.0339114411626,0.5947282004650138,0.6905844359288049,0.5207233604976038,0
Farming,2.2325021900553894,17.063386711348517,19889.30547059138,0.7560292156716849,3.510457438441991,13817.331564237882,0.5091311290036146,0.660963932135586,0.5931615956582108,2.9234613726791627,0.29636620001051095,0.2184382125362106,0.2711592742128069,1
Trading,1.6132868950331392,23.14868303546502,29723.06982074705,0.5399844334469177,7.953541040742325,3759.835394419489,0.8302013584640059,0.49374459874585197,0.6950585129939837,2.3625239913703844,0.6906520622870259,0.45994402732224504,0.4947491520641449,0
Transportation,6.168546153758038,36.81851117849911,35480.713020571195,0.7227455486593676,7.62700320901816,25490.259834921537,0.5385872929551456,0.536010916319971,0.6241181914409274,19.261409869862533,0.5464555384408323,0.6378141130446167,0.19783133355141344,1
Trading,7.22937529968161,21.232446784960768,26430.952029187996,0.6891973581414197,5.010760741568868,10900.095722103197,0.6730611031759886,0.8571248638889406,0.663531500789858,0.7388472710563769,0.823350916036175,0.47611725230489144,0.45894200015599457,0
Trading,3.1789277943803933,11.878303643295823,33761.32126358703,0.9126350014542103,2.921972252841419,9563.885253917237,0.7418517245676072,0.5205078993347398,0.7069758733697936,0.5717749836487305,0.7681016619280501,0.31941170494289517,0.468680497243665,0
Transportation,7.259616324386223,12.979451178113301,43301.806238249905,0.5582094980121409,6.826119290534042,12132.279841631473,0.5575730359921847,0.7247757453456625,0.6531690162546453,4.725213861170701,0.3910172852672281,0.8435647275158316,0.0672128356688282,0
Transportation,4.772972104704543,18.00526566578405,26559.55295412601,0.5991557773982862,12.359639360625184,11881.50501241351,0.7416334927358188,0.9418098235120737,0.7713518445676482,7.5033080923153985,0.7544146451308756,0.9058912542772679,0.7584608671764664,1
Freelance Services,1.5322208338325725,12.936842837912604,5328.695722402741,0.8397483311912809,6.807141313555887,29687.378908951363,0.7192423552953581,0.7120461369793785,0.9133791642794162,4.366302120660469,0.6944710109135874,0.7489990623952022,0.22433764561372851,1
Transportation,8.930326931346121,13.535304001492545,67714.02377558385,0.6622293347929884,3.6383051786478386,6204.317775439044,0.5962144275763982,0.7906246604079153,0.688206431506379,3.807618000913121,0.5792707269079134,0.35578615533938035,0.10021091731009381,1
Farming,1.5990139435303279,25.88203127407592,22841.280208943892,0.4180392991401249,5.528201074050477,10223.616500388922,0.7631970874515628,0.7303955015877599,0.6526486636300631,15.796065651784572,0.3232983452419458,0.46635240747796614,0.3361410097516609,1
Craft/Artisan,3.348137538047245,26.209250246177696,17106.193647884294,0.49552596849324976,2.579477918674611,11480.558643422632,0.8612548420240407,0.5202097259846764,0.4236632923926854,3.114239986428146,0.702467604634062,0.466799875438784,0.15074221770869095,1
Freelance Services,3.1856713173906206,4.824860143610689,14497.613626636314,0.6590905954947273,6.055530857679795,6338.444582868481,0.7128094153225748,0.48672175898418146,0.6792808262962305,5.138724881320372,0.6500867955992855,0.6281592776711703,0.40621526796110263,1
Craft/Artisan,2.7868620877466954,11.454643856798242,22358.341540872858,0.8949043985065913,8.050224083000346,14935.846569579948,0.8323685905666944,0.47374237671217906,0.8544011104195299,4.077627801304312,0.6347182139602071,0.34437280818580834,0.3165471698085696,0
Freelance Services,0.6239603830902335,14.28796490469286,19741.705210665597,0.6706355525619658,3.922199746248017,8048.883731321201,0.6649915165795413,0.7186895380337815,0.7507141867651088,5.733867007306969,0.803312833301954,0.6257878065069766,0.5674866937687898,1
Craft/Artisan,12.265098137193485,22.792711569322016,17937.428651250273,0.3728656541861408,0.0,4999.047118501031,0.9050471896921566,0.6641023998618713,0.7484070694814999,4.184221548692743,0.5929767669455656,0.7744424565965238,0.3388579200105592,1
Craft/Artisan,0.7176129710980075,27.14460470804525,18487.13847245677,0.7658127643221846,6.830643218286727,19309.629428711465,0.6848238925362489,0.6722582952756168,0.7123020840629388,6.772564975824656,0.5741724151781659,0.6649676734164831,0.21486807099822983,1
Trading,9.28508458090269,39.61574347419107,36003.036216636625,0.6844107085302702,4.495342319121065,39461.96421727688,0.9239615027819815,0.825916705381068,0.8260236014921598,5.198373368975129,0.6918601211136397,0.976868060848765,0.3227976362181918,0
Craft/Artisan,1.8782584438729673,14.27461362973871,82182.68323019719,0.9679821131854148,3.7479904956466097,13820.310025006664,0.9490108010118826,0.8885579037334511,0.6232593575208785,3.6949392330639057,0.8243873369941737,0.6564276898352271,0.1551560518485501,0
Farming,2.4032779283620034,14.674170285263768,42248.08806695298,0.7260406218557165,3.7220951899060375,12427.91150289814,0.6613509877157749,0.7622766481165689,0.6844435886306008,1.6444254421783997,0.8791884329854727,0.48086259579944934,0.06737514438580855,0
Transportation,8.713752060574903,22.708560125101712,49882.673730491246,0.8851185465870695,7.200755777090539,12244.928221488855,0.9220666684712879,0.6014100358870618,0.7419378293872164,0.21551419136127478,0.9003877563427461,0.5129678267898216,0.2534352719924057,0
Transportation,5.1231684136992985,12.542266248361127,21860.234361742743,0.7808959722491251,4.77628226302066,9309.907053969462,0.5331881573654365,0.7656636220338575,0.6194623359873,7.267292859248676,0.6654144706072758,0.6650631987414675,0.10722938162019523,1
Freelance Services,1.1533758534080902,16.872305108075864,28497.33779103546,0.6154108198254828,8.791336897261228,30305.006076599497,0.6768005812283129,0.8042563801360113,0.8498023081347611,2.3902181961533495,0.6977768237198844,0.7764361164147476,0.32997081861438615,0
Freelance Services,1.1316126851504293,14.679695129731634,34015.28707241945,0.59599185977906,8.857355001323867,14268.86016325185,0.5704313055488427,0.6857382740828555,0.797684908646952,5.195766522800547,0.5699786440903568,0.4243581219255209,0.257961738036532,1
Trading,4.627627686130097,1.0,18718.0421488519,0.6690997862711682,5.188103985377026,2907.2168523165797,0.589589870755129,0.8809446951416052,0.8677503557870863,1.639503229274354,0.8116427694027933,0.5488774256727904,0.3287932672502276,0
Craft/Artisan,1.5756652368969972,18.985865841212366,21286.928145114245,0.47354373720639753,4.437402074970689,30923.37867485097,0.6931787895346959,0.42258815220706836,0.842387163175131,8.879263357899951,0.5021216072148602,0.7811429183128211,0.15531046136153523,1
Craft/Artisan,5.285603594548391,16.54111232557768,43045.09547353435,0.7967580454269693,6.383125516109681,26047.691917091677,0.914700336588593,0.5286988734704862,0.781109715963364,8.613344299103447,0.7139442977435907,0.38451396900946094,0.16472536241821376,0
Farming,5.649923705964007,28.169848402055194,49004.18665124992,0.5306467292755014,5.563820454593417,20355.79045118481,0.8974113057254036,0.442693703835443,0.7649543333254524,2.56141262298797,0.8551881197908725,0.6963604581834038,0.5361147068025186,0
Trading,2.0430192228149533,18.04392326029084,27919.36039801598,0.9472079541394154,0.7424589258821168,1941.498085243895,0.40267815428935416,0.5015017550021057,0.9027269223313521,7.829883289654628,0.5275827356423464,0.6507860666819436,0.19756721140473088,1
Trading,2.5041192356078907,7.962020173486621,13942.03352393281,0.56929682377587,11.742311256177256,13332.183112162256,0.7089513989524318,0.7807576679856281,0.6202112723305401,8.833157430037417,0.8549095037300377,0.48945486791528414,0.32865823766977004,0
Craft/Artisan,4.730776170947572,15.935209016163814,22866.412486429777,0.7218575031605409,8.143007242231812,24969.23104243341,0.4492984952271452,0.8588918391066105,0.5341874198481368,11.908783150417786,0.8768279577849398,0.5464035379867344,0.19328570857608843,0
Farming,1.9716860690149345,1.2713372549069746,12176.55762389396,0.7683836428913566,4.609544875416239,17424.796799576256,0.7454548740219638,0.7797793319603599,0.5326136006674382,1.7587344790106982,0.6311192832103624,0.4565851111101179,0.4156923264640336,1
Freelance Services,3.954000350960949,8.31265731840286,28039.27052815535,0.7947995890338624,0.2508503643821127,15422.857567903886,0.5613992133761545,0.5094813967840773,0.6529532722865733,3.7692313977761662,0.7065497934190478,0.608468440721826,0.28221534697283923,1
Farming,14.579450195130724,23.08404774522398,30960.631079456067,0.39792295907221786,5.45870441379346,25005.695023278004,0.6874543615912789,0.9038891589447746,0.27139523363771545,4.7222700353467,0.13436435086340737,0.6378494345664768,0.6796689216893955,1
Freelance Services,4.885086636599145,16.021276480370695,23181.487080291146,0.7013038138922143,4.236069539893923,14728.14850694542,0.7510790710708518,0.6541156051909812,0.43524242981276223,4.030545980120837,0.7946192383086335,0.6902463082081953,0.5697306326484877,1
Farming,2.8162625365753327,25.380065915984524,30728.35651708231,0.5055643243175988,5.81828039076945,31024.641950758974,0.7234855882079507,0.8251858179375706,0.46627747819630516,13.275244493191874,0.686543235821434,0.4308593657382255,0.24056591907509464,1
Craft/Artisan,13.049665042301433,2.264861992975618,33836.51018549745,0.7915406719134818,0.0,14961.413721005178,0.820989640087437,0.5996239832708771,0.7397034998549008,6.88368752034129,0.518204868886183,0.6192543590997571,0.5842602324638253,1
Trading,6.4597862189283095,16.060308821409976,30985.484243644896,0.7633098198910439,4.583260074338842,14150.834172381401,0.7349959727537967,0.6725795634522584,0.8130677497395193,2.290972981403167,0.4930448017446749,0.4581153596891588,0.14553338827908396,0
Transportation,1.608087447165944,14.195900012897717,13893.24929944888,0.7546910831693378,4.76603429267699,24951.509042285834,0.7280582175956365,0.7766573530987041,0.8476556402133597,15.766068817271481,0.4022848203144534,0.49949250626508646,0.5331773278843266,1
Craft/Artisan,1.870876127576064,25.64678866090565,23404.992211609482,0.6500573179494179,5.423174172258497,10107.056761248361,0.8137994223245354,0.5670454353858242,0.7474514774537231,7.44216617691957,0.42556755692999126,0.3198955625952337,0.47072144339158634,1
Freelance Services,0.8065202318142722,23.38210214533298,33705.41001569284,0.6414853503300335,5.291376956775621,6197.681153157479,0.8235034802245065,0.7466729076844908,0.8829253885955812,3.8776992858150425,0.6338860332810525,0.5324461318593994,0.26040796758296536,0
Craft/Artisan,4.6723582648155215,23.138017200706383,64105.886657226925,0.9702075480540451,6.156752498618204,13395.32380359765,0.7256343218073724,0.8984450750225517,0.37981935285497165,1.1371099785345244,0.5342486258732918,0.9607361250515113,0.6126734897078158,0
Trading,0.5090272835171531,30.33128030467281,23165.997031889416,0.8043904143474204,10.563532135437175,20196.450844615552,0.482869938087675,0.6840657953516444,0.4660130396572302,4.239399761914831,0.23898681966228305,0.38402080874822236,0.03207190262631191,1
Farming,13.039634284120709,15.05530312570747,36423.23267211917,0.6105372150025031,4.4549574382589086,25533.68329448497,0.5529409965408938,0.7420578598479164,0.31768201113852085,11.439139710072173,0.6113207009819145,0.6872990628530983,0.0634667103619674,1
Trading,3.073424950501533,28.68064668240575,43607.46156723636,0.42378948912286823,3.2665261324052226,25632.841135547358,0.716543486110036,0.5517957803634493,0.7773500896371409,5.059806008838569,0.34462058800067236,0.48218164039683326,0.5481484949532139,1
Trading,6.722283199514796,9.646350792962112,24145.535242331443,0.7605982935844906,0.8180084360290394,12732.922969452895,0.8115698716449582,0.538685295129388,0.6905490506353755,4.024784541299544,0.7002743316812259,0.38087015064434077,0.2899600558902949,1
Transportation,2.8710947952815378,9.35297800187445,50595.820908216156,0.44270257773225047,4.466666528498911,11849.500113874677,0.48899186999161226,0.8179040057798372,0.7978395229229102,6.8925225967736266,0.3813913598349882,0.18048737824209435,0.32227957006546765,1
Transportation,4.616488409628711,24.02197257198671,52114.34924997663,0.6873653756916456,1.7962472281014419,8826.544131060495,0.8475922707734136,0.5694612984506242,0.7893505801076943,4.490330702668291,0.6377497588758515,0.4603930184198238,1.1247336666109142,1
Craft/Artisan,3.3813777209014577,5.962074092729587,57481.10727898409,0.7276324173926558,8.880288883824985,15913.34330401932,0.8160580436020193,0.7959623792487429,0.5465701620869142,8.15768562860152,0.5325293916996608,0.6658216234722442,0.9120341921417474,1
Craft/Artisan,3.8744891854115373,22.582125027351662,34618.29896080525,0.7150362383987141,5.711682508095662,4235.315894233535,0.7475918281678716,0.7358903380123516,0.8507717498602451,9.195509341734784,0.8582716894762888,0.4888778136205543,0.29656084462135684,0
Craft/Artisan,8.10960068997127,18.81050554977061,98525.97394891632,0.7738846694005276,8.81839495501957,13574.271323384286,0.6692171507350618,0.504006368375377,0.7226331297521422,2.5307614725723506,0.6739529354707544,0.46743447985394637,0.1995521260142532,0
Craft/Artisan,10.676507827555566,26.57482182923898,19179.442628517838,0.6233522935586034,10.397091169350286,98201.471549213,0.7989543667410154,0.6508743256055393,0.7091598437379985,10.405737383831221,0.5211107073881851,0.46334512405970146,0.3943471922440063,0
Trading,10.155944883082142,17.524448280360886,86529.67281317768,0.9231727750057386,3.4048263980775206,4662.446602445445,0.43190728333095485,0.660094423095973,0.6273107035858267,2.5262285313864097,0.8654678296736065,0.8721115985395635,0.2561412681949436,0
Trading,21.70206643124892,18.448391570364215,41050.76369644197,0.8049619881908741,4.957920719559569,14909.962987137289,0.8264230064807129,0.5622814689993586,0.6126329057570683,5.660350959845831,0.6419402029918637,0.5291811593125841,0.34613439576702637,0
Transportation,2.148721411543318,22.074119943399246,56230.41227303642,0.704810617659643,9.99506040461143,17404.517071523664,0.4745678592168249,0.7292530737445889,0.8735323782804115,13.664565295426172,0.6313630972904586,0.4328900623705399,0.3068583419845921,0
Craft/Artisan,4.927378386654902,12.698803599521773,22561.02716642276,0.7010102255361443,6.567652738131302,19044.345835885008,0.4811488403877637,0.8656860901138806,0.6258934815064959,5.46186480194411,0.2518297934306407,0.8179268662121112,0.3490915243476902,1
Trading,2.188614499417575,12.35034954007823,42807.17837848414,0.6428924517366681,7.564529810993681,6790.975508995783,0.7315214306971048,0.8242832410978101,0.6558507059745917,1.154103957345748,0.5156108267420063,0.30609013103669347,0.20215459581953735,1
Farming,7.895833926113146,21.795435518747354,58973.04711882268,0.5834224355352972,9.098932714409253,19166.33622911228,0.3441305116969069,0.3141937902752331,0.24252364513963734,5.957864036025494,0.417174694373084,0.570676462328689,0.3380159384094666,1
Transportation,1.674950446915432,17.765697526954902,14793.641601998546,0.9341824194498423,8.689543960992111,9189.762844368795,0.5074053487788925,0.6446269496550305,0.7824754040406766,8.38956257726094,0.7770872300373739,0.710954066548858,0.37784264079996693,1
Trading,8.20070572514908,14.741488661565757,24591.85439668656,0.8217759972691073,7.231078659873115,4918.1689590544665,0.7697512241297303,0.7650193054396053,0.6766894440534412,8.516158902872428,0.6959648387406101,0.6694770917312578,0.8314676519705713,0
Farming,4.320018807607596,17.33772720241866,8285.903873308527,0.4565924644788278,10.18908445553398,26013.47926235042,0.48111999173245446,0.8249289406293489,0.3564970288036299,10.242067572506851,0.9283728833785893,0.6065142814714639,0.33068156858388104,1
Freelance Services,3.5222926099287357,30.75647606270664,24389.71638309493,0.7437581759144405,5.795237074235651,21273.77487452067,0.7748230842223475,0.7116318486696623,0.7992160027004955,5.81214356375513,0.46528077911798554,0.5722074713540599,0.1381293473083537,1
Transportation,3.819057837113036,14.45585274608086,17174.748843333862,0.5966201050613501,7.558243194773553,6791.358545165935,0.4076435441546812,0.6490271016327864,0.8161420528636233,9.25513088526112,0.7775713034266031,0.6992030813233812,0.23606978415616356,1
Trading,1.4313064596913998,14.223843093743875,23866.421016389875,0.9133276200836716,5.46972448694451,9130.189836694226,0.725090790767357,0.41150206541686046,0.39756939545370307,2.3010948067402195,0.30645450818836345,0.4128566249480712,0.5940577247890056,1
Craft/Artisan,1.5385547394220787,4.34044620270004,134323.16393561361,0.83870172175204,9.0616550072223,8901.644441593851,0.6032020365546881,0.8393999760379978,0.9311788195533026,8.036867507350362,0.5966133819101537,0.5543775649054596,0.4835237329191617,0
Farming,4.373803577460068,17.66117649474308,69202.47651389605,0.587763070162592,3.8977060862378563,4228.027083510162,0.6536147257163273,0.8069552087715735,0.7354709626180094,3.659830418784714,0.6606889277042207,0.8657645966230632,0.05367553529073754,1
Craft/Artisan,4.353221313443621,23.255068089923135,12189.178815877418,0.9018826239172607,0.9514309857612737,22781.425602232383,0.5712399769371278,0.9638755087631867,0.7768736645860232,11.864123621396665,0.7592623596188423,0.7666361366588167,0.15728795907720558,0
Trading,2.2681360908958212,24.689584925446944,36521.48753265067,0.8689379930508415,7.964774362260449,23387.170594355226,0.717149040066252,0.6588509254027243,0.782679491545108,5.722100746271131,0.6431180588423894,0.631794615182657,0.0932026600277801,0
Transportation,3.04854724774588,18.865740813044262,41748.22013538963,0.9195779415853201,2.93958440240786,10584.789582366337,0.6084492818654145,0.7043243761513,0.6460551299429027,3.9706903117286396,0.26691732220575703,0.48841657714452164,0.17665102788919204,1
Farming,5.212680259615429,25.646668584647067,22340.503318928382,0.6478582680194228,2.6422720170508676,13099.27424987895,0.6140243735460552,0.5647443196350372,0.7729137141928532,9.327977971390393,0.4536444952486022,0.28406896195513903,0.26567247532167665,1
Trading,1.9630265663554924,23.849843215041936,29675.265956237472,0.710160950888217,9.794789803441212,14476.596353601617,0.5465474904249814,0.6321558643904125,0.8221244579719774,5.370755993527673,0.6163474788939972,0.9461041767961542,0.25079810963145943,1
Freelance Services,0.7138690557356516,26.9036018375381,31313.049734935918,0.8473399726219325,8.898838653573524,15852.370096444585,0.5567739751536144,0.8892364445869266,0.8513841951278985,1.1170190648766178,0.8433608753101852,0.8076697814448331,0.6954574370289038,0
Trading,9.571987510164229,25.874421243820493,12827.720148853292,0.7300174446619188,4.9724978074641095,5201.641669375774,0.5781908763380853,0.6844219058199309,0.8148335208398011,2.116881676330822,0.926957527994444,0.36029394346029814,0.9957958497656482,1
Trading,4.588834652650417,30.55982556885801,15256.621053467192,0.8314364573863723,0.0,18805.623368851153,0.786316883888804,0.5973447640263486,0.7002328297548568,17.388707144636506,0.544805676138976,0.6179035960350197,0.28247003001712695,0
Farming,2.597569515389868,16.642454667470002,29577.321914844175,0.6184418468620911,7.599720417723369,5867.271110596039,0.6521013187689118,0.798530140410862,0.7494126057493967,6.6806958153940785,0.7417296224458333,0.7784801120066718,0.17351329065194535,0
Transportation,2.183309103953778,7.383535661107933,28414.969785174424,0.8141591834588402,7.987514617690574,21524.834691166034,0.7728822177558434,0.8115463995327087,0.6149652050574878,5.917145289710117,0.6928559832063688,0.7815329215965167,0.1982986548681635,0
Craft/Artisan,1.9473995620997042,23.30974994948336,18220.27941871593,0.8069614196403404,7.550434004590908,6339.681951464062,0.9644662808672679,0.6828282937907187,0.6201647111982438,4.470292941356153,0.7143292966483143,0.8245565166990884,0.4632676372655241,0
Freelance Services,7.8756182484834385,24.24442551458221,17380.308050386182,0.660723554910739,7.412560472691636,5377.204325175099,0.7037597383565833,0.6989891477471398,0.9547966974415248,6.585589790020098,0.5914363112266313,0.35543830346097444,0.03892269524426122,0
Trading,1.2256177388639142,30.559963147049118,25607.0097841908,0.8222577893172643,5.455832483562078,13100.07203647333,0.7299284676339568,0.47767254908116435,0.655640706870254,7.210002676647711,0.7866926644637116,0.5304093305408194,0.41319432696241293,1
Farming,4.918721238320362,28.250322849357648,43799.7340374078,0.5282401563460583,4.7685925686972315,12895.66313897655,0.6402825169666196,0.4121988091536443,0.7430120009861562,1.4471078883749775,0.30333198726578264,0.8651274253031501,0.263956971857465,1
Trading,4.915850213616244,33.56377964691652,25794.919321116784,0.6905866283921853,2.6815143911610395,14366.044063786258,0.7347208652609949,0.4710852877761905,0.7025115679845436,3.921292117642907,0.7087870857443991,0.6826526145921783,0.39881802816944656,1
Transportation,6.242690603830698,22.958831842612263,65676.86140665911,0.7565097580194187,3.9078099729396123,7151.554232576849,0.39942597443136096,0.5173514162001273,0.3247362750461418,2.73767597065366,0.7273719235439634,0.7136742068166508,0.09213266530756578,1
Freelance Services,2.792126253593682,19.830484735509025,18348.41912940843,0.9254692354345952,6.964453979825516,15397.684246022493,0.9270549928333305,0.6611110541322632,0.6429324281481743,1.5659548811079746,0.8401549879407607,0.5077121648452813,0.29050378649634623,0
Transportation,9.055913960959945,6.920135029394027,29917.844602294997,0.8610995359620209,7.01378085268504,16446.931045472462,0.7333013383254713,0.9101223248971997,0.8886702974290572,0.7047391407726847,0.695366449620502,0.8953229870934405,0.21635480081486094,0
Transportation,6.365422603076448,20.464772276112644,22139.918253296844,0.6646460540350441,8.36947364726095,30212.146177701452,0.8083020537985145,0.7228008600754032,0.5840875274187206,18.48433924910145,0.7730355594333129,0.5115485656704583,0.5504619953726736,0
Farming,2.7205760136001107,13.579973145029456,37174.50740473105,0.5789019052115405,1.7807062338896387,15207.179111311616,0.8962626028256574,0.6707222695029094,0.766515074599644,24.101322973421503,0.6536248289929825,0.6081468816364823,0.05380821327791214,1
Freelance Services,2.102199073206634,19.692080107459766,17502.984089523034,0.7168037568033147,1.022323065909779,8781.701774803865,0.7292675491774162,0.7801181957917233,0.9698139063687529,18.201507969406137,0.6403146967727157,0.551659390715361,0.15028860982652453,0
Farming,3.3882433450027105,18.43610549047725,77657.91574314034,0.6800781159061146,4.860884662755641,5203.34234052964,0.6553105837850279,0.5568385945178509,0.7057129869300051,9.33077656619925,0.5272271640993661,0.8654027513439218,0.16042942536842106,0
Trading,2.6514340925807534,21.77386871080108,10616.484125014467,0.6859248866746205,2.940157063663981,4577.083860520277,0.343679099580062,0.5147420096874661,0.5681097738641608,6.21165711518163,0.6234494810118885,0.7145463073276189,0.19922473859300507,1
Farming,1.8322429316202462,17.221354323691916,69114.10627457664,0.5953117730826367,6.557962369463586,16748.84687593692,0.7734484801604086,0.5824642358921946,0.8609113406007319,3.4566376805113954,0.6574328807963437,0.7432942943087073,0.1478975727729319,0
Trading,3.9414128016325525,25.480161525860677,28268.22490673121,0.9349155000575049,2.0703701473803022,23277.423221635363,0.48905723891088104,0.623685091987278,0.6991779318740178,3.9899766441991398,0.558971147733704,0.623607394230661,0.9476545032048878,1
Trading,3.063586677135456,1.0,36454.986063995144,0.9013298212309095,9.54069642777019,7164.157076986073,0.5966750107516203,0.5143432748842857,0.4181553890939908,1.735303712760616,0.41858841644874395,0.7967913165837743,0.2706360093427592,1
Trading,10.44944659296804,19.519948601262755,56049.39848585279,0.9164187042702431,3.533818924681231,15973.470297690119,0.7403068779648987,0.8704260326580613,0.7661169090526468,4.75805827751395,0.7895244013279757,0.5537372881582365,0.44465386737978757,0
Farming,2.648142091005854,27.619918233220496,43118.776131993465,0.20846784675950858,10.778022723898475,11825.895307805267,0.6993480317069197,0.7558123757044836,0.42335213702109564,1.0208102539295327,0.9727758887431565,0.528890543496391,0.9085369311475344,0
Transportation,2.0869027794272057,32.96038806764972,18006.44830178003,0.762690335120958,7.572905551535587,22087.945250177574,0.7044335063318736,0.6551158614498654,0.7592428446344289,5.713479310913151,0.6020178150594162,0.48778434257147896,0.38795394608314004,0
Farming,3.7614026591204732,23.8556907070805,37423.31763835421,0.7823891043941945,2.8343038499674944,24495.723694991095,0.8595810546535343,0.6911481605408494,0.7052823940524454,1.8383572639464913,0.20628776500727392,0.5249505463524564,0.36588467044536244,0
Farming,4.4886072666776755,31.47906418066031,75140.1777680062,0.7653330063931563,12.284235046061465,2734.3558051482682,0.8320191489404747,0.6372647694508525,0.9151720882141223,9.768781665400466,0.6722161066114544,0.37685287258854505,0.43360943310285355,0
Freelance Services,4.729574881394615,19.35148796606994,16514.42562632542,0.869456428711264,6.7963569438525395,27515.21184486433,0.8856560425513935,0.6139711127520868,0.9131032807619597,3.7119515715294984,0.9072908214729422,0.7619453289927137,0.4808256345385183,0
Craft/Artisan,4.6978160175639,18.022900607416503,86261.2430979227,0.4141783717206235,6.4983582185062705,15939.217713344155,0.33892291545904063,0.4785123209709188,0.7704263333799302,11.561556064659143,0.4951266642048276,0.7222461396633243,0.21963050043852536,1
Transportation,3.8533244531930055,22.235325145822014,33260.85195037151,0.8945383806170203,5.804363842880738,9210.052352572537,0.47869621289217934,0.6641618462219059,0.6446938870279894,11.667251194717794,0.5050782596781248,0.7399857111364662,0.058148017777673665,0
Trading,3.655516350190953,17.97444573687148,21199.327224090994,0.5899459599497727,7.399659965810839,9391.647541451275,0.844883170805968,0.7611516828325556,0.7394136222005108,7.7510148881017304,0.860190367801005,0.5656900274755743,0.21165747110650804,0
Freelance Services,5.671529141725078,11.741140255861115,16460.038915344205,0.8803222950813813,7.576261834417897,13659.946040348059,0.703074849505971,0.8485978906735523,0.5884328713593385,12.927811751134492,0.3776947494166441,0.788904100153204,0.5760063312958247,1
Trading,1.696355649791429,13.878078046944804,23794.08047237148,0.7561087672604259,3.4050781444046994,9389.767838264785,0.8479957949044902,0.7180042297595268,0.7722759682432584,5.490906451004311,0.3511140756192433,0.8719426580741119,1.1104046787987305,1
Farming,2.0989840127436863,9.102776751390742,9178.296664888794,0.7968690805539167,5.359345648409146,6933.343585494774,0.7300103962129633,0.7183062393737829,0.5709088972019517,11.082570639032431,0.45679270104206054,0.25712850083071026,0.6255153330529912,1
Freelance Services,0.9563468679062219,22.227016758921955,21410.04625494057,0.8883892595087375,6.347102873251432,8139.96893648403,0.5020320814305671,0.7434930268763124,0.8022174642430848,6.666956032338247,0.7422609924367173,0.6291749777435023,0.383167961629059,0
Farming,1.7198173881534573,18.091134500003818,23280.933873443002,0.6761557620262731,7.748221393961889,6450.330409624853,0.7211023595707531,0.8597128385434645,0.7996083123614318,11.602194787313639,0.5516109033244493,0.8877358985902093,0.516266518965652,1
Craft/Artisan,7.378982132278863,15.11771106593522,14899.344430136109,0.7366674134526627,7.799067831191923,34289.618256182446,0.3457567481800607,0.5362761300443919,0.9063442177997592,6.06405026794277,0.5653314555999964,0.6211106750219798,0.3822590025042013,1
Transportation,5.5118735021581795,13.466529945301678,40591.53625359459,0.7002282926056999,6.49362538252189,13892.902409526283,0.7435950280838983,0.4680253365204502,0.39845572952385494,10.721815754818314,0.7545846624462271,0.4635146802694354,0.07433054276136741,1
Transportation,11.338178528202533,22.04045076959701,23853.31646333861,0.6959168756867212,4.3490311331325175,64665.95630643625,0.90146180120586,0.39759185357005905,0.49730672244859064,10.22859379833686,0.45279628415254447,0.7098102690119755,0.121488911281693,1
Trading,9.661455813731257,24.243585444880562,18964.289704622028,0.5960164505465585,4.195224268541288,17322.360480804236,0.7636358433029492,0.6966248178304982,0.5342662652459957,6.0104818195882235,0.6423836063221454,0.7270081055126406,0.699248484658049,1
Trading,5.543548497558936,8.955888027958538,22495.40478850289,0.49930243981744277,2.4255347909762373,20175.732057858444,0.7758781443126744,0.8809794776884139,0.49506224811836913,2.64587592032792,0.528430196326261,0.5479771623896912,0.286754648118547,0
Farming,4.163064162482749,7.6985226417950585,32705.845759894004,0.7931463535023469,7.777803493141306,6354.231914431672,0.4456577389427416,0.6399320003140495,0.7620649317764295,10.794284804039215,0.17681496733249413,0.8937316703994789,0.3066239886297099,1
Trading,3.81324807471399,25.63607964496812,28008.733906665926,0.8540885845043555,4.15206871765808,11467.288061233901,0.4887706253362275,0.6053638737610118,0.6931130513071555,6.008718387732615,0.6458289334083829,0.49196716421701375,0.20945410425710626,1
Craft/Artisan,0.47406936871803623,6.998934092091234,18296.475077345098,0.7169124225986966,5.424736507398224,14057.114477073212,0.21807645901205686,0.8505049659121903,0.879218173621873,11.226686782748894,0.7330684984991428,0.6686919130764454,0.3044136049915192,1
Trading,3.5160630424499972,22.379894670579876,28828.201643280074,0.5004961958460791,6.713231720932451,8552.04703539638,0.880520807196977,0.6365186038440601,0.9046730397075452,3.5107237300382548,0.19175841954384812,0.8144462817626262,0.4542832524505649,0
Transportation,2.402000904752008,30.935273590032104,26163.699750394822,0.7842936154623726,6.011802504683074,9649.286766725905,0.9737662018208803,0.518493598653056,0.748662125548116,1.0335461461109756,0.5088706479131397,0.8782269136867862,0.4322621894843291,0
Craft/Artisan,1.7849526103973619,30.953878427145078,14375.701683912399,0.42743383534709384,5.983166049813687,17927.721529849416,0.5267670223542764,0.8085643441609338,0.6412140035402674,0.8245666838475332,0.4977290507175028,0.44787511199981006,0.3717447313972133,0
Craft/Artisan,4.959985603983402,23.902980725056732,22955.719923420806,0.9101298053363358,3.285114242063185,18175.537195136218,0.7780812706282115,0.8970851555748486,0.5337018319372405,2.586646264587617,0.90728100794294,0.6394882976118014,0.30948185278966667,0
Farming,3.2139725735148814,23.670476122576964,36998.625738411836,0.669625241370263,6.806587675161281,5240.3224260626885,0.681485366628074,0.6842662212588632,0.8194919242317168,11.05381516635015,0.3412192554815564,0.4950331930956445,0.22356021866839174,1
Farming,3.9816626540649085,36.01525960157164,36852.40068344399,0.6327278703874213,5.061514027716283,16295.082122747608,0.6099464641687464,0.72183640519485,0.7906577825910709,3.850409964550739,0.838772036268102,0.5366280972008758,0.16560844638329703,0
Freelance Services,1.5711060111154465,1.0,23706.857166108508,0.3123891038527092,5.74079865762947,19675.1289587607,0.541778763218773,0.6390476007270849,0.8756584327996907,7.5257158442371495,0.4037448971788957,0.5042774883707678,0.4639229950124018,1
Transportation,6.546824630946924,14.285314591354918,39035.432454683614,0.4921281571654435,9.473905473197984,8837.914503458063,0.4391982207743329,0.6607878592174584,0.7711544179640906,7.309863785945829,0.728736807187717,0.2916229791486511,0.18258050502918202,1
Craft/Artisan,2.6383816426325066,24.787934792612813,15693.854422676683,0.8528864952223335,7.515954581799427,8230.97980552646,0.3848070420059895,0.5034729962620694,0.7660866029810605,0.5889662537862748,0.6479599450879617,0.6341814467508134,0.6122041623053628,0
Freelance Services,4.781638052865968,15.301703937264344,15963.444826832772,0.509396967868522,4.287583183668911,18197.29795523628,0.7871359316178671,0.49702704996674607,0.698449754091352,7.949013369408372,0.914463543058583,0.5935676049632671,0.30484154062346963,1
Craft/Artisan,2.8114980925599076,27.918226468856275,23430.872518673452,0.5882472561339076,5.553258223230593,2205.785260403656,0.6324101012500635,0.6772285251549636,0.7225330531533217,7.736161023928275,0.7705249014635597,0.50215451304523,0.46948107937166217,1
Trading,0.3791850846780638,17.685167517518458,61307.739792793436,0.9154461117545336,10.798310713540516,13379.234627992835,0.768196952784944,0.2884166427284503,0.7504685678314417,2.676228812222629,0.400851814451542,0.7150916085082101,0.46289785787356624,0
Transportation,5.097221420643818,19.053950882700782,29430.546030700116,0.7681839531660365,5.07785264411518,41944.3715825454,0.8344628393602462,0.7347443663337898,0.6316137809987673,6.636509763122236,0.9463017805297024,0.8613572861625785,0.3821743174034592,0
Trading,3.3707726063851298,15.802602686032499,23122.20764686391,0.782263765915715,6.1196437295300035,2170.1432979946253,0.5401681733016308,0.8574523218053735,0.7946367621731013,12.899324293991558,0.2582265322702793,0.7048779144988192,0.427065705008234,1
Transportation,0.8927300116490506,13.819912329535514,62898.393427152914,0.4326896714365754,7.992436705972382,23766.027088990377,0.6182685013294478,0.6083783359756277,0.7233852126658737,5.440024805978094,0.73159401831222,0.669925312877724,0.11070913125703227,1
Freelance Services,1.4096068521978595,13.623120294818785,22975.503466206756,0.7430873886034415,6.6455744637102745,19557.139947364365,0.8650416285631759,0.5906712797393275,0.8159203305829118,9.504019848638228,0.7077089993098895,0.23175307346650711,0.7521669231710335,1
Farming,6.673664133949265,20.169330374694212,91959.4759794043,0.6092867729936811,4.881545644058971,4882.093582008273,0.9153342111302305,0.8082109428251179,0.8557974949782796,4.677136312810647,0.7363637842039262,0.7363296664513544,1.0343963157579479,0
Farming,0.9365347630939654,11.803480273417065,20308.489549356505,0.4860180611697787,3.7697383132256244,19232.218534482217,0.7314083811700951,0.3297658290381142,0.6678325442741475,17.940333752783495,0.3081472678502092,0.728051966680879,0.2774428458142257,1
Trading,2.585463675808624,25.6256390679303,15421.982396088173,0.8583532898195928,5.969703174800349,26929.93917765847,0.8761651352935007,0.9381241983350673,0.7307717603242088,2.303436707558681,0.45324481880784895,0.6249292622238098,0.29924621954921815,0
Freelance Services,11.967614643424605,23.22580739682259,24550.82932795361,0.5018644516628399,7.974058033091632,5862.714265445802,0.7457489809042083,0.7118481090540884,0.6953841979301094,6.078872133512451,0.8945045062646888,0.6094087331189718,0.415002183800793,0
Trading,5.186882653468602,26.795331527758723,23458.863022985202,0.5145624152455279,9.96270061992536,8143.236325038166,0.5303643486932362,0.585843370886044,0.8779450194470015,1.3178613569612172,0.7109223085059652,0.6784794226550996,0.28918622386032167,1
Trading,6.0751772838434785,8.96860515205601,17253.21898726664,0.3087430816031501,1.603937739014877,13606.120094483624,0.6794936731509067,0.7081425515050346,0.6425223483273046,7.198561521933406,0.5007655647255591,0.5590639186183818,0.3328661202073767,1
Trading,3.011381315749589,4.404187625708449,112542.44777160468,0.8265928603745525,11.288352982489714,26485.93463428087,0.5180651047246673,0.7157691247794641,0.70136552217084,0.7906665097134162,0.5852082924624801,0.9060207017906073,0.2693546087535056,0
Trading,0.8167875320757626,17.966513954945892,32056.158997414026,0.8438901310306453,5.134772841828152,9147.328226886433,0.6423770639870737,0.8545565347233008,0.7511121844794759,4.952484892280732,0.3873373446757209,0.8069026205639243,0.14836272250000318,0
Farming,4.254221715017485,41.19040490847617,34729.24010831615,0.7959045629227037,8.774480004766836,12971.844589175607,0.7922786459546293,0.7343252760195242,0.7979905861684965,14.381233210109361,0.8878515972724169,0.36261443539483984,0.3491910031309954,0
Farming,1.4983134257113349,28.129670224756566,20867.87977838781,0.9407131438751964,3.7873941683735053,8388.142291371845,0.5149876752094449,0.43387299944969104,0.7627281809750753,9.455581784896818,0.60182011465353,0.7925773604984024,0.18267509768995355,1
Trading,1.3733824336548277,13.564429531946296,19580.350921889796,0.9255338763544676,1.1674817255236558,13591.370387319184,0.7722760008308927,0.7883854260202815,0.711489283958897,1.578659112347117,0.48064462563442856,0.5675372721144308,0.3514125637800778,0
Trading,3.9165521449714564,21.39609707545073,47290.13997892934,0.9129274132820859,2.0611614897463775,27796.76011147427,0.7237007330257151,0.8313193886768165,0.39535296704320827,12.074362032950829,0.7242716948903539,0.6268616589002426,0.1284919652781783,0
Trading,1.5913889558336527,23.820695259549467,10703.082093301538,0.8237979687093318,5.007129750884804,14387.683199051917,0.7512712296948316,0.8457194035669544,0.8560572349161365,4.874786133858156,0.1741593766495711,0.3396502107146254,0.08175791399498009,0
Farming,3.602411042348792,7.052894074137109,14348.842271161655,0.7343682572702657,7.572279457713597,10402.262023997366,0.9113296969872389,0.4007882919909906,0.8653514743204539,4.417548677262513,0.6710548596628283,0.6830286739977877,0.6434155169146256,0
Trading,2.155797031933209,28.95700695227684,23481.785674322688,0.5511121229855589,6.093577370930748,13056.877850429893,0.7111581424314951,0.4864770616583575,0.24787540739776334,4.131345372994324,0.5393228464681619,0.580302025244633,0.798765761633368,1
Transportation,3.5128648482679536,16.660606985432473,56561.05867331511,0.9504713516583049,5.249296108024082,7627.856153402984,0.8653833201102914,0.8596136391792866,0.8894514823446069,3.862657199082518,0.7508614421233105,0.9203102311849148,0.1271098351160161,0
Trading,2.4575617811841535,17.274553243137117,21895.045664944708,0.746190198257212,9.35406995559466,6660.338249399648,0.5362673138287885,0.8209885102543507,0.5604173726426511,2.1617418821434393,0.5943592828018495,0.9177598820775228,0.08700608284685163,1
Trading,3.583786467108498,18.190277275470844,33822.56142250354,0.8343609891895707,6.005957463183471,31020.16080199865,0.49573422525575533,0.7926436491622596,0.5513749834760987,3.69858147318479,0.7886424800532758,0.5128921819583933,0.6748134965331101,1
Farming,9.154385550819,27.15632111446316,27316.62509509091,0.7403948834259361,6.839354010881715,42040.83665918558,0.7241908449658565,0.7983587701238571,0.6921405905265973,4.748710036686709,0.6366916500473242,0.5631683383300256,0.8351352732893984,0
Farming,6.166909492820785,11.958542734388736,54882.07805492761,0.7992362926088581,15.333081965511711,3812.1249175038565,0.806372216425524,0.6536093355865554,0.5751449318721866,0.668637630258042,0.615452607366956,0.5420074879650834,1.6507969324828013,0
Trading,3.30076565059034,4.344239961724382,11253.138426625175,0.8106106907052407,5.975884480001872,20080.222334355876,0.5358959063922766,0.5647713435225789,0.833595220391719,2.9284285623827846,0.28449291785399256,0.6000149151152108,0.18136303618940577,1
Trading,8.23155894897263,20.583642343200356,40327.13159769387,0.9481731863552547,3.9124646614013043,24373.54081425297,0.6960565613548835,0.6065453905064946,0.6701125954909496,8.466549215709858,0.3821891194900028,0.5798742161271778,0.1388656416623116,0
Craft/Artisan,4.828814521609802,1.6507353106149694,24115.392019966257,0.784798411094665,7.442879302300509,5720.550995594261,0.5565392861239953,0.7877093357849116,0.24534304563423495,4.74098552165894,0.5292608400724447,0.6478192550789597,0.21008503976651285,1
Trading,7.868304443596905,15.59117123891568,44742.82191289124,0.6795162306657897,8.202266849655732,9602.42931309468,0.7880820686390332,0.45476006874581115,0.7112472257253907,9.477598787871239,0.8987881666645444,0.7395538160400819,1.0221685402626361,0
Farming,1.040168586409458,27.494994318870546,17143.85092484892,0.6040383888956589,6.902950374842694,8920.146231697914,0.6923684146534321,0.7951855606310528,0.5947279463179864,1.1618262689272734,0.35002893587203826,0.6631644458361045,0.01666032880630225,1
Farming,1.6071981071319663,22.632751228069907,27266.556359639722,0.704102236763009,6.47073738680817,50547.1949492482,0.6995210194326072,0.9717714114823344,0.7734120199309875,1.1099549970348288,0.7045797993302743,0.44337198038003933,0.3915744528099454,0
Farming,4.219327378321237,26.338848525802206,25428.38398964545,0.8207117053134073,10.446692887973658,42476.87764580485,0.5606463039544664,0.7100986753052146,0.526666685463422,6.2461977440965075,0.7361011130844854,0.9523796291249996,0.5224637275796058,0
Farming,3.240970995929709,22.962810921622633,15501.010444863732,0.7064030620695303,10.071741636826886,7010.583613051264,0.3899312836537993,0.7481283709668354,0.9223079887353389,2.573240727946989,0.5852439552356515,0.7522958427232723,0.6041162817407135,1
Craft/Artisan,3.5899577538545615,37.282675910267265,13303.37235877877,0.6629595179889262,5.648696543664087,4810.355756760229,0.6496596608639567,0.6371975160048564,0.4968950653852587,2.814696759190613,0.6813640711921193,0.7263339872808308,0.32809879935067515,1
Craft/Artisan,5.372822319185576,13.294082978745479,19550.844295962957,0.8912612646895396,4.069516314330415,22950.244596607776,0.8231193575953637,0.8040824853718502,0.7813542553759296,3.684561234061987,0.5596488955517628,0.5547773479883972,0.49282236646178684,0
Trading,4.249062530051222,21.185053416066587,28896.10589624762,0.6349656763495499,7.287608529438709,19550.639269605774,0.5628837976618009,0.8229433214823346,0.8096075038095084,2.980901634803893,0.6658002858375068,0.5442667792772504,0.15834432367861628,0
Farming,6.5624701556425045,14.495036230298798,17742.147038356798,0.8627211129761746,4.052299926054649,31913.852776732274,0.9418461892286514,0.6769213335884529,0.7868793570622358,4.020488603999329,0.8780260243582219,0.7202453151692463,0.1524145242318541,0
Trading,6.444568277783512,25.654410159318967,22436.84023734763,0.25657799865196707,8.655485004329082,6365.498327183141,0.6173051024815821,0.7523920134378692,0.7946423188540199,7.003368621863676,0.37989116851015714,0.6706899515878791,0.03702898339006655,1
Farming,1.6725874714884723,17.507400991596032,9535.82898032439,0.527990281139732,7.272168828680718,22169.63224104331,0.6392677823751618,0.7112489433064952,0.5883807958814211,23.609766194574174,0.7561697234598159,0.5801897133337219,0.19852237035408443,1
Transportation,0.3961816542645187,31.750759035552363,21941.66333235743,0.8567736872876262,14.010093115423409,8004.575103120605,0.506056291235344,0.5524509847903122,0.5069822131577567,3.0053627271886088,0.6643817154559208,0.7323466062621388,0.14562418115712394,0
Trading,1.5818216666780354,13.753472356784188,47238.884456276835,0.6217979877617991,10.419890686662614,20665.36620685945,0.7475179769500689,0.6448716788565144,0.49591655171153676,11.102032934149534,0.5907079442835267,0.310727594046932,0.18325394846540133,1
Farming,1.4948718883389507,29.257012205735876,39650.11705571762,0.7117569760176644,2.7637785060798743,13017.064980538142,0.9341881625160459,0.546254151996497,0.7718437193147355,0.44450418736877173,0.7545784764528026,0.8224546591502964,0.2837134432878032,0
Freelance Services,3.7863953333016775,22.745116244351767,25647.283399395612,0.5515071909416238,4.443633955171849,50535.56385091776,0.5320369450442866,0.4407836685067555,0.5763891160231528,4.403994044772439,0.5268053245108036,0.2736368968634438,0.6780321809606628,1
Trading,3.75176583635846,17.740311447304155,30761.18659413765,0.8310581692548078,0.25814899678852044,18272.922291408562,0.8155042201917869,0.818014853612235,0.37373483805187324,5.4029017083761675,0.5943174284167878,0.5563141584029406,0.4341547757695579,1
Farming,3.0985319570529577,22.339538702879395,17059.402251573065,0.44227611524145627,0.0,10723.619103822626,0.6839231592681216,0.7748995568516915,0.6500244705805103,2.922179432704614,0.675969403497296,0.4177558352839606,0.12470316798984382,0
Transportation,4.956708613220856,20.09011510023354,65738.5819109371,0.6846453834928042,6.3414806019442675,14713.980646107091,0.497248896102731,0.26402495683342597,0.8366667063242325,4.093848822581711,0.5352296479102497,0.48594821468508925,0.1783231396051943,1
Trading,15.361286349306084,20.84763744201448,83890.6445077279,0.926961420265175,2.4228488811249855,12452.006831349761,0.6932342483038796,0.7285037936185738,0.8388320133366921,4.901587626547636,0.8885211286251437,0.684263434216527,0.23292468183812406,0
Trading,3.048347329703242,16.345031415244872,29456.002751644926,0.49077122225323777,10.923557194887607,5954.452653917596,0.885486470533283,0.8299765875688567,0.8065591670153321,2.1672972552743315,0.4933219425176555,0.2868196836125382,0.24364102230523654,0
Trading,4.343450537074594,12.387291939560068,111845.88879566216,0.9205046543245897,9.47374636905635,51401.596333181486,0.6680876863348194,0.5323556095768811,0.49590017199036046,6.5294139046306245,0.5690730653800818,0.5615823337165875,0.993325096245511,0
Freelance Services,3.5893764977888263,15.319431040299754,18506.914456731683,0.9493933570463665,5.185516699303087,40908.9361451634,0.7381188418254262,0.7523888613831777,0.7619248404932862,6.059298050620503,0.3149666747845436,0.34722588400043236,0.45422087633461466,0
Trading,2.288466759318517,4.534840176414219,13519.744046719241,0.8675274291456827,5.015062678972852,11808.649792416294,0.8647903212070275,0.9702641206368632,0.9186750217743482,4.560720720133228,0.5513257728831005,0.35841433755048324,0.14728102326926912,0
Trading,5.406575684199074,24.735586660261006,18209.6496889786,0.7020579014866016,10.45611887036204,21805.478234397928,0.47485710359465955,0.9284606381755995,0.30339526822319457,4.317171837360341,0.6354465813304553,0.7437424452001032,0.11138451513012777,0
Trading,2.937192424061126,8.118688222596163,23843.82026148037,0.7494644101030439,11.143821876964875,56162.27455131376,0.6618923111816979,0.7412224707327553,0.7944966810484785,8.5283605380215,0.5258942725702629,0.7816727277737415,0.5718693621748026,0
Trading,1.9162754006012368,16.258823558114404,95955.19120101411,0.8761083557507234,3.2022062761183903,31755.697072205996,0.6629275086968842,0.7033678711905664,0.9086949355791596,7.772571770263439,0.6318422431696551,0.5823734836037106,0.9277515121139454,1
Transportation,2.0356709618257143,23.184360331848264,23048.650035652492,0.7253257268427171,2.8164505814889678,10773.298757560853,0.748134487371071,0.8947805558952904,0.7050874103588661,3.005003019309149,0.7913519535241734,0.7785406975199636,0.5519583519640522,1
Trading,6.718725134353888,24.71517373679929,16767.35806344322,0.7336357521196539,5.09672655882073,12561.978433536118,0.7608462175948659,0.7818807791444395,0.8988642304600557,11.300268014070374,0.7365374090920315,0.4800765839765086,0.4162843654758908,0
Transportation,5.316480831367779,3.802784505302091,16413.306015039,0.5617681762678043,7.293575116118622,4014.7320500526926,0.8032886965148603,0.6962321647403955,0.586677181430495,6.20324948733486,0.7205505097302789,0.6428761287752437,0.19905083020253272,1
Transportation,2.4921040154609764,17.265215398199377,50363.005245389424,0.6108800710016199,4.458985030992254,22979.0977963768,0.651460264044588,0.781881610460636,0.8811986213220661,4.163251996290047,0.6464802245014881,0.7956544861439261,0.5441389070899258,0
Craft/Artisan,4.901356230482339,21.677957595590577,46560.87902220369,0.6808097900163419,7.356642492485966,31888.211143846303,0.633129250724302,0.5895582500188891,0.6726155892582755,11.366025006050702,0.6955466102319396,0.3923722423793717,0.7427569881454107,1
Trading,3.6199543897215007,18.416128874098614,20598.777276482666,0.7725220312885459,11.850895916335068,32041.727487998018,0.4873298710537335,0.6530778036579605,0.9180040488790844,1.0042374601591049,0.6853406328205885,0.6982388843924016,0.13220893563011438,0
Craft/Artisan,4.395873285371486,28.75259966138836,9588.490348642596,0.8136579129975636,1.7819064085072913,21823.184388931117,0.7382721319149494,0.8789661389035939,0.7371680549295468,2.86397009964582,0.43944111000121533,0.6918062908788315,0.06754534080603923,0
Transportation,2.2413982971343693,11.42554480068318,14461.90963700609,0.5708676087419888,4.662972359812308,17096.732275203198,0.7883777265903357,0.43492080867646754,0.7116136839909751,11.790993357124037,0.575544505816038,0.8701681329811022,0.2980737512225268,0
Trading,1.5357897449436166,1.6076709584784261,69333.54414923904,0.4469872017724408,1.8390242535162171,6644.411633817191,0.6761649977596347,0.5572558180981912,0.7432681652187073,6.384967740344365,0.5688107313951576,0.5215060052489192,0.3303305578540672,1
Craft/Artisan,2.9248578722551875,24.48260813414817,39294.676729299674,0.5828976100949247,3.4902455642143497,16710.569120652057,0.6525360122932932,0.5777209300434292,0.5501230440161529,7.025586632044035,0.5537014704501413,0.403276960334216,1.1545054014166,1
Craft/Artisan,1.7687516334864364,13.7033110430521,27889.44990126713,0.9387374045795912,5.115970523602639,8585.556602062794,0.7707954542506518,0.7335690439184697,0.6323168834018366,4.779891428352683,0.30193912784612886,0.7591991975618544,0.3916851413923737,1
Trading,1.660863011291264,3.931675219312016,75196.3705817824,0.945183764087622,3.818366505717395,19295.469361780324,0.951044560706609,0.46359993252909193,0.8764280546572888,2.5072100219437523,0.76672197756617,0.3663849708584592,0.2559328878857535,0
Freelance Services,1.0979465008698552,16.73190087546821,78990.22977338692,0.6006073759839613,7.559932699044012,7826.679813338676,0.735788184164941,0.763169293020276,0.47554785864197274,4.609579090651191,0.6351442051300596,0.8203528904185974,0.7197075436298838,0
Farming,0.3997963529927888,27.84446380745361,26376.618106902886,0.7616045678166228,6.45286884937178,19209.711170395774,0.6030754514992345,0.5908211172262078,0.8154047857528064,8.15588833975076,0.7668359369416728,0.46697399478689755,0.31322436022608907,1
Transportation,2.526510237636938,7.893979057498415,26644.433452767433,0.7518707741032167,6.897057241895301,33731.465978826265,0.4754712148230503,0.7552389029437473,0.7042524577392367,4.689456827394358,0.6540497725386508,0.8123515027327693,0.07075109104802153,0
Freelance Services,7.554848593398047,36.68796763157814,19533.267661231668,0.4825409429722884,5.0799066611020285,17396.18416311105,0.9240762967924455,0.732219953272971,0.7701216236971483,8.123538454108077,0.904346673599539,0.49118359952058605,0.5185967282736569,0
Farming,6.361852897689076,11.296947243706704,23005.03058041973,0.614272813673511,5.356176038372812,16813.2260110958,0.5834416795067211,0.26831272222706537,0.9295562830665668,6.6172413725225825,0.5647523701932142,0.8477643012862265,0.7411842102676287,0
Craft/Artisan,10.042406490384566,18.696086833006,11878.926932737966,0.6598315267206957,4.9479283571997055,25314.150528327693,0.7298230529856901,0.4910296149036677,0.7297639128019969,2.772102430076996,0.5049372364458621,0.557121740206614,0.09979789735541526,0
Trading,1.6007262794675647,8.246940657219133,11852.421753875626,0.813810614944734,5.254026810135135,46130.71414981842,0.6290402362136283,0.936072709660394,0.7993575736592919,6.6154727194244,0.6451424707689988,0.5138443629521807,0.2741339932798023,0
Craft/Artisan,5.6444210190313475,18.332882789568114,10431.002101072547,0.6951884735193982,7.257027933621223,12393.174134826577,0.6170317628240873,0.8006040086689216,0.5674436124076575,8.959898437464332,0.7369282124341832,0.736255933344347,0.18988198283105792,0
Transportation,3.289456146741762,16.930017425930586,48843.928143338075,0.912187230797359,0.2295279433243005,19239.397448838263,0.6157025585395053,0.5704601969532365,0.6027910781107052,2.0949730200292658,0.22205539555113427,0.606651633675548,0.23768397301502187,1
Trading,2.038462967816936,6.084048781351303,11398.405741863402,0.6908889289328651,6.863823979594436,38478.80331113271,0.6517387943576173,0.25194416318250445,0.5067825048338359,3.8103914190675807,0.782156288039935,0.8704988351591648,0.3100904604535714,1
Farming,6.996582537361063,40.60661575160728,78627.69454737994,0.5254634106350112,3.393808309257975,21343.493102330398,0.7994695683499418,0.7977829058849226,0.5101826715137002,4.333511024149015,0.7672211238251853,0.8782723058473426,0.1190991898261348,0
Trading,3.313952167639481,14.037302647850442,18002.972458720276,0.47959281891478484,4.983427079703534,3288.9903204635566,0.4643751533124756,0.6202352109289759,0.971064988063415,5.94371695524803,0.43311239094350923,0.8374903738661985,0.35711232079323396,1
Trading,0.7126059520907742,14.044299541551771,69950.4524826053,0.8611692988589826,1.3154013044895025,8095.527419721115,0.760036260381664,0.5830325203920368,0.7881305756940975,15.085356087392316,0.641209834798002,0.7463188130574999,0.34191937790572713,1
Trading,6.316736293970614,25.752287034829237,22009.294302559083,0.7839646132805326,4.923984885640193,22600.548848905753,0.9299602898235453,0.7670261526145852,0.5258520751148978,2.6192616443188186,0.6638493352445765,0.841450255991134,0.5278777912781139,0
Farming,4.672574134329822,32.51403906678775,11368.450252388919,0.45832863315177097,6.833652099355112,10095.84408137602,0.7103029399671938,0.6384824928733124,0.8444173432436608,4.193829473833967,0.7826350954538451,0.6271307861794315,0.33704360672805944,0
Trading,3.9418386067695876,27.011494944034425,54506.67193237291,0.828412262338183,7.371253070904778,36616.281619031455,0.5929830335476549,0.5879557979559072,0.7915974476918344,2.7831006403510132,0.7019352186729053,0.5026219333007823,0.4462924659233146,0
Trading,1.3380245272838038,8.390559015787309,58164.24484564797,0.7559511651306824,2.4410054473175604,49047.6135084744,0.8046487398893688,0.8880612012089741,0.7308377709084769,1.0088486781925419,0.5103346897782483,0.6885865243482654,0.14442065933282494,0
Craft/Artisan,4.273095426679957,19.711272075957304,16344.912238942637,0.7604806410532866,7.226515853822358,8838.110458461595,0.6945823975006759,0.6824215617478948,0.7318135639850083,7.591786767530488,0.4132934196094976,0.6477369319231273,1.0057747307134106,1
Transportation,9.169990522428108,2.9490201409200427,22417.367076841078,0.9638633499787275,9.41932832689071,6485.006705219452,0.7561970833713536,0.6404829710502243,0.6714524241461759,14.584219838653539,0.4726777261383914,0.8661270804398645,0.6455479509406221,0
Craft/Artisan,4.5835708581738945,25.213640650578853,16347.205346422961,0.9126209243570238,4.51892988134159,10375.186859155916,0.7989917664587322,0.6325424606059543,0.5026077495949183,8.124403197970349,0.7697830262911461,0.7859379126657586,0.2614530459676553,1
Trading,0.9527857954721634,4.918494891756303,25177.60827672502,0.6645654855349357,6.002739345169253,9964.239610280305,0.8931682616526165,0.5641626848820379,0.5309222790963969,2.2920350454477965,0.6761666599192303,0.8346508581007486,0.22805153715200288,0
Freelance Services,4.826490496965737,11.574389411126104,28546.968607982843,0.837717474373142,0.0,39154.154039123096,0.6141505718133009,0.7467985001061584,0.7459747658075236,2.3056727919019115,0.888465949722058,0.5189564139274571,0.38502387681403544,0
Transportation,4.616802386534577,17.974387967749514,22175.4104698951,0.9508440613568943,3.3088978330784595,6472.16470456163,0.7147154617400122,0.5950693121710391,0.740312263855156,4.110317043289411,0.5669561969587638,0.5443423692099881,0.13305820037828933,0
Trading,5.956061954174279,21.560052489128097,9893.267284887046,0.8244279760927624,6.811560651594415,22464.71519476179,0.8147849335906866,0.6623294181804045,0.8037265848838936,2.9962874654953366,0.701955144973489,0.5356661940848876,0.3471964009867,0
Trading,4.528028562555885,15.912523012837447,19545.81305907413,0.8926585391647347,8.866402212617789,35294.64593692899,0.5627811584799718,0.9162224126181536,0.8756967883487228,2.5060545567178387,0.5305938604860396,0.5668595877571695,0.17978310223484636,0
Transportation,1.6656839777750692,30.15266941386305,39613.89897799207,0.8989572421229748,4.202166627672119,23705.308774533005,0.6966679250674571,0.8902458135250951,0.8614699152748868,9.433221897359548,0.6612566146591492,0.553995470073564,0.08617014263253309,0
Trading,3.7915591598424254,23.785916657538234,23983.11335740628,0.35400325405615,14.008158215270312,18133.542693995558,0.9255081289180512,0.8578927662635367,0.9099211534908993,9.808377971964983,0.34491481788575706,0.8428101667514211,0.216395251628827,1
Farming,2.9631872407840736,23.157798032513668,22469.35488795883,0.8735620513890162,6.941668920604501,11925.713766527188,0.9099892106619623,0.7633137408747566,0.90023868453965,3.7186749785460194,0.7935473511653839,0.4760592127321876,0.42425747670175207,0
Freelance Services,4.119338362398281,8.16479278412269,16124.141504780793,0.7488537840582647,2.1799293727375093,48741.38009867931,0.6848252657190926,0.9406480062874755,0.46337073877171103,9.709479066693088,0.6562016665500608,0.3588868499669458,0.30037277144571245,1
Trading,7.1654276972091155,31.594943180363224,19234.710164489454,0.8326485473404518,9.861548133732107,11252.223574176056,0.9569981701138696,0.5040405050878756,0.5566300565183747,9.633588827960782,0.7724091789449012,0.6099795966128865,0.4026370493192556,0
Trading,2.150410489240559,11.575478845771908,58391.257578970624,0.7515726033339224,2.241170607057774,25946.682080002825,0.8009492122980878,0.792161046979094,0.6708582852894249,2.1445651360252183,0.6395959607986871,0.5822043822972089,0.3784272390551577,0
Freelance Services,11.02109295259711,31.900339463896753,14373.226853833177,0.7466601076725874,6.9852810761936075,11954.766633092802,0.7464837507966777,0.6940873748459181,0.8627987156557188,4.731841314462042,0.3236183800844512,0.30399165814113355,0.26070569218183115,0
Transportation,4.805037303173941,34.177560455404574,39992.71946588973,0.7600966212253151,3.212276811915352,3680.514539302817,0.8415543301110247,0.7513965898222033,0.6198721191677776,1.2678367924416105,0.6173463302094032,0.7510451396206065,0.1846462459344202,0
Trading,6.340650574964252,22.1012522589102,27608.538546753505,0.8858876743368685,1.9276966519269108,11061.767831732881,0.5583036805189918,0.26972982957212205,0.5008724902467292,2.6775046677150773,0.4536928030784318,0.8161118961785944,0.5598071200660665,1
Freelance Services,5.784590471014602,26.25610478143537,30780.783586403635,0.335673917682252,8.88645656863118,11975.298144943059,0.7262062454703514,0.7368434786859205,0.7001709638143688,11.65929728657876,0.8921886673243447,0.6708387658028507,0.2644692752267798,0
Freelance Services,4.672951282039838,1.0,17983.393819006196,0.4052085765974472,5.220669109661822,12083.829046324621,0.7952984317509145,0.6343352070739223,0.5104615155380516,14.179276619751132,0.8540548012079113,0.6624394886540518,0.23580272529934224,1
Farming,5.277194741439434,16.43998067607698,22170.601836391786,0.6881847149705654,11.17701616368076,8415.09960022682,0.7568376842450636,0.5718350185552002,0.8582453461958496,6.64808568411973,0.6952539259800649,0.7991621192038538,0.09510241994261831,0
Transportation,0.2,26.81732511935632,26818.67898848486,0.5952590335123759,2.946199235962659,20703.110761915737,0.8780317894770623,0.9026216701726548,0.6633024693095757,9.73573538822939,0.28570991807311263,0.49524806834681706,0.265529650086553,1
Trading,5.7772926832475235,25.396082146512676,20203.945163933273,0.7395286956981566,1.3210778950777478,22380.88751382437,0.7642428970587657,0.733414466210593,0.6834378951012476,3.2030264677160343,0.5193216843110314,0.7987164460076747,0.025994932482867026,0
Trading,1.777394089283638,8.24221329520098,32282.728899855014,0.8116446436482664,4.561003547262724,10785.16398195435,0.6315322338841333,0.45213820177862846,0.9010396147440258,3.1128651937976666,0.21312825460248608,0.8503073009762152,0.6649102830436463,1
Transportation,3.4599725478026238,15.65022368105701,34599.39442993624,0.848281664662382,14.671526399198939,10721.958750434407,0.6488804218166864,0.7035271441548658,0.46137420538213936,7.395483355203218,0.693086699661904,0.6962955978426854,0.36903906339370857,0
Trading,4.650438910382921,1.0,88875.22004458858,0.9457217074259766,8.50174682210117,6402.976351501695,0.48545708639625396,0.9239470211065764,0.6944600153857592,4.198008726050583,0.29536444645481136,0.6526568429205661,0.6529601851436994,0
Transportation,7.376517438040951,21.30394272138203,31351.096331435503,0.7528640627828721,7.661679041209703,15963.396061491347,0.7965133815010507,0.8781689888085482,0.727443258088013,0.6765855097879143,0.33120206148697645,0.8043531782183088,0.3764676926816841,0
Craft/Artisan,1.777842228326291,2.9333727901854108,9398.134954386995,0.809545013824926,7.760817630467734,35050.44458317909,0.48092416210920585,0.20294322316001318,0.677712631059326,4.032388758558769,0.4776657672379638,0.779135121993968,0.2443276235641254,1
Trading,2.575465049153462,27.043822742300573,51004.05888200174,0.8156491268190899,4.545469675014789,35067.56796021709,0.7921223170710165,0.9669781753409178,0.8845146672989175,10.884694735781613,0.8581424483187856,0.7623013442655939,0.6386910696393167,0
Transportation,2.8492217061332448,27.46179888573927,24049.539965566666,0.6511203786270074,14.188050821095699,8783.19587073149,0.7242099838520064,0.7009116061201418,0.46853012641117364,4.718158157816398,0.5385845965992763,0.4152235725952261,0.16433600673920226,0
Trading,4.154661158735765,14.205065484748012,81353.48486199365,0.8392041885120844,7.374256271759541,53843.352861198015,0.795125083599472,0.8328674283350086,0.7758893881639182,9.977027785882612,0.2672912424166659,0.44759792628653683,0.45918722354136154,0
Craft/Artisan,2.983354712238821,22.17020744363271,60415.95162932324,0.8419700796699539,7.0929488507558975,10368.006228936041,0.6014820503778552,0.7181061623405849,0.8105890398818054,0.9579900556751939,0.6437504185212212,0.539601974822681,0.44391673052808867,0
Trading,5.293306838508231,16.263210207515932,20375.79465780614,0.8665276161414414,8.954588848540514,6560.631949550091,0.7725659307300174,0.6370845577001852,0.8662302774415718,5.034266191055057,0.8920036872084083,0.27522163002005506,0.2345770315656078,0
Transportation,0.7421543866561532,19.93526716011893,40016.47531334085,0.6550074232741513,2.180270329058861,5149.771287963303,0.8070461837730517,0.6800952139299836,0.7224213252635029,3.6975311461275897,0.675773900081596,0.7552699730584385,0.35807753853016117,1
Transportation,3.2629630472067097,8.8219246140548,19405.74953135158,0.7197496507967158,3.361959242525411,6289.3471889694965,0.9369171555600123,0.7441201503309428,0.5960821719650355,1.562214204961706,0.8086621705376644,0.48974860699264605,0.23143672422187622,0
Farming,9.751020809413752,22.979940985919274,26943.03104344668,0.8606588484770696,5.263458329522171,16875.613514910183,0.826420273899485,0.5947162232438551,0.6493398406258176,4.80741665117151,0.9413743937113528,0.856296925230571,0.23076907949736977,0
Transportation,2.989270815817883,4.8705181582046695,39018.51858378176,0.6801140231902824,8.973984655300384,11156.47262184967,0.6944701418618592,0.18879419170492193,0.8191883554624776,3.958312062476409,0.8061377528866877,0.7149695519122419,0.17535550761942856,0
Craft/Artisan,4.817485976891957,3.360558701364946,49620.042478697214,0.6222437253824701,2.1058409617855167,8583.47814847225,0.7019580221622733,0.6373960741744585,0.5812092129574778,12.92437076505216,0.8409487390930289,0.6296739761400043,0.24717082491396306,1
Transportation,6.645719535174336,17.024573466664066,44018.40874128476,0.9052684238627499,5.79793674288952,7382.174026695752,0.8190642904944383,0.7599952657406147,0.8508324372281637,11.111895977078664,0.6993969526539308,0.49785558298660715,0.2629443639985451,0
Craft/Artisan,4.710593850650324,16.310053763109764,28035.989344411057,0.7839584970329254,5.3734514389017,6246.132681621555,0.5990583626750868,0.7444048697322462,0.2672739733795992,4.222330357734143,0.4539060127974378,0.8343578920427268,0.24134167864473793,0
Freelance Services,11.647905600414067,20.178413844414003,105438.50226794828,0.7652717081733951,1.276842577122931,7165.920736571765,0.5663097154432314,0.37804567592192667,0.711494776946752,4.485237693380508,0.7834153198202612,0.5479278998153263,0.4087972062040814,1
Farming,3.855247250666522,12.803940078109369,22009.705109565442,0.9369840082472736,4.473205082979338,27194.650776021812,0.9290698101050088,0.8239496454372589,0.6706835482954968,2.881874506372605,0.7779944475345024,0.7924804913432429,0.298020514329064,0
Farming,5.472947106288451,33.08553332628472,11114.875803541057,0.8677693413089655,7.626756354519102,47208.79839289611,0.7344968170463643,0.781239300607243,0.6499823222594509,1.8669509017370598,0.6543427241298924,0.8170384353592092,0.2221012339340577,0
Trading,4.275875272969964,19.284839915035537,12356.22653199366,0.6716868664050962,1.5501910629255455,49296.68857316713,0.567115142364463,0.9284753986096909,0.6472593828699557,5.662081904381008,0.8606656969285572,0.7546216716875456,0.21201372773866015,0
Craft/Artisan,8.51744685131462,19.863054228129805,60518.49208219154,0.5221898682792648,10.23400378112688,21611.067565449837,0.6646542317745845,0.6894231343085125,0.3263481753530066,0.8237963845745422,0.9449963775616295,0.6190128641306651,0.476264064210895,0
Farming,2.672685173442883,19.577871019256364,25792.548054302388,0.8530454433916628,7.404136156297431,9465.4800118817,0.7612890079741623,0.8192438005358395,0.5516685036827903,3.488874395318599,0.613537145270468,0.8331427020022749,0.3801048088419817,0
Farming,12.24432686215311,26.023278951584622,29362.73475302723,0.4284881382125648,7.038019953994221,8371.016143286375,0.6697183132207825,0.905878926055866,0.8915967329361427,1.8013440816763893,0.6368829923505938,0.7488004726408656,0.39658197705811976,1
Trading,2.1931325130685724,22.608139315875714,19962.521430121495,0.9030667747906365,6.024564233850219,22681.34090817886,0.8664826413707191,0.5512367279347974,0.4070720384465094,6.868564606601915,0.4052455201069539,0.6893035092135837,0.3336751084116033,1
Freelance Services,10.348439043052744,21.536143197666235,20973.471084150355,0.7378223882772019,2.7230340807792865,11243.542675265491,0.5902228935145193,0.8584384927894848,0.9721369257421745,8.83127546569769,0.7445290591949211,0.5052797396391712,0.3531597579688607,0
Farming,1.6089905740188613,23.88787283892473,17450.040987433767,0.9057924384459352,4.0509094488729485,17824.72080692564,0.912308450031743,0.7987772922377914,0.788856526546525,4.592561454068232,0.6108527586567446,0.7090917081870504,0.7055662191795802,0
Transportation,5.591876602632848,3.403082903622469,34861.31174573693,0.7047944143578195,7.08556413902136,51601.529370355354,0.49049716696851237,0.723149014476046,0.5802250482221832,3.9345038940134502,0.8191392539103665,0.6340237448759026,0.35889373964551585,0
Trading,3.619959018287024,3.7052187953137814,25500.18651298805,0.5976739568022492,4.045034386565762,15549.441568810145,0.52622248418925,0.7369196512419752,0.8271511844619808,9.429677309638986,0.751626752898777,0.8009026720718625,0.10337602386610015,0
Freelance Services,6.5555154960680815,17.39153003758845,34175.11264781109,0.4611983849808588,6.566247220228358,65807.95559687719,0.9311198451776799,0.7790808047500413,0.6566470275572067,2.921309734729067,0.6470521355272918,0.20542806744112277,0.5331767833555805,0
Trading,4.898887307041533,16.418608938544782,32425.19788194733,0.723331923842472,3.30335604226545,6070.447644334755,0.8666861395167768,0.5307181549560678,0.6042967410187333,9.156008016483803,0.8916466733897973,0.8121308661632028,0.24850751750890776,0
Trading,6.32349481926707,22.638478752385666,21285.187697058624,0.695857140179972,7.354289739010964,18273.289545661744,0.5766559207888681,0.5969125820663232,0.8242333102394325,6.3562550120824906,0.8861072606034694,0.3799298339475099,0.1966981844259529,1
Craft/Artisan,1.5617535438059018,18.160135217468042,12060.5871650688,0.7436389012783526,7.578241793987713,16640.846165793664,0.6405910519223911,0.778336333232631,0.642433382413248,4.806470677239657,0.8572406247555108,0.7190785180157858,0.7982247274754832,0
Freelance Services,0.8818073033650865,22.654919475633683,11496.641430793354,0.8624227019201101,1.1169340323009962,6708.583535062427,0.5229504358304092,0.6905263978366826,0.4864290564336308,12.536340740331001,0.7132308533196052,0.8424454006277845,0.8230640327691984,1
Trading,1.351211385942005,8.035237843509714,142152.8797540684,0.5546955259850208,6.201925609502956,23415.62660032593,0.7714966391096781,0.4571244584983439,0.7387350854798604,9.28288382213145,0.31025475800100816,0.8586647270184843,0.04726943854563928,1
Farming,1.321440396251766,17.91404343673044,60657.30755587543,0.7845806149556314,1.4349962163289662,39009.75399052261,0.5701368572535472,0.6242200900231868,0.7441708935601004,1.4901862200221965,0.8817730363543685,0.8840843749101124,0.2771158570137668,0
Craft/Artisan,1.5456473722657276,7.271546096337726,56224.07988330394,0.6470826639174607,0.41687706882988973,62434.22440681151,0.5400583491860429,0.4393993616226644,0.7763075055880175,3.5758775774602514,0.8045135469863516,0.8707321323739912,0.10766144896587472,1
Craft/Artisan,2.311276966201169,21.094863474971206,18563.75413622769,0.6763313745251031,4.218323248462882,17816.90313583046,0.7109365434852482,0.7438426791097528,0.7895090731198627,1.9689253686789125,0.7034914311424756,0.5823083725981264,0.7329059121946758,1
Farming,2.2952504039043853,2.973719661093435,27044.267881859516,0.7735259255044512,14.390752686537953,3533.0797662573113,0.6761560486266153,0.44940909692050957,0.8938351172203945,4.042936191797635,0.8188050698135521,0.6197553645821334,0.7996771746766486,0
Farming,3.6817028513851153,20.786480788327037,17180.846456276053,0.6027900413677789,8.326163859074736,18655.43547883903,0.657590079090997,0.4877253347979393,0.8512125155299144,10.398425874030513,0.49390858652352254,0.9381515872285614,1.2514559646153744,1
Craft/Artisan,1.8842728041277859,6.248004952823102,13073.660648941264,0.6003359721035516,10.176312130971006,22457.315713214517,0.8937667304373933,0.9073585054977527,0.7546880987268672,8.298093687655353,0.5139633507986042,0.7281789709221697,0.5116546991983657,0
Craft/Artisan,2.0086589652090074,14.931777654225636,19461.132761686124,0.6241569032428956,7.825249615571082,11331.818017732396,0.5180054036487539,0.7503872346462709,0.41243048516095066,1.6112644687383977,0.9346817198650672,0.6809830252519993,0.41252402331708743,0
Craft/Artisan,3.124270796614613,25.159421531593992,55792.89050159144,0.4716539058012762,6.6163301529084775,15530.847598669683,0.7671769479535616,0.874837162515182,0.8519358268981102,3.0458394448976573,0.3900316205717104,0.6488986104362773,0.362502486926543,0
Transportation,7.152516520292366,19.81903990878734,42719.46507094697,0.5203108787717345,8.686174850203026,9524.298726935525,0.9503921582354697,0.7219479988048241,0.43655324006377677,3.705767956812335,0.5007068778936269,0.30539410952228657,0.11908053577063653,1
Trading,2.637956040587523,4.834718210205592,15779.60557922193,0.7206956577593058,4.081285894012453,12166.153530975094,0.6868334654895575,0.651775443925341,0.8353047191373824,6.263369705903418,0.465038012083748,0.8222918186620624,0.23656800668431463,0
Freelance Services,3.5089388119818947,12.620849242447807,22625.91415546659,0.7454097486037298,7.4115438501923245,27234.52883588103,0.5300414946147715,0.592709386923875,0.5261209183564611,6.777486231743026,0.9134095883139112,0.4487568525692866,0.26601981080257053,1
Craft/Artisan,3.9292978436103843,5.988971796185584,40620.07756115083,0.8344996854062168,9.531293437274503,35323.954769499825,0.8098644206145991,0.24546641924158677,0.8377617254363847,0.8771790978973786,0.48316945570344433,0.44577909787805237,0.2838439824102108,1
Craft/Artisan,1.700804865315546,4.441932003158453,19652.615890722533,0.8413217296196535,8.09826516602933,5489.013097297307,0.7282690393389776,0.43922919259869525,0.8163888860439682,10.877748826002373,0.7695621553931544,0.7450179933575584,0.19602904385308148,0
Trading,2.836664026872624,18.941305409071795,28106.95784061942,0.7172243556982216,9.728339895110002,9340.119549731384,0.848964555846417,0.5520543901890554,0.6504345986168426,3.881244355922222,0.9586517716684342,0.39080611954672995,0.894479027849404,0
Trading,2.138689777636449,22.482386748480828,33557.514480864884,0.5939742252468861,6.5478004788859865,4394.38054902724,0.950305758948517,0.55522152413263,0.6846050783070617,9.83228938470079,0.6250163212761588,0.5905175383598742,0.04684020930127839,0
Craft/Artisan,6.7141145844107815,21.524847365725517,33356.62904363283,0.9129199943140145,11.0762419554916,48379.283836582865,0.6042484992668676,0.615657825777189,0.8359767715189789,1.5413272278881756,0.6735806182872265,0.41247394603900134,0.2578773019118799,0
Trading,6.355225253883362,22.82101451903801,30939.222212290817,0.9532220885601297,5.375304738548124,24576.49220556078,0.8788269711198786,0.9338983506749008,0.6459311955538353,1.1579568526109247,0.6964166816537425,0.6193577347086009,0.30208312574602164,0
Freelance Services,1.969321502407245,17.90471319291345,18778.47515703351,0.5673291749367747,12.35307729002646,3292.1549194357362,0.6664465998160777,0.38441492928490334,0.3664657037222307,6.549117405434533,0.5281171960186241,0.43229217566367995,0.4228142348964124,1
Farming,3.4606319493543745,15.812878250000258,19869.953133059596,0.6618589206792939,7.72082226718246,12769.638834412797,0.6794750025052615,0.7262051115191953,0.8919535352994145,3.3186206364012034,0.8407594549013986,0.2380918783458139,0.02678919861129891,0
Transportation,5.47584625986157,9.415445383501485,14421.747389156557,0.6458654594523369,4.848161232519741,10955.300143344071,0.525834869894042,0.6982067758487918,0.7387331768955919,4.1582352408067065,0.6051992919905234,0.7771917606715087,0.5566304062753897,1
Freelance Services,4.537791275411791,14.479362625996009,11398.817188145069,0.6684469322263715,2.4626094476115634,7870.231362908572,0.6570205617588891,0.847587981426204,0.5402425947878974,3.972921934582561,0.8858423127012813,0.6583865763488499,0.5029223346256678,1
Farming,4.877648933060908,7.429212917390636,25257.746811648412,0.9389556326714674,3.576026900788315,27595.117170050264,0.8996045544738144,0.5400689690233726,0.6484562387292032,6.168326751190504,0.5991038111751853,0.7477613112260765,0.665924599748654,0
Trading,1.7095092351829648,11.238675782984645,42148.01160349508,0.8350830756138021,3.121915001230305,27156.475079640044,0.8145892600506801,0.8981843844126175,0.788016364588762,5.811204952086012,0.4563383241544853,0.6871777636338704,0.1312016964420227,0
Transportation,10.108841699378463,18.711414963504335,12592.348961367428,0.7890688395522099,5.733842380856454,16132.9029459554,0.7058062661250726,0.3991862335323757,0.8437574767093887,7.484467680875394,0.6145884224189847,0.8611793220891859,0.374621733919038,0
Transportation,2.276165773185753,17.05755129967262,31261.27169182142,0.5530301726209874,2.178124992860405,8525.724560176583,0.5296340393170962,0.6592001611333389,0.7130170224964072,11.932525488179008,0.27668465728617436,0.8472050554550576,0.04634492800368048,1
Farming,2.2256694307426557,42.51782430315821,41421.16111875007,0.9190610534893955,9.878275346081763,8576.029983487448,0.7135448684720427,0.6367100708507599,0.4130225951255608,17.47168457842359,0.8550458430893644,0.43104255765863514,0.11995855629889404,1
Transportation,1.2102100512304927,7.23363521995994,9796.656442904035,0.7130873395297942,6.3321686232129855,13776.902341347744,0.4412206623027926,0.8403938671460659,0.5629408126297317,9.95730802443444,0.5690785592234124,0.6508989379596167,0.07624097332751834,1
Freelance Services,3.225429032765533,16.999210233345742,23183.13595687465,0.7199760231369229,6.210449036573084,9701.196911528423,0.45010124345847974,0.4904481505389697,0.8961725491703868,8.538416149232937,0.5872383937543212,0.9507515506835417,0.2516693590769655,0
Farming,7.649450145358686,6.610143110370206,66530.4894973517,0.8245919534548373,2.50383951250816,13305.39647769395,0.473415809756274,0.8235195963872914,0.5400413181674402,4.830716379078789,0.8011966021466147,0.8099508920811734,0.24162755879467665,0
Trading,4.506260820435879,14.897712992240393,36445.29177802454,0.9812127907313603,3.692886889228216,19745.02356779985,0.7938074315242214,0.8323187629123734,0.7928959031694557,0.31664398462256377,0.6051653536353782,0.3925401815921903,0.2449291263224475,0
Farming,3.4122898777194837,15.223254543078523,9616.624206749875,0.2925331913589123,0.0,4566.626720328285,0.8988391126117026,0.7841304031287275,0.7308276399013635,3.192487421265804,0.5941391667778545,0.8977787107683151,0.35055492627356233,0
Farming,6.052227409719925,24.759040209865105,38641.67763065505,0.5646821729026161,10.853415421432382,7857.871137335952,0.6695283281294588,0.815093354959569,0.6640234289981871,6.654228629149602,0.7155705692767307,0.4427997806680158,0.1049798995830491,0
Trading,7.526530910650964,14.402667686256631,17831.90884498758,0.8739048413739329,1.7468500687204092,13048.323374235657,0.6386989398834585,0.8196624022970407,0.6497200055518016,0.9254493601593687,0.3978308982164505,0.6205385665107697,0.04570899851841468,1
Trading,6.345896125713357,16.469443199550728,39348.72341641792,0.7785933704454359,1.9742887708024508,39964.28375354667,0.6351489615050215,0.8435918310019572,0.8723112548464551,7.220312203693622,0.6031580413717293,0.6031110488796942,0.016022170456435916,0
Transportation,0.6478447044901846,14.557456300222244,18406.424281058054,0.6450739696463363,10.239520176216136,24142.607027899172,0.8614505819899715,0.4700251107428085,0.7325661094808825,1.2819272904640278,0.8203320155524377,0.6525671548952476,0.1482211883802061,0
Farming,6.086714492943487,6.791586047542328,26129.811787823237,0.8848635445346743,7.1626939764592175,13326.251716775607,0.859908151332425,0.6795571653403046,0.6838667632562865,2.9557433606090973,0.6007961901600325,0.5862366694717578,0.2604293205954505,0
Freelance Services,5.009874504161079,12.78318102565514,20017.285960894584,0.7600121458015523,6.3622103623802415,17705.243099010786,0.6552912159103121,0.665353030974024,0.9009010755846221,3.8515708964324293,0.5829953101548937,0.7901931848866963,0.18635404145719556,0
Trading,1.9343087791238813,14.944506279329458,26949.950713050563,0.6525137738596577,7.02080542617616,12443.4205534273,0.8798541900765219,0.42987614327135404,0.7589592831512996,2.322631070954823,0.4136085183967159,0.6753028554718087,0.29984678004886817,0
Trading,5.024052424746794,18.590607067251078,19692.55460287774,0.9488766880056858,8.8617011197835,28397.507087703205,0.8993170556712838,0.8380351624832609,0.8954068557725011,2.9906439590254656,0.6700498588697835,0.6449165901824716,0.8927218125120797,0
Craft/Artisan,7.659438432768275,22.4715782977986,23790.79373918575,0.6993874317766601,6.299625950230924,18099.275810361618,0.7109976352718413,0.7256972193408043,0.9060738186176073,7.027354862921465,0.849508812741711,0.7797357889407027,0.2571622300217433,0
Freelance Services,2.355071320342119,16.123227922311766,14092.770937588293,0.8607733797150875,1.3693957679465214,32700.97493831564,0.8092017233462554,0.7585198579456357,0.7006727521821231,7.825859132877882,0.7403321999421038,0.6391526244302947,0.3695766685869407,1
Trading,6.645234962978596,15.982589888149226,35237.38167462321,0.3934494611296438,8.19956961712666,5173.283758798212,0.6478304214343232,0.8785581786934465,0.4999836901574686,7.99198880688499,0.665626116668485,0.6609178762287637,0.3166215153492954,1
Trading,4.574952161025355,4.233494732103576,29625.977235750594,0.594591386368947,7.267031629929859,7598.199740282676,0.8057933491425634,0.9286225976326123,0.457813128369933,7.721817496099679,0.8147253920082248,0.6015627577454019,0.6006323095740236,0
Trading,0.2,22.31787613805081,11057.976527704133,0.698310899040097,9.51466004236136,16190.823913438868,0.7366096418965447,0.33543082457206613,0.7232049621085833,9.726047136059705,0.5966977104210143,0.7586778975578101,0.26236026892364095,1
Farming,3.5961103832102936,12.432816902799674,46448.718874136066,0.8966682141848554,2.2527034095735443,18872.438042711125,0.4462584278663915,0.728531504685817,0.8341536434846364,9.429716069893596,0.7688852263498254,0.45384765277636263,0.08424553139513985,0
Farming,4.450070557239721,23.976985905838205,24417.164380555598,0.9522974811268121,3.811974307242984,71699.34670239044,0.6140281624033254,0.6207074561651195,0.6536675240554519,10.707780884552772,0.6622188765001376,0.29591576553662235,0.12044351288544701,0
Trading,2.921851538710935,28.531519582833567,29406.450026755436,0.7650984168301221,7.1762666541425535,3769.0465917375127,0.47412297834345163,0.742820874898878,0.5129716780675037,6.787752135681332,0.7703079611577647,0.4495022112388908,0.6070558363160908,1
Trading,4.693208062945239,16.496679786455957,40966.4582587039,0.7157185659285438,3.166465300374203,13053.9666359789,0.8995913198001071,0.5517967463511602,0.7369372400407773,10.050351372185585,0.6370949461171777,0.4211646994697232,0.19378567526658436,0
Farming,3.3229177945590838,9.813509753872863,32226.140962132704,0.8067004936501065,0.0,12650.532746094885,0.6247227718769449,0.7072626134252156,0.6462724535824934,13.8810845286697,0.7086274900699776,0.5746094473499507,0.13032720041100995,1
Freelance Services,13.82062346379888,17.866411095309616,51065.363948767175,0.44634739155837977,6.591991736210607,15779.817494221312,0.8691336396848414,0.8343361229782913,0.8828787465648283,1.9674369630897006,0.6567035545769303,0.3492143565191243,0.290304057669577,0
Transportation,2.7695635403990537,20.78961598414911,22895.312237175043,0.9531678201661199,8.685022899300703,44948.9389678713,0.7119804023508243,0.6870725393330922,0.6530864816963483,7.87584707441702,0.7238072056328059,0.6290276883709492,0.5764294636828049,0
Farming,1.9797929009603739,15.475839990026232,47521.435524296496,0.7395227675363231,5.613204537175291,24671.226635562867,0.8449817082041968,0.7088021415382355,0.6490286283817039,1.4881886964118927,0.8536874651512738,0.8160815402644263,0.23596554358208155,0
Trading,6.425663743551982,13.48769272496541,28784.966686681542,0.3832464485657521,7.644405381763358,4346.777195610978,0.8635176193758796,0.6052743767896201,0.3677637913319781,6.2022491394895525,0.7983537448803593,0.5670345225367821,0.34995628775028814,1
Trading,3.0414795271254627,22.50825768557931,35567.88430725477,0.6014132594227387,7.210102542953651,39090.377388675006,0.7228004162054007,0.5540457392781204,0.72684149211828,2.7433764490286388,0.6472002585619911,0.5518467297629188,1.1422757372912977,1
Trading,3.4542594661853783,21.980626197553562,33590.41525667476,0.5925606423371863,6.03148607278809,38334.444955179264,0.750715526925,0.7729430789394187,0.4718612092994173,9.978461275874077,0.4273853210156601,0.9118935730929563,0.6221494508623631,1
Craft/Artisan,3.242824184675366,15.22968287738274,53231.29098972036,0.8243520331582143,6.407889470091255,16061.047299334192,0.6661569823428868,0.7252130059302639,0.47689929953996796,7.396287673787775,0.6993274721008087,0.5223853252198196,0.35343352743316775,1
Craft/Artisan,6.192887253819131,4.767470677914481,40005.68329817171,0.8787722553584141,10.047414335988694,4305.13737312071,0.6476309408502277,0.6356811202024675,0.7260786258749007,8.321371286634479,0.34881873622437015,0.11741507184448054,0.2693057098982812,0
Freelance Services,1.5354210533342807,21.651025483035617,21086.324593902373,0.8983784015144275,3.1072482708191105,12014.466171855085,0.49941662999831565,0.8698820118636299,0.8375085675619032,3.7529386789459247,0.3977689236564535,0.6784110045340023,0.7267776461528119,1
Freelance Services,6.636471530666977,11.861382452468987,18907.295385463774,0.7762327781859537,8.319134436872975,18547.85803462776,0.4235571645003375,0.7991303671800538,0.6998963382823641,12.904165501242247,0.8741619309695012,0.5184829813840632,1.4108386014721692,0
Freelance Services,5.291177409594226,19.71472860296247,26176.967991205333,0.5571086673386587,2.457366724045447,26838.312308161952,0.6380514742318703,0.7913595145554769,0.7046106345509898,4.376340229455717,0.7215733349124119,0.44123715325439083,0.7953382027768601,1
Freelance Services,11.043092316225795,19.209257853432295,17711.05336243396,0.5462140145655308,3.6156593620043305,3868.749263749358,0.8124489210294232,0.662593575317859,0.8360505632427514,2.576384914637471,0.7098820733880831,0.9152252252023305,0.34846397501768633,0
Trading,4.212079250212445,2.8884205836586787,15082.558504461182,0.7326471998100923,9.587751944179347,7798.033118878864,0.8562539902738524,0.8952461728001619,0.8618671404146853,3.6778088651870604,0.7085291408331984,0.5868294673279065,0.15229011837592757,0
Trading,1.6336841866305052,18.648653475292587,8346.279434888613,0.7354928700951024,2.3705058142574655,28813.850999950908,0.9026521679733204,0.6525988209942579,0.5030653962509062,2.435725385094176,0.3031544708135624,0.8095821338064234,0.1274971752108454,0
Trading,4.244637357715069,22.116260202995644,11474.764171269542,0.9081896768192824,5.27522625676786,38224.63757814735,0.8970737858705224,0.7558293703681052,0.4255374871479379,3.36721552412797,0.6799844613198721,0.703727588501496,0.5674107387658583,0
Transportation,4.618093894146964,23.097219322483895,80175.51905863751,0.5412494213393912,13.084041316581928,18058.45369483302,0.6714157402261689,0.8360153628708343,0.7473281534897741,4.30316238316237,0.4979624096081008,0.456239116955253,0.1521044251492238,0
Trading,8.091979491152523,18.9389260087705,18749.54684244609,0.9529442862175733,9.076651980932901,29850.550161866173,0.902205384136407,0.5529735753065981,0.7119397977283696,11.828593510775955,0.4951987339573659,0.6687487316915913,0.20875023775417,0
Craft/Artisan,1.6301964703076517,2.1825116484032794,76642.20360464702,0.7782714134268622,3.788484111187617,18374.091665781365,0.5013812022910298,0.5409817941326278,0.699837965647423,1.354942099352571,0.46370009850263105,0.40587570827500163,0.30131189749024634,1
Transportation,0.9536490300567533,28.216648497493097,33581.64881861373,0.5875658120961171,4.302524249919244,26216.895037412418,0.656565886875205,0.5917776806628356,0.920846221759934,3.2183464329405655,0.9093859084078735,0.8109231763423989,0.13002370741687852,0
Transportation,4.306953729110406,21.288181340340643,26176.912215404827,0.912952677902525,5.489651615449356,14788.211063771516,0.5652712387273096,0.7575654884852673,0.773555059356384,7.9038720417231865,0.7014748614601709,0.7364435144430529,0.14022393162955807,0
Trading,11.348025646225468,8.373445365036181,11785.994346851898,0.915168061166008,9.935832693117426,18694.11374418014,0.6936486406565011,0.9393474437678496,0.37570158219596345,5.413156033722601,0.3391987512549627,0.4707815719300517,0.09647849337315703,0
Trading,5.820519665236057,11.697895678733811,26972.3593425913,0.8800426489048251,2.995058571022855,5680.275332839439,0.7901801388276902,0.5317450723406969,0.837498357790044,8.01089837532188,0.6096835238119115,0.7970880244411097,0.4356472874613749,0
Trading,6.047741443733393,19.849793674356164,76168.33254008341,0.5039712521035902,2.8134931743950915,22147.85843570637,0.5597467880862903,0.7116296834590721,0.8882838172842908,14.672711993681538,0.696163451984211,0.6062226972702418,0.39971449490234373,1
Craft/Artisan,1.1810040549908614,23.438273546386046,63367.108295902646,0.7071400105995143,8.140059170638281,5559.997882950949,0.7204563144337806,0.523162291313908,0.6407244372293831,4.896614396799874,0.7708955549386094,0.49520215428565734,0.4913602384649476,1
Transportation,3.8202531230744183,14.096297149218387,31283.03631942463,0.9966832273733516,0.9565890981669014,22130.48273008221,0.4608181834940869,0.7910871354392147,0.5741386312055041,2.374016821945878,0.3766418660014427,0.6325866965576201,0.7585036517978034,1
Craft/Artisan,8.191318464559632,24.604203259032598,14303.111768331552,0.7090508668982878,3.2667685420467745,9825.25975064676,0.6798639462138512,0.726614902660496,0.7995285184087874,4.780875189142474,0.6820043545905917,0.66935797472589,0.14279630596753218,0
Trading,4.656111637443749,3.6578653671985784,15891.808394147432,0.5120992059982838,5.7447330552731595,17309.171989107752,0.567223810649571,0.776747363433868,0.6229137893947239,3.6581347762889274,0.7946836818331148,0.7737236579593939,0.07800779555839914,0
Farming,0.8906200499522705,9.660327911249702,16832.629033637422,0.8743877601119968,5.898539364065195,6857.116489699108,0.8095331698382712,0.7009829909143047,0.4507934048361844,3.5779294694893764,0.3200539648231956,0.7028076427222936,0.24240168777806537,0
Farming,3.765975099042336,1.4850879212633394,54338.33325849944,0.6989120039586665,1.9061403093062275,9390.692036694501,0.607105441742904,0.5118502217136164,0.7867080978127912,2.428908577201721,0.6069121775972027,0.7747266115790592,0.3514107660530153,0
Craft/Artisan,5.550440562134096,10.820758857042454,66002.39048747289,0.6597922290533855,7.06122119740194,17284.745760444705,0.9188486942478304,0.607390515093107,0.7996612883194635,10.628246248438902,0.6240423290773104,0.5973645441641002,0.016949520377019276,0
Craft/Artisan,3.4765511153486024,30.06461747635276,29963.673968415762,0.6042326939032986,7.6612950837979374,22652.650485123326,0.7865067801236537,0.60894535886498,0.7222493496388526,1.306194981257071,0.5150088305981817,0.8099678035826404,0.6618264602366771,0
Trading,1.8068255479509618,34.46241787668322,22772.42744336212,0.5714712469616731,4.012532021886878,28728.755214617227,0.9388659343646598,0.8265587896704398,0.8131824135592077,9.255116847156605,0.3049327405187111,0.30515492698984703,0.2721459415215968,1
Freelance Services,6.555707263840548,19.87672374584354,63056.773936989965,0.6712564472672423,10.982271934099352,5972.664581147143,0.8538614478503748,0.42787633528838526,0.6613050501007554,7.943139344505748,0.6616225107282369,0.7276759023451359,0.6913551588788892,0
Trading,2.685884561965506,12.892566341851563,15705.78747710384,0.5437103304096907,7.0188182050431935,4671.366994876967,0.7512342507415251,0.9204194782092061,0.8690295099597342,0.9533983184946909,0.8489109489540703,0.6244133268372088,0.2916760384868506,0
Freelance Services,4.965145728917243,16.226880793192453,27681.035817397362,0.8294818625958736,2.9854230804873536,6749.917541146219,0.7921866227698096,0.686983995707578,0.7064089719582104,6.347331417464273,0.644338759852707,0.7992157104598219,0.022199739596984694,0
Trading,3.694302192512414,21.786719126664178,34704.73110589263,0.7690583747630154,10.862341638848516,6336.451840192793,0.39650175397929943,0.6691949192936321,0.5973346391461546,1.690288884630426,0.8596700151161782,0.5159015726170818,0.3234019035142737,0
Trading,2.6079980576342945,5.496153186887341,16738.381688668043,0.4751649343312059,4.430026844198949,40005.821102690585,0.6064391782832681,0.6873122527455943,0.4679760230248457,4.719825339653655,0.513912694282652,0.464580903043552,0.29286501186884634,1
Craft/Artisan,12.160004870620261,13.420006592150362,18963.04147391591,0.8991780859108799,6.536620392967824,34137.291833717805,0.6780891652045972,0.5853097248642869,0.48256317248764,4.630270442781332,0.634939961993509,0.6781016168003472,0.05204772980040234,0
Trading,2.385513011674752,29.479144595601994,18168.495042257066,0.6817387281073848,4.5396563304017095,6649.974418304505,0.7954811159247772,0.8353171356705571,0.9112176807602712,2.841485760129011,0.39051494305111845,0.8214776639182578,1.216216726109801,1
Farming,3.919932379431027,9.6343194453731,58641.60876548555,0.45070776256308676,7.872459298613219,44232.55609884581,0.7052943251076113,0.8786062677782012,0.6189405997268774,4.489433050793076,0.8301175337205787,0.7910649379584812,0.7375829195420173,0
Farming,3.6858971975692754,12.007800805907657,77103.34951494684,0.9242560911174376,4.555415136588113,32739.875573044086,0.8987222097455306,0.6828874900080244,0.6823784071537129,12.069481609215853,0.792507773559628,0.81867963487629,0.6090461006799087,0
Trading,4.231694876350157,18.105549247851524,28656.509145120523,0.8284632886867198,4.7374310563688935,4269.610991545138,0.8125635865452662,0.8073626179038726,0.659089338150034,1.3993996622286198,0.6591607650903621,0.33064363628213483,1.1318999491646131,1
Transportation,11.59208562361456,20.265138076037672,23213.279290723927,0.5910066142204685,5.520067073946272,6495.321119843924,0.8195794504580217,0.5608488266896346,0.6731204345766966,4.1784056658283895,0.5821568896864118,0.7005066113263803,0.11667304799598165,1
Craft/Artisan,5.55525721604854,12.999967630404221,19343.02964997101,0.46527246235952846,4.494149234969944,4181.888021783304,0.4642193279404202,0.462139468102778,0.6362355217983278,1.4304359884211673,0.7494048792397721,0.7315651549972318,0.37647493870365073,1
Craft/Artisan,2.5885448146065078,18.615715066015643,26929.038255097217,0.625011132109533,9.215443765353925,12574.080213252077,0.4640279413223853,0.4338148615080466,0.5863346646286165,17.634645152728645,0.5633124632746686,0.7213079026171934,0.4065926081945667,1
Farming,9.361565275000393,22.863516269915515,19878.182186318998,0.8190634397308969,2.2266201716282343,13523.558083635284,0.7311870068564752,0.6152366494492474,0.5118949774465413,2.961975133246407,0.38450867810672196,0.42171523377667375,0.7927363518144661,1
Farming,6.211545618924858,33.69161459010918,25505.09121490865,0.8215562553453566,5.888556971135237,13505.845800653928,0.6358805736116074,0.5909906162307716,0.7148886807367973,2.72097811824527,0.9063761535322535,0.5812274568639705,0.10889913153644354,0
Trading,2.6280916161067314,16.990044964521754,33768.309491548214,0.5085891899221283,6.2683952076930725,3233.4043020149024,0.8350808479289963,0.762744528232291,0.8965097804270225,19.466534240888958,0.5174472945280603,0.7131416754810543,0.29004009468444764,1
Trading,8.455033306907795,17.6696214772755,21527.315184944935,0.7994198376876417,5.626097154218296,4919.355210419131,0.9119655091509091,0.5357753889877466,0.37499384809407826,7.127527701067743,0.6938706295967791,0.717034776823805,0.5884326163346981,0
Trading,1.1687647941093058,30.219618767836085,24239.203132285256,0.9278605313621346,8.904895870200086,16028.25550953873,0.7190649431649594,0.8729955198305583,0.4183604119846864,9.70594364689055,0.5066886040850838,0.6311416252314761,0.816989287884042,1
Freelance Services,1.4804218279425712,13.606673133615239,24294.372865959038,0.3662209583013958,1.4881560174902502,20651.758255413177,0.6006309214219285,0.48736735719845514,0.8237998449269349,0.5746023889992292,0.5378753918161473,0.3338795784579894,0.16916009056201933,1
Freelance Services,0.8312745153977595,7.405175737902553,22591.750825342267,0.8826717216425131,7.7037517306648855,3249.0960320144613,0.9028193730748529,0.8301724009752346,0.8256392696570658,9.01841872177292,0.5891097124163553,0.6557718313838053,0.45285123565631236,0
Craft/Artisan,0.4907577216917844,20.0019918052717,21103.700170932763,0.37339599702538856,2.2651432559741536,5449.110086899223,0.5975627716255069,0.7343651243183951,0.8283269891838096,3.244858798433797,0.7166078419150832,0.6213785187574554,0.3575822553340891,0
Farming,8.067963993264438,26.60940020070332,40913.204224978355,0.851264530233948,4.473670441399765,27328.603992515356,0.8968854824638808,0.7525903431681333,0.7930049956167492,7.890510242077634,0.6747730135230002,0.6132665099274401,0.2049481572942507,0
Farming,4.2693791543861,20.888377081597483,10158.795734750154,0.5649882032443028,1.9569295624755743,5670.047351566961,0.9163545285936178,0.3504704229107944,0.6921719233113802,8.427012852325731,0.544134050168883,0.6851643458045248,0.11430510409684735,1
Farming,0.9124809084597575,17.223874739622033,63949.815532891014,0.9173998129999206,5.0037264741903025,13222.967833510762,0.5844357292043458,0.8049337664591977,0.31065106570787476,0.9884522333530539,0.6124751955959236,0.7782889083101381,0.7043666235944074,0
Farming,3.616501960394583,6.412853014921289,28985.21654739069,0.8115553586712324,4.265366172060052,5304.5468779311195,0.45993664426220343,0.790471555699558,0.892723497424584,1.9298995830098264,0.7013354226415207,0.2889732702527224,0.7433910464221608,0
Farming,6.7817518423802925,17.533046037853016,37628.2232739539,0.6102825691269032,10.914815392422078,23909.64869891923,0.5078380821734372,0.7517558331841742,0.8526046498498209,8.500488582297589,0.370641743803942,0.3415866615443311,0.5797639208138862,1
Trading,2.058851374972889,27.86523941053069,40086.41511586304,0.6914242626400705,6.724099208253403,3255.535989769879,0.9532844360467531,0.7898151326190813,0.6881355825907476,1.5653201606951574,0.622296366203391,0.6877905698071018,0.1897120056954213,0
Trading,2.922300032462962,8.127063347686228,18225.32632348421,0.5470262625702622,7.319358060437706,10795.435619419492,0.5480365833200739,0.6797105438386422,0.8428878105893516,1.018744745240742,0.4919388351508936,0.5205079873397359,0.30616897812286376,0
Freelance Services,12.524759821429825,16.04202260957383,16270.400147483753,0.6706285474763203,2.6774892977009683,25802.186096041976,0.7240509847974417,0.9183744532753916,0.9000394937253462,2.1618241558812015,0.7333287282632461,0.9129416481983823,0.5533709319742314,0
Farming,3.128088946095125,14.900122142733114,15248.736001310011,0.8928109077278757,8.220231338528732,20476.23088674061,0.7473116090557372,0.5649038386277772,0.94464753814297,0.7129742137254254,0.7895346491528104,0.8168592146161491,0.18869451156998912,0
Freelance Services,0.9895332736608731,12.418363434898037,23484.891620102797,0.49831650138032374,10.914677941128417,9653.939415100762,0.40236028778950916,0.37161638617544923,0.8643112111241935,4.78191970697411,0.6483605970109876,0.5390359793687882,0.07165957291791167,1
Trading,2.4662850057361525,19.983384036152046,39520.016933978266,0.7773813076486362,8.609727505698649,8192.074979994793,0.8707062792529717,0.8722716395095469,0.8004316052189682,2.880640232144488,0.3960418397062815,0.7808999396311733,0.5508542684279398,0
Transportation,0.8500086274362522,21.54644193004806,19514.847910710043,0.6348906301806664,2.063962274943977,11349.99330084853,0.7377285629837909,0.48196559406401773,0.7171347125569897,2.1907612172650217,0.5992538242249793,0.556053358979641,0.12025145543330083,0
Trading,5.865972745606551,21.462615238347496,37585.078495846974,0.6746425901615802,4.607574441625759,5417.849486797056,0.6780762502646321,0.7827660782410745,0.8155352703474575,11.449460568559282,0.9066192771828887,0.7335144882194026,0.4997025556612101,0
Trading,1.8243053753011076,10.185521891079,7314.71483885739,0.6697204183016802,6.325470333284544,12456.462092165153,0.6081559745220751,0.90636183359125,0.7445238518561135,4.7269699465448385,0.40446220249762316,0.5866069705668343,0.05763542770036279,1
Trading,1.7754729502319202,4.832130445330538,21762.379323728437,0.7465009753562881,4.268510472556545,12606.739421950813,0.760927996481489,0.5135416774465921,0.4953748858186193,5.5925161582696274,0.7928063520973339,0.5795419610626925,0.3803104401402052,1
Trading,13.250781201817421,20.099107492245828,51119.716956241835,0.5009347936728311,13.598972559782409,9970.993635157205,0.5581439800418312,0.6470290388037035,0.878190984901094,4.446922961004436,0.5788164222153374,0.7449995093230379,1.2429025538092493,1
Freelance Services,1.337744023715724,13.952647668138784,24488.668786370083,0.7222513242062395,4.553170707714354,26909.73322652359,0.9963793762048281,0.8346710645514422,0.5459850395928091,6.648004369358368,0.32790286235553895,0.29168949676047295,0.75492784636979,1
Farming,1.1238320550032015,32.70649903749428,17051.117108212533,0.46037375118724205,5.869945947836428,6314.863777596962,0.6840384983994929,0.8776966633140405,0.7202855180087927,10.48069730854725,0.8933014034540656,0.7568224486353544,0.3944520928607304,1
Transportation,1.5498840728854477,33.07607756811957,18746.01035750321,0.7681700508499334,4.199316037472215,4051.84984600143,0.6812945213151892,0.5842166122836627,0.37915819692212926,4.942595456615969,0.7490446506529499,0.5726887329821312,0.6606680684945827,1
Farming,6.923491270806504,33.92551835516832,5087.7328121840665,0.5055489723635973,6.69505114153532,9249.052925101001,0.6515655858964516,0.6275010359094988,0.5706388073982488,7.7033864690453875,0.1213601445477918,0.8311277045607292,0.18773290289692776,1
Farming,5.352533837563172,10.479112791722294,15421.361170461218,0.5839244239650012,10.147050048066493,14571.143063914116,0.7451021559661675,0.7070584596350279,0.6356879566166833,4.975495591454739,0.8724858075074439,0.4514275979116601,0.3809219692109605,0
Farming,2.4409287439332834,22.554952693936748,48121.42364131275,0.49120376550712075,6.344566358331274,12397.997173449812,0.6482535261658877,0.9097626836857404,0.4394109903008328,3.231456580309758,0.7409647904458218,0.5957726948713286,0.028987084487168607,0
Trading,2.2661783977296426,24.967620138011874,19527.2943906184,0.8016163790802446,5.342960235652935,12018.309875444285,0.5839532323899326,0.6171267185100814,0.8271740751987665,6.425132217903106,0.7078347133918959,0.8571629602612396,0.5747682379138768,0
Freelance Services,5.073881184031809,24.066833868355218,20837.314001976858,0.7701110993348137,2.7782686612623455,6072.61647174459,0.9038635416288088,0.7797721913720876,0.5559093967128401,13.049336734496753,0.7886354926685454,0.4113504692591022,0.5455820237015113,1
Craft/Artisan,4.385740680877021,15.16481644644913,7461.436963711971,0.9134054431708418,9.626509105102127,6715.825346116065,0.7749692403757908,0.7022624596692941,0.5191842680858568,9.242826147690597,0.7630749432889535,0.7537255816576597,0.6256089613913368,1
Craft/Artisan,3.2831407908507972,28.23331922372261,10971.312754432256,0.6129418248312455,5.568918185758539,9491.554416245708,0.5478805225959105,0.7214477942368787,0.6352967268530042,1.4784723619707885,0.607265879074263,0.6834436733392277,0.44591201103995276,1
Farming,5.479909145343526,18.003799890932182,51767.97781704204,0.5221400025174733,5.4399111459808935,8981.85645217198,0.8514244566364713,0.5975354346286438,0.6216932064053605,6.681472412252681,0.7610561808298522,0.33998810349682995,0.9255418422419739,1
Trading,1.4589418662376943,19.024848999483517,37779.11608333017,0.709436018854973,0.0,28815.245849774776,0.8283870888572866,0.7892622733966923,0.40059659105072715,2.1899435632045092,0.5487996225434907,0.6649475295801389,0.523909367837291,1
Freelance Services,1.8507742506077627,5.697332385782852,13179.376925639051,0.6900858245376951,5.618350197389631,16070.508442060634,0.4768572553232648,0.7209338273326811,0.728724636105486,5.849868542772745,0.6114925485863496,0.7900367276034811,0.2251921802627769,1
Farming,5.677308183825735,23.158119756583908,19018.836934704243,0.7343348886276178,4.7966850679030095,9202.270768007607,0.7113317115535631,0.7715072138569771,0.9090521793613063,1.2170609677175153,0.7130323279360454,0.48292690719981335,0.5228743417633039,1
Trading,4.64032939177788,15.916706291420713,26474.974607338256,0.6791013758363798,0.5219867688809146,28753.337899697828,0.8194906952493461,0.6474198238646601,0.8594817786647758,5.522348168729756,0.6066887853777034,0.5549769540535718,0.4896863093516329,1
Farming,3.8041945713952234,21.7182308968042,13934.593207025137,0.4904418062176215,8.968834290633485,18258.664473117944,0.8033481410528365,0.45879237679851254,0.7650966239256387,2.512679491207561,0.816449056420715,0.4199808861571217,0.20394432741830776,0
Craft/Artisan,12.95276627960345,19.880909598436947,8934.905615393622,0.9432178683495487,4.394272742319183,5165.305240941973,0.42594547001315486,0.7155697359098018,0.6100232496447014,5.113535837730126,0.5493115350952286,0.4481240117349918,0.45816361987119947,1
Transportation,6.315641279827307,19.447492613310168,24647.58706643976,0.8083327841511938,11.68670663312994,1381.3672209138388,0.6946373243771757,0.8790990051972418,0.5749973252046456,3.6352312672370615,0.8081834611794112,0.6742157456868613,0.14096871309315412,0
Craft/Artisan,2.499687890280912,17.63429142026653,36861.93438878427,0.513603274640302,10.243324619067177,5279.75930690676,0.7532601330737324,0.9273324709964275,0.8851498765365633,4.104413651462613,0.6668514027816143,0.5954981713673964,0.17161745869293052,0
Craft/Artisan,1.990078365825135,24.292797877283633,37254.257994474465,0.7205693009338467,3.8402891677486894,20261.02224558596,0.900709035869085,0.6538140433600881,0.7624161239402516,13.394760045125864,0.8997288693070421,0.5180768387301855,0.20710262185338804,0
Trading,4.795981523809958,16.40885970491947,43537.61526019473,0.8226472853017407,10.107940956812817,24935.29473910864,0.7976922442442549,0.17521832850974933,0.9094115074341186,5.850763073627447,0.77433470821881,0.3971951827380547,0.5008637515992451,1
Freelance Services,8.051515467205729,6.3584206443761335,11447.693023532336,0.7879607578585255,10.831626583437703,4179.04725333091,0.8453515289636016,0.7235542343699803,0.7510254169629283,4.329155029194937,0.5003078994078203,0.5923678127691517,0.06537351095483726,0
Farming,0.7214695181959131,22.551644850991472,27773.734485869976,0.6157618922742456,4.32289333343433,21185.048470884696,0.7405303981192916,0.9481520330742802,0.8528606417515399,11.416576789009685,0.46952932456445756,0.7839288383133992,1.4257107792365484,1
Transportation,4.555659318121399,11.527955800706891,23210.307543949202,0.9737770619787454,2.9020196716476807,20630.33595912749,0.46885079703015364,0.6601151353127083,0.39432236627533196,9.445055454920578,0.7912245786762827,0.8369914303467049,1.164669430190872,1
Trading,2.8850152912970914,7.405905258542882,25643.06959792135,0.7384146427164924,0.0,35473.07496004321,0.699522407240526,0.7239610754628338,0.6306105749118365,2.6758858860885364,0.6734626736833558,0.618201819719037,0.22880999712365377,0
Freelance Services,4.268406017397558,9.822053326859214,23945.12663884336,0.7839276311230229,7.141324797269198,25985.030526250765,0.8391259800086793,0.5773826299994537,0.5366800107014237,12.822837684389516,0.5506078476538134,0.6575866415925304,0.315228432293936,0
Trading,1.0478346728594243,20.266659034855365,18708.878956537555,0.8035509988665149,3.080022382520186,34417.40682040965,0.6325981475286655,0.46530112184525707,0.7998588034860186,1.301429531435181,0.4914275147252132,0.53111275585674,0.4478396932319469,0
Trading,8.047718682737257,17.227849575241198,5116.445558962431,0.5397521582900072,7.2314787825693765,18804.587558661842,0.7334523704384026,0.29455255576895484,0.8895990760699662,2.511496035486156,0.7325686394650469,0.6066641212626206,0.17778135135450057,1
Farming,9.493222476347826,1.0,50970.68595784529,0.43854119120604135,4.296447046024745,18369.46993488863,0.8492347955846938,0.41921444134970615,0.5959295016760274,6.198121508989171,0.6395285912681147,0.47774253337473926,0.27256620462237635,1
Trading,5.930249971638479,14.930752455578643,32257.136707929243,0.8811806060414656,3.66080522683413,10550.207309675043,0.6726333580121174,0.8673486346942079,0.6415391199980099,6.529054592027718,0.8118256799609114,0.8160485324247636,0.5215488184932574,1
Trading,10.744475719091836,27.353849799798116,11892.23109635301,0.8283428566958607,4.315526286903932,23722.504994082326,0.722928131003802,0.9288366190404055,0.5263508110661431,12.277634205069635,0.5328479511695721,0.8403542865996831,0.40256385207718487,1
Transportation,2.7751545644318347,14.38963463253297,34899.31251011829,0.5602762897602716,2.100549241595317,5256.9973441383745,0.3991080468363026,0.6842347628504237,0.8322400594905178,4.407585497058965,0.5936122164927748,0.5108906396317556,0.07938494294482408,1
Farming,4.4798767964765975,16.67618757257926,21035.827956514433,0.796872523319137,4.314140158867218,12123.800703529492,0.970886608443233,0.5276258020505159,0.8924033365413303,12.6963550128291,0.3598038037674894,0.5762770505855367,0.6638781151393822,1
Freelance Services,5.990136780184119,26.343931498617223,21366.19386452021,0.7825256890376497,3.7901619932876005,19495.100894890234,0.32270301394748313,0.7810807071222088,0.5673835154790794,20.54673641289917,0.5867513423390561,0.4330710792372768,1.1295576115719095,1
Trading,4.84035419202577,24.363914065636287,17630.259053405334,0.8098264549232735,5.957533084935576,35801.69089165138,0.6653235124338553,0.5830412410954867,0.2951393419962716,3.1174422183498214,0.6309332962845146,0.58478827183113,0.5861022632141023,0
Craft/Artisan,3.056413035244558,26.174008701213687,36145.64535754383,0.8653510361993684,6.31277425855602,9560.95862651839,0.28234100827066083,0.8444417562742408,0.5240303465628259,4.868500282299129,0.6570894606181107,0.6110154777543135,0.210733344144785,1
Farming,3.3098733780225986,1.0,17328.313057845833,0.6631633558110369,2.786474736783359,26281.137003496828,0.7833831105848307,0.978459355459052,0.8921672131064513,2.5862113890466416,0.5964662129158491,0.8043303652781684,0.21023101993351345,0
Transportation,8.941021818931546,31.868184307536886,14716.740327979178,0.6115097018668069,9.302415571829833,11637.349412031917,0.9056924212370584,0.8912793757065679,0.4759139712032114,2.7675467193990233,0.9541000037828362,0.635117445795274,0.22129367447622955,0
Transportation,3.6646418974693646,23.09120348342343,50134.24797438695,0.7637108822904377,5.521294098625315,26660.577507328697,0.8238287060742797,0.6348581709503923,0.5856326228087849,5.340571158765837,0.6941472124717377,0.5380457007488757,0.5103647957830058,0
Farming,7.750445249392318,37.691811312193195,24382.360624716148,0.6940977104073291,10.507318049871998,7623.977742909862,0.747125050541998,0.9041012314355357,0.7993890562929545,3.547432091598771,0.8786253328137333,0.7213359607294191,0.46073078320387795,0
Freelance Services,3.525702737741462,11.741391753805729,24807.03312019532,0.40798980552450065,6.723246902958222,22207.38343971893,0.8953266849214276,0.5407959121738499,0.7950561444479523,2.765350610669267,0.609987741998839,0.43357223039990517,0.512876634745774,1
Farming,7.719943299072324,3.8923951548087175,39373.775063758054,0.30717352826663286,6.207312116561584,12497.245766333035,0.8361962553912264,0.9219609430971852,0.6879326516789287,3.275461288321381,0.9149793850849727,0.722150064266528,0.4806182270204179,0
Trading,3.9564640526699737,18.05774765380141,18635.568425016063,0.8948108827654014,4.52706569842099,5828.000014232931,0.6142335333141842,0.6727579732009445,0.369847354905932,3.0846467683422216,0.6443857721902972,0.7145971813630625,1.534471170499598,1
Transportation,5.656543207472057,15.797021361942713,20795.996163982792,0.8266931740637037,7.844518176212754,12000.356904354203,0.9792378844057065,0.7531084721356556,0.8726505300006641,5.8947241192062165,0.5959496195119397,0.8191996346606389,0.5887325315607101,0
Craft/Artisan,2.198246977917445,23.229311868918572,31829.327696113523,0.6092705387365559,6.100700253485046,33698.1377346467,0.7835288326140529,0.4604077386930788,0.6958402088731461,1.8602538262039259,0.7460843168174882,0.6734558634842084,0.06088139535541304,0
Trading,4.473000439063163,26.599426756690846,11524.636400976067,0.859732959162672,8.575397127368955,6545.653733511785,0.6468428782357515,0.741227944315144,0.7369516882070095,8.4979488341114,0.6327695739869618,0.2365437525774331,0.04460885044839035,0
Farming,2.224735633868938,17.301646840964022,30381.96563660751,0.7406307491213875,10.813987192675379,4726.677453253487,0.7991423639899023,0.5729723817817398,0.45062302950597677,9.266524398218724,0.8663695468926201,0.8169152137070436,0.0648488782022318,0
Freelance Services,2.722513056985383,16.074335633498194,17753.868191632777,0.7948089726325217,3.819441395459589,17661.1001132417,0.657866635881518,0.7586153602351126,0.8424160076701664,8.791160299484472,0.3383502694375041,0.2613531294230811,0.35263499580714713,1
Craft/Artisan,2.8963357619175083,22.18175855612902,43066.89682363633,0.7538971242062559,7.840390735013762,4127.971191794639,0.6803014467658709,0.6334838061927089,0.576166904073599,3.4030703949766385,0.7919805251702832,0.8972838977298718,0.2567919614747056,0
Freelance Services,3.2675029396361093,15.949370674460019,36339.65432892428,0.6998528644349913,7.755348529246332,39908.654041406706,0.9510413938361788,0.7049761922170584,0.7750011852194886,3.436749578284876,0.9124117027924054,0.5543640659796645,0.1466507623803837,0
Farming,7.140595688512279,15.280143192825701,33792.75117985213,0.7502132577746532,7.374335724776529,39210.986541581886,0.5458734947321604,0.3661172417845327,0.6795565988619401,6.167474703640668,0.945297510480029,0.8218723541116578,0.024921308771826075,0
Transportation,2.6416376908172468,26.297079509402288,11116.355188915317,0.9287587605873724,4.700402460916498,27633.83562751284,0.6734332144028383,0.8666530497926643,0.9084224962992683,3.408255829684661,0.6727463704219222,0.7954889033828632,0.7421744888556809,0
Trading,4.153049494751386,28.07822285522858,25415.958234049773,0.4524069209193288,4.761100813754183,13255.099269326332,0.9539412852135148,0.5829711477075029,0.5013938790820978,5.594036058559005,0.8957605277477975,0.8000234097500751,0.2580129766834317,0
Freelance Services,7.736199309625685,26.671729950904748,14079.898090175207,0.46774827967916777,4.248353489102969,42841.52696871965,0.44747031915078084,0.7425886206253759,0.9305216837357076,5.475160449423829,0.8622500926163447,0.8280881115874289,0.913567730005436,0
Farming,5.576509895387838,16.654162298195796,26363.212550453933,0.5592906758874596,4.1888488169428015,34262.72237279695,0.6550950498450862,0.7148291871045042,0.6597513660747165,4.905758043810577,0.19742900490109613,0.810244418429503,0.33023180299135513,1
Craft/Artisan,0.7376011784927733,1.0,7529.592313619574,0.8283561040941995,3.479626602142629,9201.270096655388,0.5014780382627545,0.7998031728572846,0.567270328100965,8.283649449503134,0.7384822980593813,0.6656709177601325,0.1977616274938057,1
Farming,1.0204231248200724,16.814351308857216,11528.093546805507,0.5812942298079479,5.686508142745307,36577.37719688632,0.8474257057526503,0.7266367453082722,0.37864564612330165,5.536325867339471,0.4033238480194475,0.5068240886576985,0.16847292526610305,1
Transportation,4.903501019605658,11.936159898583611,51739.07019513127,0.9486761234258313,3.7265449380662874,7057.3757100886205,0.6019183275213404,0.7218852692266498,0.7814068196741224,1.6612222259246945,0.8424228485860196,0.18084824041736186,0.13694948106518473,0
Transportation,2.538403922415672,16.962199847915297,32957.66858369529,0.8511670474956338,7.306931081538137,11638.536079865557,0.5189252330937669,0.6090023955067843,0.9444933311366505,7.464883335747,0.7344791707315803,0.6305330263793131,0.41921168407295945,0
Farming,0.886787594695451,12.63127285825913,22145.758867429326,0.854922105113371,6.170862268480634,3806.9180314370315,0.6484546430288731,0.891163250928704,0.9485457764250762,1.2263009942623766,0.44329101920058,0.8555223708148927,0.15567498920516415,0
Freelance Services,2.3947838329730406,17.834081156275182,16320.726974344136,0.7308220145803146,6.507367733661864,14796.510207190944,0.5522115786060289,0.5426720331156955,0.8838053518799941,14.405678305741818,0.6850647093668585,0.5170969904281716,0.3490935008462886,1
Farming,5.031718157286988,9.685794966147485,14818.924795794837,0.7676188836011573,5.1795326287722645,10870.892162114476,0.5475465906712904,0.6811393667030937,0.7145325564259295,2.3769366451515097,0.6148765512761506,0.7333384394670632,1.0416854236060402,1
Transportation,2.87173697154388,7.754260506252971,30034.009402399322,0.8465490570074219,6.206694880901213,9734.777293506228,0.4504725191847526,0.7748035863257429,0.43089606315745954,2.4390895992132826,0.5981114815118816,0.6259112127112839,0.06810608126195924,1
Farming,3.8709068013443315,27.781531860567135,22270.144075625205,0.9023986217061704,5.258032565397428,11897.006478937426,0.6070809524892666,0.6946998430986256,0.3727828314570247,13.314258869109798,0.6566120605815078,0.7530064748142522,0.17384978897948974,1
Farming,3.0719029763545023,10.242739093058773,62985.25628888599,0.8405717096962703,8.338629239303899,8904.55591910165,0.8073123258156725,0.5470256114789757,0.7011657217736199,4.379382689345588,0.5109773780616067,0.7062541215445782,0.19607316643369516,0
Farming,2.134921349804242,18.002653002050828,24303.60455669144,0.7769118994217734,4.672832162153723,13755.195683204971,0.6183558777463971,0.8336751488941977,0.7683846316476642,3.901807908722259,0.6723771790188808,0.5517292118535825,0.38715249297121096,0
Trading,4.411915114917635,25.636118772822684,27786.24160103406,0.9628032286656588,7.126573406208145,32810.31950996652,0.7657076332266683,0.5101012205227737,0.8558975652825243,3.688605815060617,0.6846893483494945,0.4449433287146059,0.30472072379115533,0
Trading,0.7946395052987295,25.31443300983658,12535.54004421659,0.3614948670492272,2.0808871687505865,6353.1309079441335,0.5759192335628966,0.8259867402483273,0.7887314120009359,4.451472243289379,0.7186350075884304,0.2802213898794365,0.31230198896582007,1
Transportation,1.9192938773160741,24.35878563932281,22062.076679333288,0.9242052121018267,8.136224495815563,24434.935962837295,0.7816036557778312,0.5816688324266103,0.7197667406300929,12.440758276308916,0.7027351869078132,0.6142532152014134,0.7838613765858092,0
Transportation,6.299634993609706,20.422932116012284,29653.791539322843,0.7341088579557347,4.322217329999178,15532.184191605862,0.4756685698225296,0.7359622538084044,0.9412702366986033,3.409746524429389,0.4666664400981793,0.7849122599936635,0.20546555419338458,0
Transportation,1.0520919345763844,23.792026468294797,21915.903924289614,0.4860704946560914,3.263185806573048,17359.383992730884,0.593821438866416,0.5306425670276375,0.785061287108155,12.67034863500864,0.4513174468716889,0.2515262169102463,0.11170958118622633,1
Trading,3.7316183006007067,28.984705060849237,20597.074014004378,0.6874307092585148,2.583601099332884,13075.608095892843,0.7164250302766632,0.543734350418625,0.41991735806180147,5.876611062342432,0.8250103627680415,0.7644364087294238,0.26349631631399956,1
Farming,2.7009298632710297,21.40018075196299,32202.529813673897,0.8409783410025136,2.3462356602111427,8085.4378394723135,0.6620242811896117,0.7105347314962617,0.9439607972757507,10.884766071901762,0.8606890151432127,0.6137408217500266,0.5053054071535316,1
Trading,2.5050327454938657,3.3023812254865312,61892.40819449597,0.6134420303222928,4.555586003624438,18240.589609549927,0.7772493968046348,0.35588509510266814,0.7684814156429809,3.4413619720958457,0.4666266493855429,0.5627936384802401,0.14278081709351584,1
Craft/Artisan,6.7049315899789415,13.771734350799226,29136.097655350677,0.7645977396048453,10.49588308422032,19210.024059269523,0.7660611345583574,0.8570642417967496,0.36788202660432384,9.964698312181788,0.7536630104303048,0.6846602459605401,0.029198553206360854,0
Craft/Artisan,7.58954803794392,23.570960573776702,50478.483537708555,0.5355831529959052,4.070031429462407,7628.690312071285,0.3689101683240838,0.8744474330039578,0.7997453284349749,2.2386736040253137,0.392297424767238,0.6661846112199691,1.5672876436364105,1
Trading,1.5464999600452014,12.983232530324766,37868.74223471178,0.556056978473017,0.0,5234.569138475032,0.6387228881821921,0.7078204810792909,0.6515671157241751,5.8941350666998495,0.7197104753948385,0.8266373783588498,0.2204659558247311,1
Transportation,3.287505972068124,30.96084911566915,48844.36785113715,0.8018551288050055,7.096398859666046,14181.811923237306,0.488884985780003,0.7685969248956857,0.320945463771916,2.1279407220971556,0.6026977454268132,0.8324464959291324,0.35888708661504237,0
Trading,0.5871758489579183,17.49456137466855,19238.216879791777,0.6612813847586212,2.6572303723121005,22658.82298376143,0.6826763497090108,0.6082610316043188,0.5091427348829747,3.0594194435345763,0.756977936121722,0.4978351020380137,0.36955332270430324,0
Trading,6.454518549445095,18.68199017087549,24009.140182319883,0.5144824323164767,8.444422736692989,26999.21404449873,0.5281338278391088,0.4912120311153703,0.983150148727759,2.036309382533013,0.7277840091134509,0.7554201845361523,0.28730145337328505,0
Trading,3.591116192213185,26.997953591213886,24064.055571778077,0.6278381785106206,4.736769723518803,31018.102241995253,0.627600681182602,0.5467281182662326,0.8573589772309036,10.427339584535321,0.6258230736058306,0.31655380065886574,0.09937754092298154,1
Trading,0.9835105096074337,16.53720082152566,36331.93843504513,0.9178293119771384,5.1779759472181475,17326.173978769366,0.9448912183724589,0.38680634837340216,0.6312515953644522,5.696501952894295,0.533064092824095,0.8602485159681786,0.1883657238059877,1
Transportation,1.9977128422927057,19.410216285825488,41598.81882500354,0.7940108852523867,9.591932561565777,11111.669308309743,0.5553433907424254,0.6567791101578239,0.7109467572895409,8.54944585497553,0.7790146494158444,0.3490489797286687,0.46900120829429165,0
Freelance Services,1.4270394967026157,25.192987871992898,28818.73297263459,0.7731720131628869,7.853188532305176,13339.593623147515,0.5769185741586248,0.588510585243143,0.3582009473091383,8.659938405620112,0.679599458374169,0.7045874284513514,0.14063507546928197,1
Trading,1.903532555564584,6.22183507333051,43572.810287887565,0.8434286888047896,2.260868848981036,5595.8260886346425,0.6357983356130963,0.7495769409062887,0.43333985343924103,1.9108694098591998,0.4588454163628192,0.7176919547181063,0.8334582623881819,1
Transportation,0.6515504533945559,15.717614700899603,19735.36903933207,0.87222535820898,2.7022242346317027,8284.55473325858,0.6790005745268528,0.5325573758937918,0.3601224031819066,6.825333494574458,0.3891827710983962,0.6505243451367879,0.20776203021449452,1
Transportation,8.879181538530066,24.63322636303296,43781.10690450624,0.5682667014968437,0.6494101792030786,12870.949252994355,0.7333012777517516,0.6204548071482479,0.46049355529955294,15.811122152889451,0.9832646306822221,0.464708431860468,0.3704312357387039,1
Freelance Services,1.5987436771553705,18.524801186740753,47037.25344420757,0.8840993644602482,13.80966288756417,11085.051414535126,0.6056589871516086,0.7353361143254127,0.8538274498146761,4.442381230444068,0.7420336238483152,0.38774747104664115,0.9424355406614433,0
Transportation,3.725142744055159,29.73867049661984,39050.96981843075,0.7457225253555824,3.4118781446872504,14248.494134906608,0.7603506714157353,0.690702027411945,0.7072465959840261,6.189620065720039,0.4684954742287527,0.2898082622226936,0.07769110162711648,0
Trading,4.999954144394037,5.3926131345046535,28963.548814080288,0.919123376917088,9.509438954181842,5103.1533462865755,0.8214412614385695,0.5580686591590078,0.6327524697834802,10.9106406581847,0.48538341463839935,0.3536473990041398,0.18425514026830597,0
Transportation,7.5966518374757985,4.479985856430934,39828.094444836075,0.9197374618505095,4.403176303098583,5966.832456577267,0.7187394228245928,0.6880573142110735,0.7497689991877643,3.9641133625820446,0.34353234630434937,0.5416944351818118,0.23684050624495143,0
Farming,3.8191787812432985,24.157492132981744,16453.56654794968,0.7043157371729798,2.760433358274618,22992.321351047147,0.8367262189422272,0.7375821487332845,0.732734144311937,9.264041816586703,0.5598123457582851,0.3929656773889702,0.25194940883417155,0
Freelance Services,3.0365047172056423,24.9264577194622,30004.39786493675,0.3479840640708159,6.064682328229984,7455.13792880354,0.7921813733540157,0.8721260309812378,0.3885394340764059,7.510629216008325,0.6836030524037965,0.8444893748383271,0.06614493819800336,1
Farming,3.9360080960438704,16.453999945345334,31738.34220511942,0.7329044105136571,5.0200074340696945,8322.12229683126,0.9296910576003478,0.8006546941056856,0.35200666560672317,5.321473521012772,0.6086953120264526,0.5591140352824067,0.40064624492520395,0
Transportation,1.538802927420186,21.203155200365796,12948.903416331068,0.7271745919401207,8.405624048290997,14278.711612991863,0.5591800121847655,0.8448663185713345,0.6400236577346767,6.276350091267275,0.3532598866224503,0.4534232119631614,0.4181919224574644,1
Trading,1.650427361627647,23.961655821051252,34927.20575773225,0.8099422539393059,8.44315174374375,6961.630213323497,0.5244665733604329,0.7122287241388282,0.8153027669471135,2.19035399504253,0.8053258717483507,0.40751866563654615,0.4002776915978163,1
Farming,2.9832046696217587,11.48909435318603,13536.563366899807,0.5069992108940726,4.229576943197165,28982.02094531819,0.6056531319010231,0.9096087838370104,0.7641985275206847,18.230252778707985,0.20045698154462976,0.4689959989058213,0.588728840067827,1
Craft/Artisan,0.42064471866794473,12.345212999605607,21261.32420447545,0.8862715084216823,1.6801367469840969,5542.599599302565,0.5894884354225032,0.7998668609180519,0.8093971153496798,4.350125790760192,0.8853946853417065,0.5598255598998882,0.057439149953530624,0
Transportation,2.172165381720307,19.517809433589093,27497.999281333832,0.9268637517648802,2.408507849545666,13373.986488866209,0.7426654002648931,0.8529321151736518,0.5940344922413132,6.421588721810715,0.5372628753279922,0.5569867818029196,0.3237909619036807,0
Farming,2.573238388848809,25.23271167914976,17999.423137569585,0.6882360117568241,0.0,7910.849723929999,0.6195836257904972,0.6218772845270757,0.7342736382280338,1.709522939550923,0.7730855453931484,0.6503872415617553,0.26944653433353744,1
Freelance Services,11.784536080856045,8.672344589136122,28152.87391469759,0.9359434657733128,5.176621075238955,14903.200191572609,0.5698115517498897,0.6822812534233984,0.8154397887599508,7.686551759835481,0.648290995149814,0.7345930281613353,0.0960680133691938,0
Craft/Artisan,8.244765136942092,16.416418944519844,27906.260818725303,0.9040433709634024,5.964598954527898,9431.165334888981,0.7594324816595095,0.6550446235218502,0.9218674022610208,4.84166324624179,0.5473692309259597,0.43083574739002645,0.16516080426252583,0
Farming,4.987409009436892,16.04610694636449,17135.371217413725,0.9593132381737003,2.5715162449676576,13140.36007188642,0.7409821462262998,0.4537545846353808,0.7798274617774786,6.021359732474402,0.5233074967023836,0.5912569046435262,0.16142688514863407,0
Transportation,6.562383937681286,21.343672840342112,36768.10191018699,0.7281863516195375,2.2090466770545034,31410.47267792794,0.5069199775511156,0.6205668657477964,0.9255682429175573,3.64017670760441,0.47939044036879175,0.3484410241023545,0.1084007610935053,0
Farming,1.6383051970153155,17.930413039929327,17671.596695660464,0.9346756660131511,5.951748364813305,8256.759577486702,0.8809542813907613,0.7833813389410779,0.7853891634130125,7.671095821279592,0.9559767869111531,0.5552497834300512,0.3910028651741717,0
Transportation,4.012475804271463,13.632931329577126,94692.10489938653,0.8136978646002169,4.104136054420826,8208.789358456272,0.4156277713587244,0.38052211707005007,0.42825435042682947,8.618308473310012,0.44624813186372825,0.496116003012623,0.1912551651773656,1
Farming,6.029928006493555,27.988526246059244,25331.0614549276,0.7969705258956534,5.361213134055837,10709.316861079711,0.5939145784926181,0.5652293059718763,0.6231984845494482,3.4375507114929036,0.9274760443096203,0.5109313337742323,0.5108519810285972,0
Trading,1.6512947036670158,13.68594014703344,14126.224185447642,0.7652823204670579,4.898325453062568,37489.4022948945,0.8607354522748688,0.39060838461057595,0.9591298157327067,2.374323821503472,0.276104835352015,0.7233618403184672,0.598891533371612,1
Freelance Services,1.0233441304850204,15.66322909582837,15656.039445443657,0.8020594934542531,6.746190722149063,12546.287976518723,0.8298668564663736,0.6218925620031591,0.8926590195710318,2.494062520930668,0.26211509257040244,0.7080340777169909,0.7107822484770174,0
Freelance Services,4.629264505135592,5.2680189126430115,50572.80476634011,0.9677296129929398,4.304162948307931,31695.875043167645,0.6785943698573357,0.5717579958954733,0.8039841693367187,11.232868912293112,0.7016664743948255,0.9380324440587904,0.057736992224371654,0
Craft/Artisan,1.138114036021188,12.290992985232839,21481.912750966676,0.609416541026317,4.533767391102256,11803.625442949291,0.4427438174909867,0.9184567280342871,0.7163667754958244,3.182660547320821,0.7294520519173617,0.6591900231328705,0.018659708963336755,0
Freelance Services,5.304912874392697,22.128608610712398,12707.274524853392,0.4878211813079132,0.3546036485171129,30722.35720652097,0.564593480745136,0.43541901553566387,0.6706726286717108,10.158296783344463,0.4080983704243297,0.7005991909221234,0.12408462342624108,1
Craft/Artisan,7.511634999827054,20.56481565083888,43025.231898513775,0.9833547928980411,5.849002307821768,17768.35044448451,0.8060810559999994,0.6927475826048948,0.7719043309473776,5.460994696148891,0.6990671746655673,0.6898541279264017,0.2950127175066872,0
Craft/Artisan,1.697362825286452,22.796135920526094,21406.167527816095,0.7814931891528051,6.2660754671929,19696.505441713318,0.6812925560065319,0.7977620540552128,0.8509124358494589,3.998694638089126,0.6945354251714936,0.5268822717402467,0.19726909291587308,0
Craft/Artisan,1.8118190645200651,22.40785828756536,38537.25563145191,0.7637302106812387,5.4669016512674276,4890.071949977902,0.9204399827952946,0.5905337069379712,0.8688286073959675,0.9613661992361668,0.8542405161237925,0.7791301434441273,0.48257338060147403,0
Farming,7.367328374632496,34.70171229036123,45006.46000476929,0.33853918652474385,11.735502121525526,4407.649163059134,0.5990219171657242,0.5861110284716992,0.7680092201384081,15.65973856167152,0.711883031998536,0.30971023952430204,0.251677213650726,0
Farming,3.8341270770276177,12.01712938042472,31286.90587493463,0.7107614044630186,6.488336107075209,28258.259299253557,0.526156803582862,0.7672132929418212,0.5060979597938718,5.1497997785921035,0.8328800250129121,0.6885208690096899,0.4886592244056096,1
Trading,6.731673989666965,5.044610052521692,100483.52549558203,0.8868511916525993,5.530568696229044,28013.448847108586,0.6473121807172479,0.7472513176872949,0.4944518973738123,3.785497702512685,0.8839606643083584,0.4520636369818949,0.11279327231991108,0
Transportation,3.066808384855103,9.59557603142781,10419.055090342898,0.5145715533949548,7.497434906579713,72767.06053069222,0.7189760186133937,0.4746277852722069,0.7534472924782504,5.370245236404076,0.7646074573253571,0.2434793190005744,0.3559796364834505,1
Trading,3.2428345416578446,12.37078531334727,17156.41540263485,0.9559002541394492,12.33859061300318,4721.268969737292,0.8237216369908482,0.8005654099532207,0.8367810339753046,6.028933447497526,0.718283021120846,0.341586476706776,0.10887358851883844,0
Trading,3.762304916874531,10.205384507064712,23370.445668628494,0.6168993342332338,6.758169131827724,18770.834600467926,0.6286097544247626,0.8457336147709905,0.648323628453183,3.088585666048683,0.5732749673221677,0.8296303124970681,0.19929278729769104,0
Transportation,10.281700335958739,18.749286781158833,93306.53625772207,0.6998743630266802,0.0,6524.537313188368,0.6781791057947992,0.8217113610135998,0.8685295171475803,4.131642576896661,0.4461955214266722,0.3505481207193379,0.20606241093081556,0
Farming,6.386720205082699,28.02123924445617,72323.28076202102,0.3263947404682676,7.2961756559236015,7955.185118551184,0.8253237834738419,0.6423329298481002,0.924169572630857,2.073787970517887,0.8282917316299121,0.5218011982279454,0.12998674672169888,0
Trading,2.114021836814099,30.31727258375932,54654.12532689156,0.6768943127467822,3.3622937208602095,9399.64952320885,0.714440332393084,0.7540876853586,0.6779300000026074,3.1879979616916025,0.7956853172481438,0.5602933381414298,0.5788533900980664,0
Craft/Artisan,4.22107353480183,22.034468014772834,17382.719031597604,0.5823481555036314,0.2325744425785432,17459.66301218168,0.7803875497741489,0.6457706143791462,0.5630347594254409,4.876975497501094,0.831752094626276,0.4096817181160167,0.10655265186796178,1
Craft/Artisan,2.906715185309218,35.13017772363212,18534.087684183796,0.3691588559397665,11.092683741241466,8393.238740215456,0.5584025735536492,0.4461438194059837,0.5607338531447811,1.7029229243423702,0.6634648127434611,0.6306494398275444,0.05190482587152447,1
Trading,2.504997104427132,15.149015547468647,17056.59106387084,0.7404259931595321,10.444339500985159,13678.209997090646,0.6101449932862816,0.703026440866613,0.6567194833071479,4.442518782049716,0.6245295577727552,0.8090521231531279,0.09278733434644014,0
Trading,5.203990097398526,4.939847663980588,17485.289590368713,0.6885175011922672,3.284467437269635,23918.893921306248,0.8015314804543504,0.6542282348221234,0.8881062717408041,4.135320472881297,0.7685420387732891,0.8828415129710757,0.3479772476543346,0
Farming,4.500401167196727,26.425424543105358,61144.031616290515,0.6694683343718809,3.3041066433026796,29424.45239309534,0.6159533133548956,0.8967870931196162,0.7311674389770004,3.3716313408278187,0.4864879147217745,0.43342995754775027,0.2743499805826601,0
Craft/Artisan,1.7143268746189473,3.2912448660074993,23527.56713344879,0.835085293827337,6.480501635739246,21694.46686017418,0.8851254239741434,0.7622478801906495,0.9031654947760184,9.145306352375249,0.825558593039969,0.5590903714893385,0.13388950021383114,0
Craft/Artisan,3.7691171729058386,11.959975818401567,25302.943439883373,0.8256494812242704,3.3444634746205253,18330.24408845775,0.6127476781518293,0.6684328357798992,0.880448617307335,2.1238081255146755,0.9363931102857644,0.6144368981388638,0.14338945832209343,0
Trading,2.444608766597213,22.16089785938237,41188.432559934314,0.8771503116758548,5.594779069032919,12098.737949660985,0.7515076679817537,0.4039030855499695,0.8258426155437142,5.412854671191899,0.47427796378797904,0.44114415139464613,0.3515115382082947,1
Craft/Artisan,4.980984043088231,17.180948159609756,10775.815690931626,0.7939631080186496,3.8604539320978892,8970.957328455954,0.7495602042562116,0.6629385051375686,0.6520937576403975,3.2003214446980093,0.7361756604564839,0.2394790120528745,0.7890459611547836,1
Trading,2.3595056593763637,16.472377897027954,27693.560762335645,0.8968775609026917,4.79879305766217,19483.204616477673,0.6073103641455119,0.6158041593422015,0.8901119972239083,5.620080918715079,0.6101791530279466,0.471725552668608,0.01970961756110917,0
Farming,3.2575735301491635,8.553679737439952,14716.440500697658,0.5134290339920198,1.7869344139612364,6401.986812021349,0.9167190655395743,0.28024307904805434,0.484892601298183,5.468329029310608,0.7989643005383509,0.7511936873476484,0.3994309971550972,0
Freelance Services,2.559325409455597,17.913580884533303,22881.220639356616,0.8635009611292427,8.480694982363053,14521.565592066463,0.6381692574534547,0.6615054773860031,0.9122638694259021,18.847006423667978,0.7738928469459168,0.30542728934081886,0.4436755621382851,1
Trading,0.7655068434874546,26.029299909902335,19486.33283029203,0.6006387924329609,9.611367118799471,6291.94731527021,0.7307910832234285,0.8519655971860263,0.8031720388661558,23.67167279295483,0.5738245036861993,0.7845742005631072,0.1894109301674144,1
Trading,9.956451221955547,18.15974333228815,18941.500541973346,0.8803458952859117,5.69938803247968,12979.224845314957,0.5431468585139317,0.745002098657703,0.7462777845559931,2.875222608268082,0.7962807580349158,0.7497119599589168,0.37847228209598377,0
Farming,3.739208818591813,11.358192962871513,30456.96533728894,0.6312061902046028,5.891272488377761,6389.445839038511,0.7682849392076077,0.8818289825021596,0.9181122254896941,4.708341751813762,0.599432418909014,0.5508229494651635,0.6979159607737356,0
Transportation,10.178633598219369,8.019692315221356,30383.876588458348,0.976773653737886,7.887471055904201,10093.082056637419,0.8649847395459046,0.8694926484426146,0.8290380990258848,2.8120986733695217,0.30481228816791195,0.6894619657063925,0.4090694038372351,0
Freelance Services,3.8621969942339067,11.523243336355371,23839.48875053177,0.7204202005259893,6.0057034345167155,8323.45648298827,0.6200563557983136,0.8383984277549845,0.7077361135850252,5.40605791209442,0.6386836729286395,0.6935962221580774,1.091299596340293,0
Freelance Services,5.8482309113082485,21.138670019314866,32987.249554360154,0.9048249847202499,11.18869154650022,7649.60567269103,0.8425986440395007,0.16622152452471972,0.7788721538637909,2.933737451629838,0.7093427121824186,0.4319376791689231,0.17389788356566258,0
Trading,2.2292428265784983,20.74881809887768,16684.943460388335,0.7181201899859678,2.050911430868619,12567.257346273353,0.7294487352833419,0.5563731814312364,0.4848219176229969,2.817593998279746,0.5901047562891608,0.6220554336163973,0.10560024831763186,1
Trading,2.274413941590367,11.59594319523465,39138.90358738309,0.5896070038746617,8.582825879045524,2448.764641019627,0.6754603592601119,0.6558050130287264,0.4468792829761316,3.7153592931397377,0.27826663872921736,0.512213375530025,0.8647440687338239,1
Craft/Artisan,3.5897333149882433,1.0,24018.76161307234,0.6806978337052115,5.6573929046944285,3782.970559857103,0.7215088622130764,0.7571565902792262,0.8593325508079073,3.8175700335639347,0.6692560542547357,0.7084411213291493,0.5715445002463535,0
Trading,10.120353853236436,21.36010210937732,20619.346011052352,0.5773925245721917,2.636362518966968,23449.368580193128,0.8762700819810457,0.8257988986175241,0.6236164167935656,0.6384871494111519,0.47480662541055485,0.38939331295432306,0.49363490513342867,1
Freelance Services,1.765942448126039,10.818340808197991,17376.65041026944,0.4996820849408544,12.741266228637187,14812.625268046684,0.892159176932327,0.9714526375147681,0.5924548785214675,3.9973962662808713,0.6749977489258523,0.47272426664980166,0.16401890174316336,0
Transportation,0.5847169768290956,23.512499832122266,23558.250946443557,0.6953169611463036,13.155601117547398,8051.739007848416,0.858336169599414,0.5007231454677429,0.870418199444556,16.166303297536672,0.5245212108206981,0.5905388503978051,0.07912427531867292,1
Trading,7.255980799556993,11.951122862978002,75271.10370991674,0.9324070264263395,5.376390187716612,26416.189878662357,0.7503421587846603,0.5601021173908194,0.8602652383686662,2.916537130269808,0.6061468946618949,0.5552535592489498,0.450614119465697,0
Craft/Artisan,6.090774820868145,10.096796370641531,25982.47175654415,0.48536932163738283,7.334176044126767,8540.508010592719,0.6923514438468642,0.5958358722608322,0.8449945639840816,9.099445966859257,0.6800283893806843,0.5284570447912526,0.2084380527603613,0
Trading,2.6730184134245176,19.225375258076674,14336.701332932515,0.8869939226900075,4.586441212479173,8903.633039887862,0.6471740449602061,0.5340660240627303,0.48051062242955445,6.940944659653296,0.716737122251449,0.3026848267540448,0.389333961876661,1
Farming,12.663899572630909,36.86159384021095,44593.81658175272,0.154937217539064,5.069115472306556,7720.468343463658,0.903749523426805,0.7584156912522749,0.8915869297809217,3.6892836223287286,0.8579383952477948,0.5109118552477222,0.6589751105813717,0
Transportation,13.011656276884757,23.992239928932584,20752.86026622296,0.6578171730652712,2.6025024406454333,50748.28684102984,0.5722869406096289,0.6488671772872674,0.8877779593447306,2.55482142581966,0.870523457252785,0.5232349723993182,0.262409717986629,0
Farming,0.7108129606866886,19.089754393646814,31447.26995234188,0.3189818851754157,2.1592134268606573,15749.61523136105,0.9077156888142284,0.6560367576797885,0.8139696715310469,2.0063717662098237,0.7949691701871798,0.6860526853822764,0.4419814260733235,0
Transportation,2.187331517151585,20.870812291047745,19281.217167483213,0.9012110363938431,11.532449915768275,15321.274196442586,0.7636097147577064,0.8721425568514632,0.663711535049258,2.5580467738117667,0.7468428142907172,0.8499828727527807,0.40551146196868265,0
Transportation,3.5709367284070885,3.9910731081152218,54416.6430176333,0.979608123893567,5.883696348491156,18517.66999230647,0.4878710145121106,0.7304255913380787,0.9620925331731506,1.6439497615970544,0.7690074485976018,0.7803947224630149,0.5682812672760226,0
Freelance Services,4.888257025027719,9.02127703397955,19439.88444568426,0.6249049564201685,6.151754780674274,3652.2670239335052,0.7862884205414844,0.600876821529204,0.6574079814427799,0.9992795582969426,0.593491561390963,0.7618644600104875,0.1918592090079138,0
Freelance Services,4.394600627330206,1.0,58036.180003696034,0.808114034751398,3.568445341932939,8814.858761817999,0.6962459446956131,0.6803301692803931,0.5732744406271771,2.3488575103786435,0.8229960796374981,0.8882619335903119,0.14000525702753347,0
Farming,3.729039446614825,31.83899115661298,15106.897075837554,0.6822268928179474,6.569910606819172,18370.30540141195,0.7437736817802372,0.460308573318893,0.5978693323532154,9.637456210100625,0.763846849202398,0.4176471794181012,0.3079479609322979,1
Trading,1.5442860466814379,30.219088233245987,22900.21293238408,0.8141868765117597,1.4886174844525923,13321.36026894511,0.7713986728767919,0.5850988668594109,0.889811875609645,7.548980521169445,0.8394686593720587,0.39394896200227864,0.0946925434406056,0
Craft/Artisan,5.312345288004332,21.14254820971928,58104.45873072504,0.9472875713374913,3.6787843125658637,62554.47713455162,0.9256723360614415,0.7696735399383742,0.8883345942395082,3.3176190704002497,0.8806780595849044,0.7806513362753216,0.48209162781007014,0
Freelance Services,5.518222706047544,19.080920824673637,29510.33510839576,0.8303961561014824,2.4006758640483703,9185.357301674165,0.8796065880328942,0.5596418116348006,0.7129369233428576,10.445727827549627,0.2962786535041609,0.6485123540515831,1.4036577634873348,1
Trading,6.923481150373269,5.587279980019359,93836.22626891456,0.8801090247210318,9.878652356167567,25854.194577766848,0.7304236870397289,0.21033033031738352,0.5598700281414634,2.5682763160871254,0.4243617770371847,0.20640310753453722,0.1843635011321515,1
Farming,1.3595988392754526,16.245600317994473,23201.512579446746,0.7410522923900666,1.0443049088160103,23487.015212805432,0.9214714329603596,0.5028581102732673,0.7319250206864916,1.3778924132846602,0.9371840508339239,0.6841391898240317,0.3833965164946258,0
Farming,3.1647709348562683,32.33913502723114,30988.56576475004,0.6209347625064321,2.4623535083364807,14764.406999850045,0.36856344705884647,0.6299956497416114,0.8673829528768036,15.078406975543743,0.8516946988356514,0.3622922906159586,0.7709967095212122,1
Trading,2.5728805508825854,19.051327985565713,76713.43228726905,0.6162421375203905,0.0,16765.56583598266,0.6038401268988236,0.3875127596612041,0.6866905855729818,5.7529497350364425,0.6176668512269098,0.5542136881443677,0.18316448259568446,1
Transportation,1.3368177137646613,13.482828270304829,11699.977887089966,0.8394461536155663,3.329963004006355,10903.724646181015,0.4916924288595478,0.8310896716408547,0.9016307828470809,7.004183976651278,0.7975211556645524,0.6280885807144442,0.14867410503035305,0
Farming,3.1274238359287003,3.9354347199710933,10929.681947962286,0.8870280827744936,4.621437057260488,3356.9299266433254,0.7404023905653786,0.8421672199913569,0.7803894034191321,2.7566185833380614,0.4212569729099452,0.3403015349295828,0.7919255020741987,1
Craft/Artisan,1.6124422313928968,29.042445821846442,17369.49008160014,0.6309126454060006,8.933341131177329,17058.920139554648,0.7976591297360102,0.6520577813503446,0.9350769881830102,3.010087588121152,0.4433141573742591,0.36664055122555783,0.17356142039112432,0
Craft/Artisan,1.1434334560125021,17.43932959177875,42081.141721579275,0.8958801871080659,5.334006481590735,18031.939224036774,0.7022890706187126,0.834587764463948,0.736589912644856,3.3858457608161725,0.6947903436289881,0.5335168354553175,0.3851999742477627,0
Craft/Artisan,6.14328436935851,3.9461291730973667,11098.684304705344,0.8688714706633537,4.76823927350411,20129.706190586472,0.5961592699374944,0.6485907750680473,0.8288749303558128,7.486630178699354,0.4667644995065076,0.7082405900109975,0.42440231385917265,0
Farming,2.6619505472359646,10.605874543427664,37360.787884617865,0.6386131628535588,6.899724370934942,13963.016446952517,0.5040287520478112,0.5758820544726655,0.9607978978217582,2.032976739288024,0.29039444597898584,0.6167046839118052,0.2973913112379499,0
Farming,2.1024524820173025,7.779695861134957,35942.96594980623,0.6351107794791621,4.671290631358751,26351.507287572982,0.7694072761314402,0.6775644294044858,0.7088049354400343,2.3812538958292873,0.6400115896847093,0.2564123551805804,0.11758929727757815,0
Craft/Artisan,8.050064023422758,16.946051794304225,81463.84883632179,0.8526136844206231,13.229723588072654,7286.706947568468,0.6436952758012493,0.7157488954726507,0.4685691447409594,8.17132174581686,0.7849762452300063,0.5486635523039018,0.8239075653455349,1
Craft/Artisan,5.630124266536931,19.658711756902548,47811.27211727506,0.945227588091074,4.226989730214092,37341.90097995772,0.5973370838883181,0.604421423277983,0.8477834608844829,22.428633969068002,0.44872215812629945,0.43097654199195046,0.08575752816305413,0
Farming,0.5176818330758948,13.974263485771804,32867.10638291951,0.8389605792525242,7.241135347709346,6690.6040924442,0.44880298591440615,0.4478150529402167,0.6599409682677415,4.202496968181362,0.5253515840807026,0.8314671361961357,0.6063215625591619,1
Freelance Services,4.910393487474185,24.216372771895053,56813.15126895743,0.3965504671376241,8.479367350066937,12388.359532027893,0.7734898559254664,0.7890190659773475,0.6380231569597717,1.9669611194725607,0.8352893173183741,0.5921957630216178,0.12584242034780946,0
Trading,4.89433658605993,18.630417923779532,36184.89941716384,0.5749644693507225,4.140857987267579,21517.280330267884,0.8731758165748363,0.8005652198259353,0.378722766556898,1.8383595477711632,0.7496979066947368,0.9260528936454391,0.3409057066115477,0
Craft/Artisan,3.0304441113704774,26.49849908217704,20888.655049096003,0.9655931626263086,6.496116997924065,9316.41180097469,0.5674500801715392,0.5414144657250783,0.740389645193164,5.247974709717285,0.6394704895403813,0.49472671872587753,0.6762391135350224,1
Trading,2.9446244019334706,15.142447375354248,14335.106714518766,0.5234904638096446,4.4974636447129335,22568.345756155246,0.793915406384376,0.7066906076540884,0.8594489240766394,11.696094450156526,0.697448411518465,0.7116613784020513,0.1183151584533172,0
Trading,0.8597251100978505,42.36260473608917,19669.98045955044,0.9770793429655144,6.8220624238400704,10509.66082392026,0.6543467046443405,0.6381651130647331,0.4555538279829997,8.983890982183631,0.8233084890971542,0.7192351458870264,0.34738640996146397,1
Farming,12.57194274279239,13.48409021220834,26316.70977296529,0.7370848119088186,6.3027725731661635,14511.447775962684,0.6712937841354323,0.5954873955185706,0.671414284876844,6.29563116446405,0.44086509200437834,0.6498387688355727,1.0372123364233006,1
Trading,3.1183679570324325,10.773360065953025,29621.630185127244,0.8432163108419455,5.5791510289235635,11768.83260645172,0.4739088987534375,0.7147548298530156,0.7973866984484251,1.750755054038469,0.832794914150988,0.8032640037606927,0.2293227202279807,0
Trading,4.728287068807296,9.78959559923394,8313.553560493594,0.9614349916416477,2.533309330591848,8921.584571061856,0.6164528972750906,0.9172992977885898,0.4480718277397649,5.288763583791047,0.6114530436301712,0.7034610873582398,0.32124589377017976,0
Trading,3.2487686248290917,16.312474187565556,23842.901376099715,0.8428759860118072,11.591084391620587,64585.97753316589,0.7227227897456749,0.6559362916434065,0.7726111919300152,1.2684393931959281,0.73649749955661,0.708953485590502,0.03601225299371859,0
Farming,2.1309637786953837,4.24371127307373,27329.4450516754,0.45302250970241426,7.759197714527289,7421.798399188696,0.7573545598461366,0.7012185963567964,0.5577533539691212,12.903739034165564,0.5696974323788687,0.6051704275630372,0.11197103639228737,1
Craft/Artisan,6.46093672732188,20.356502750622486,36357.12936015637,0.6472820665169976,1.2340879423759752,2696.5312535364933,0.4672836626872025,0.4653348362733396,0.8950987935426729,2.7669364047839076,0.6993005043835574,0.5012827907706763,0.07924929491801273,1
Trading,4.130682790851827,2.7575698434815443,65824.04561116426,0.7988769060863904,4.738891229986834,7611.79744933163,0.7178319554421468,0.7277277319849627,0.5426161006670243,3.595430222693005,0.7942025333078864,0.5958113813506161,0.2072368156908216,0
Transportation,3.138153955683133,19.29336739245785,29795.404360039058,0.9468411398025413,1.2918119126806733,14645.774195322156,0.6388220072390176,0.7556426782801992,0.7043246759534484,10.597928125243877,0.6647635421022087,0.7832100973455294,0.4802721537499893,1
Craft/Artisan,4.693290708202165,7.189986047229175,16313.371991659393,0.488839181134745,8.286244098134791,10261.997925863903,0.3331867383303675,0.3884320003477657,0.8175480195599953,3.476061489154784,0.7436238674342684,0.5646545886379954,0.47907060397758827,1
Trading,3.4743480541870824,14.949652740959259,9897.686668995339,0.9534475896696427,5.9346518925774525,27255.29139761278,0.9690626860546611,0.8168309829224774,0.5188290207035786,13.337404017862438,0.7739585887027507,0.4712585030823543,0.2015537819622778,0
Trading,10.623883792881784,22.836323193058874,39255.860609731375,0.5550782966466551,6.012233325488141,26569.75081093457,0.7695884209653719,0.34870454658853783,0.8958459049066175,0.05712345826453154,0.6338485967686666,0.7134157987220087,0.36078828606457614,0
Craft/Artisan,6.316151016809914,36.43230147101083,16680.605100905086,0.762374162394644,3.472898321714568,10690.665090430903,0.6636326084076961,0.7583299266305015,0.5757981352726157,2.49423953852934,0.8474805206172208,0.6874517475304834,0.6969941896265313,1
Craft/Artisan,5.228998941512374,9.375995833750745,43336.92567122333,0.7236936893320433,5.05330804120844,4115.190726105553,0.8246979425983664,0.5477248955384794,0.8780046510389481,7.667111054172517,0.7986520002526434,0.6008946206617375,0.3148090556565235,0
Farming,0.9654008979450587,16.797460404588865,58022.206311281574,0.8439111375996718,8.361552301838852,5441.421854558289,0.8563959467526104,0.9723458654735843,0.6718251567814184,8.582408877204983,0.4906709216117228,0.7006847247526303,0.09560627650363712,1
Craft/Artisan,5.353243046953935,12.209930601795662,11507.552969375207,0.8467756443432856,9.16749645554333,13061.945179748165,0.5952310191950647,0.4651612887616265,0.7320577400511714,2.6396840112790096,0.8838985900449067,0.6531533865326976,0.15713912167258587,0
Trading,5.2631924173482725,11.041037419513636,36484.431244062725,0.3052830113071472,8.539263359834308,4468.65743777257,0.6673086353235234,0.6189210013914804,0.6858384977475596,1.5881976083750087,0.7256864733080559,0.6593874709014619,1.619409976429934,1
Farming,1.637352197504845,12.280213360243645,54772.43446607198,0.7080206544153107,1.3434994064517003,10327.321873655605,0.531744254580634,0.8003603473004886,0.7890545761663834,6.412840733863353,0.5467668229069276,0.41480972929971216,0.26264579260689513,1
Craft/Artisan,0.9437754863610699,24.59253180509551,47120.886362804165,0.8157359050979616,5.441651920365938,36131.19688377745,0.34919142124175445,0.8131738040861868,0.5478949710278103,4.3429214114159915,0.5011629333752008,0.5363720517027895,0.3483590333137501,1
Trading,6.144882774783561,14.095553086156963,8492.94679932872,0.8830969340296968,6.7599403718342845,16983.25604333193,0.8188419911403779,0.8083347703286116,0.41132414403100426,0.375208606030918,0.7786299117434835,0.7047070800960216,0.056636722840477,0
Craft/Artisan,6.6609658573824335,35.99450158616684,16822.8166074927,0.4516057152959389,3.795673231946215,13793.704224648369,0.7859925341264478,0.401784948001956,0.40829410161583357,1.676054335947999,0.872556103698075,0.5921499462281222,0.09986459872710576,0
Farming,2.283860148344627,21.32783404715787,13305.073688955026,0.6223695195037566,1.022952819271973,6447.573687626445,0.707709000580135,0.7421998225184286,0.9302339306549162,7.739337480801799,0.6179495606047105,0.6762892034781313,0.41121258869843896,0
Craft/Artisan,2.202458853104916,9.919914710607399,35879.09221727812,0.6026417506265194,2.1401083612437377,15172.14350796304,0.726160411373203,0.4373983869232932,0.9643925407011421,6.1551336304589785,0.6545505199153759,0.2548280215357616,0.05715711223131811,1
Farming,4.080517231788027,15.066358542839382,33770.051652517825,0.8944175094484201,10.499324306107304,11148.197523962066,0.2957394416782493,0.6091442810807113,0.8167502986148149,2.984019957122164,0.4692680851254722,0.688987882610515,0.3537395090517444,0
Farming,2.6552789154222967,11.585224079680085,6100.704084155491,0.7716391454173691,2.4256158559819703,15788.635847223404,0.8124159698601041,0.8068757886281952,0.5373672122648033,1.449097572517436,0.7628678573038408,0.7545015151219928,0.4873625688276094,1
Trading,0.9234499816600458,24.400549223573712,22800.610896043065,0.9502702113414218,6.142682095192801,22224.898188487005,0.8747594874442018,0.7413806822483333,0.8161757051099897,7.1322522919795,0.8648905710180474,0.6641376232511264,0.2362365729622424,0
Trading,1.62138697186994,4.8897627474779775,41789.31261220895,0.8729215170671119,5.530995014968201,25051.43927302353,0.6653532986966036,0.6430640848417083,0.6931524505317909,9.77751042774267,0.36225215436469493,0.8293510540933069,0.5228623726889846,1
Craft/Artisan,4.609617856547364,7.2723889565135185,29184.318174434535,0.33849088369404984,5.538654966805972,14621.135940860422,0.8114577478832382,0.7575871052593987,0.6903679525945638,6.401498825388105,0.870258076567853,0.47627638631241354,0.49560352638145533,0
Trading,1.700876403935128,13.26763105000687,29156.898112596828,0.47026388726911045,5.040415599547088,19117.24431206654,0.8898318840313058,0.8336199684885823,0.6204837578080382,2.0447136203524563,0.8411401892830767,0.3826155770651065,0.2895507299432968,0
Trading,6.883483661360403,23.463574345106604,22010.028564248805,0.4701366062484289,8.367411040353087,9335.816685429087,0.500678639636401,0.9419614451710379,0.7982573204989029,2.9817445983876985,0.4223500067421234,0.4582706668150917,0.16469520670792093,1
Trading,5.205588687114693,27.86448219858218,15026.678731932641,0.8433682568090012,6.106838757155963,29519.26796594898,0.9173144192787105,0.8449064913284058,0.768090732881899,16.28266525054339,0.8201123898448829,0.8617538210984846,0.08879722642104061,0
Trading,4.738186944641688,29.044337526182744,26651.995287335263,0.7932097664907763,4.123036020132126,7179.703470467162,0.7442849190373488,0.7762312885511191,0.7394871658990846,4.964857401313106,0.6263344770423216,0.7985043365888782,0.1846602207356473,0
Craft/Artisan,4.020257608055942,22.238412159580243,27685.14863901152,0.711506217247204,6.154031472705588,11553.828762166091,0.600652218345176,0.8624252744834725,0.6250717847997594,17.83283855581359,0.9057563888290644,0.8663554031165503,0.2357776108625665,0
Farming,2.0537608517472337,17.33688370913584,37736.760811430635,0.8386682582612575,2.1673675085691135,31749.504560334797,0.8904547128711495,0.6404751471467165,0.7910461061783306,3.047701932104817,0.7662270491567179,0.5057959908094984,0.25608887550015785,0
Freelance Services,5.695109325306674,24.357006498511943,39461.26979532164,0.8031885618877287,7.427833791761675,9536.065933527381,0.6149641503113799,0.5642282241490308,0.640960252086632,4.226534900913279,0.3975243773138489,0.49626689213879,0.5661893888910081,1
Trading,2.0063234481586,8.843995060546316,28204.132268632948,0.8536016337209471,3.957099448991452,5226.253920189075,0.7403830775120479,0.8948423931951625,0.7388046807724155,1.3888802038138068,0.6879695619899804,0.727588664300819,0.21675290104313377,0
Transportation,7.1373111727610405,3.242742223870188,49128.74599039,0.8422814902955222,4.129886541690926,10021.367334989434,0.7070544112124545,0.6916443755828074,0.7804332233561982,1.807770029802814,0.7599651710806888,0.893078811735153,0.23091236010017926,0
Farming,9.577143010559329,21.493100621491912,21890.136637990698,0.5996983593420178,7.539142611242904,35391.04125137872,0.4952180320421859,0.695094894074801,0.7516100979509099,1.4147124867361691,0.8299365911325498,0.5258926098212892,0.6533911200662456,0
Farming,4.113397526475691,9.9545726628092,12158.532754046517,0.8164036250790841,4.77805225617973,2725.711073677589,0.5308929265134904,0.551573521866835,0.8259620972541484,1.9894658970157586,0.8396603191443138,0.8204459737056096,0.4839305037339667,0
Craft/Artisan,8.775415014275783,17.477546142676154,34974.675386161856,0.8806994373122408,4.946951536314392,14352.439766740203,0.6684868070377497,0.6885916296330838,0.4223235944918409,7.104064990869223,0.6561432976244367,0.5253135059503781,0.3558616578474771,1
Freelance Services,1.6408205873161794,18.957016126982516,28839.716317173687,0.9087765418109658,9.502890705944045,8571.495760300733,0.6677660647017742,0.6362382290689654,0.3766197277076394,15.901334857777918,0.8879348837686365,0.5879722684255213,0.38697037506684634,1
Craft/Artisan,5.245326976115526,19.984956473426372,35359.144894945726,0.5145202177764429,3.080436799283303,11880.529098675399,0.6142402863470945,0.7901029407134388,0.7593422837127828,4.9789111827792425,0.6661704593590485,0.7032554493480903,0.3472930428359827,0
Trading,3.661577642039471,25.502332308200415,13420.675686078726,0.8762624734182052,7.495155005138246,10467.38161744708,0.7807278861034589,0.8788681123693284,0.43739881449691975,0.7785462389890869,0.6268554727262513,0.44515084009646677,0.6385193196073836,0
Trading,6.21521873422871,24.65660150633385,72037.19405674974,0.5788506869713967,8.848572081962937,26169.196087727312,0.8668446704540664,0.7233514643438885,0.8695720272248455,4.081413418471742,0.5534183892363607,0.7267507477593724,0.03738961355617985,0
Transportation,0.5518949160595352,19.560000537341523,39766.348856598124,0.5726143707361331,9.500691596914937,13872.526294793235,0.7626246150230431,0.6556218310155554,0.6846716082248808,3.610945709768224,0.2574724825025595,0.7759559954294374,0.318982244582898,1
Trading,5.971488057039271,14.463877756244756,22962.13215350365,0.7397477754349339,12.529560056526785,27102.31255490656,0.7565969116512349,0.9781433057147076,0.901453717758862,8.105196343154699,0.4426882730309104,0.502565768815209,0.3877900524664414,0
Craft/Artisan,2.214515075677839,18.86209670941057,16082.721400203402,0.4978929835328828,4.073579284565514,32823.23835482254,0.5619264251709472,0.8777942797429451,0.9374204343756269,1.6439842360625523,0.9072745074589778,0.7520179524059922,0.515400827280254,0
Transportation,3.792938451764362,13.230316666600629,48651.327585325984,0.7820204405738869,3.3961925001146054,13642.264053005281,0.7842422337113326,0.8254547682038746,0.5752800894120921,4.144084643852776,0.674075178340291,0.5831469858134128,0.21640561511551704,0
Transportation,12.435941666038241,16.428568623950632,14676.848802048067,0.5703002016375894,8.451646354227524,10387.428027615983,0.7923964221436647,0.834205395114145,0.6325697272969257,11.128191309064302,0.590723329402946,0.8070025974019304,0.04727611485585363,0
Craft/Artisan,5.364918692174714,38.94538738864331,93316.35382555837,0.6320219102136502,8.820723341602074,17396.576780075502,0.7869882815586745,0.31769993673925945,0.8051798491034989,16.52128389900412,0.7659575054323402,0.7034706256179943,0.14557463525994127,0
Transportation,4.895855444189033,19.457517607068326,19201.377170146483,0.8317493158984679,3.6277960567277012,19913.05582140056,0.7272965915594575,0.43332326427531365,0.5089061317054387,5.416960734570473,0.4604269512889461,0.6512202115525914,0.2903838502038806,1
Trading,4.626341517719375,21.601960136300388,69305.38363096297,0.6846336604303115,7.454413473688846,5959.229467507162,0.6757129343933919,0.927436235237491,0.8969492339893237,6.673713255311574,0.4208837548754796,0.3762987505395148,0.3434974938019477,0
Trading,7.62878253932951,12.356154807757104,24307.48042095334,0.6051236117162564,14.172620582097352,15760.225408997436,0.7152408700443663,0.6843937899086728,0.7548437746927891,6.882071594762305,0.6324963725903692,0.3819814612504763,0.30518875496108316,1
Transportation,6.3570878513130475,26.160587331438943,64177.67513363148,0.44458621923221464,6.313993218919395,11187.006637894141,0.7407861067382314,0.914134949126313,0.7416833440600615,2.930459289281166,0.7303574157091304,0.6843443858761479,0.04722390048389249,0
Farming,4.661818132059244,24.082179381307395,17958.56288733056,0.5194971855564888,8.770496414744619,9954.261950454966,0.8413534337241285,0.7932644783252617,0.7220962876178881,7.999097857822491,0.6717095334206484,0.712082896019746,0.7562498016480257,0
Trading,4.271191337965655,24.13882043724068,27183.3520577535,0.7006133964732413,10.730212156799785,8236.563752856482,0.9162658459652877,0.6983931606340283,0.577847534248109,2.6409933443635882,0.47403270813142684,0.5189868266061439,0.16087715680918147,0
Farming,4.074521706456166,19.719129974027705,41882.02983078818,0.4721327937273995,13.511238448811564,8621.340750639965,0.7224594594292331,0.362425096615083,0.6458257461182856,4.879699023498208,0.8190694744561505,0.808868448419971,0.1038940108966653,1
Craft/Artisan,3.5179241897080162,26.273520766134165,38721.19583889947,0.8978796620897537,6.73709889388703,32175.114652059183,0.8507729772075262,0.55518918076983,0.737147435819144,0.703063657523118,0.8314000684318691,0.880121723418448,0.12639309327272685,0
Craft/Artisan,1.339231447210118,28.173481573077865,49287.16634081978,0.952979775473875,9.759100637551658,10354.797618380187,0.5483399016291229,0.7762714295296764,0.8127115324457831,1.5934105336805398,0.48986020164154603,0.5572193083245401,0.11521842947701007,0
Transportation,5.28752366185829,20.26479135479436,20576.199790263174,0.628170271362105,3.634517651217272,29751.38474671246,0.9401983363296167,0.7859031644449115,0.6530309272869618,3.4426226573037653,0.6082373949191203,0.5305106857868306,0.6618220165620948,1
Farming,2.3928968881917627,17.083101127997416,28187.80185654656,0.8036712157245524,6.0746428334210805,14643.01350847435,0.7060805128026975,0.6906778731849184,0.4468769024151835,4.037771610021862,0.8148890492344885,0.8811970937730937,0.33173859165076086,0
Trading,3.2141957991367214,25.156567920918086,53455.976062536916,0.5924979032269112,4.660642575300655,6045.6831305828555,0.7455144283348702,0.7083568295684014,0.6034223290546545,2.8468671050821097,0.8698943969705487,0.5089379658567296,0.26292849583491934,0
Farming,6.643166547039936,10.76699754752205,18253.45167592352,0.7414825384699377,0.34397799855187383,15268.354718996015,0.6021763511969703,0.8655537318713001,0.7059303502376683,4.174342516228069,0.6782009538047914,0.3036956069754577,0.06061268156749599,1
Trading,3.5782219681101695,12.256317755077387,36860.56589348743,0.7884309353097781,1.190898681533156,5816.513511839975,0.7225518767947136,0.5891818823562901,0.48551940809816146,1.0408236537670859,0.5689091178133776,0.6991331041508044,0.5334133945673041,1
Transportation,3.3794508756317305,17.573597256920788,23848.14863942696,0.6316472504806291,7.290097718487848,20434.949872131445,0.8862789585375247,0.6955552766656642,0.5789408224854409,0.7328983906405178,0.7946509270664259,0.8424673513799621,0.7992909836431055,0
Transportation,4.122163694657177,4.069143452494837,30128.61786302905,0.577330758734486,7.3490667779487575,11551.362260653945,0.6758242964361919,0.8976527460947615,0.8742084105794622,8.49740886956435,0.7302326170228148,0.736586797617437,0.8209247645642985,1
Trading,2.9163164352963586,24.620762188507396,28183.799866320285,0.8101243113289857,2.875114259820867,24309.61642665615,0.358460972941132,0.7491387663616144,0.8381503445174274,8.620026490721061,0.5334558096230797,0.7694643659116105,0.3357355539360418,1
Trading,12.267018095615176,10.296688900273415,17438.649666195528,0.9807617532109711,10.672156086395674,36442.177122757676,0.8505895493340094,0.4613812531695051,0.7961878125450195,2.493756499834719,0.8810799809502832,0.9074609698432079,0.7824936188353406,0
Trading,11.211323354789505,14.228071827985945,23309.55740098141,0.7091937321244255,2.670055208663902,3964.989187430083,0.5052143139259948,0.5393127741815211,0.7258966672625402,4.806988573979652,0.7646937323579533,0.7704325387618061,0.9473843274354179,1
Freelance Services,11.025917032335242,16.29376323456183,29135.502847198473,0.5217118017717205,6.771806878525413,9674.009161490656,0.8632373065300561,0.6830207785428954,0.8844397337202837,2.9757027498429673,0.685330559780015,0.8107340612260053,0.08012629803915773,0
Transportation,4.636960560807925,18.3142945725644,25425.34526854495,0.9454312488588594,4.754281627964086,5729.4682196731355,0.7887288982822654,0.7346538182656042,0.7082449063421442,3.400628271805935,0.8445916653648914,0.6017586999359468,0.2627650185131731,1
Trading,2.274570286733724,15.250773788615664,63895.53559211633,0.831427830882405,6.320844072652863,60523.24905572551,0.9528768267073213,0.8180188985937827,0.5941606316756624,4.440047040440209,0.592795241899992,0.6551422069854864,0.5248999356307839,0
Freelance Services,6.7614073952266756,17.461031622157208,46886.05409895162,0.6732606248348061,8.695599799838565,9816.121108066378,0.8006024000437965,0.7401291056388268,0.8411422096133516,3.643460305945377,0.5870944691090696,0.3326348622908667,0.2925607600844462,0
Farming,2.9332675401570105,17.522978940876687,31555.061221589935,0.533395432883536,8.27202604893196,5321.026008443794,0.5906141723816825,0.535381384186268,0.6500226074354348,9.263943142068555,0.636629531412541,0.7430023278005436,0.30632215212344577,0
Farming,7.154971126155729,14.42375233898299,17681.419112318006,0.6761073276391133,8.123526791314363,64102.39728416615,0.6338264610992894,0.3881601054330563,0.5469871597573727,6.612186537705564,0.4994170647971461,0.41974780208282875,0.46577006408215155,1
Freelance Services,2.1909584129675888,11.814444338889878,17099.205842549578,0.8218729895118639,7.740466882250146,8036.500546522934,0.8005577349885917,0.5476754966823763,0.7835012922289369,3.4858397384024964,0.4680713143627767,0.7325878031870356,0.03717214430864558,0
Trading,4.868841318315252,26.651791394844814,79665.83233467762,0.8299765055218735,2.1817666747716866,4292.813114212564,0.7864688108257906,0.42062471395784723,0.8899439503907545,5.489401235935585,0.601126073432858,0.3325383349866702,0.1755347945293542,0
Trading,7.821901475417195,1.164754381866377,15437.625303453522,0.7312433582176562,9.403588893749019,5937.957710466901,0.7012897313312902,0.636866830643207,0.6043588324023437,8.023191258397654,0.378163088380863,0.8572338694565071,0.689793618220473,1
Transportation,3.0572327208472188,16.35427872792414,28641.809214673453,0.7052974582058936,2.819134518710324,14768.23442013722,0.8149436326679343,0.7844747507025561,0.7389658873677304,2.6004974967016277,0.6640418294363524,0.8696034936977384,0.5180456599738257,0
Trading,3.049020672094907,14.248804224926275,32811.088225237116,0.8400712637407632,5.681897724450048,13794.471847294879,0.3899577823094497,0.8039317284103938,0.8332279921126672,10.359795802708405,0.7196963419994199,0.817050878276653,0.8042894812312668,0
Transportation,1.0391509546050142,21.35033189381189,22669.416213816494,0.41832765837445873,4.946019235993623,7441.280189930507,0.8386282648991219,0.7653709376459885,0.8877505233477756,3.134134577220751,0.907237316315851,0.8116693606319091,0.45363131490902986,1
Trading,2.245050580680453,6.365657627847931,15502.985999496468,0.9013164005309068,7.050369877868209,9513.49475876011,0.9392883910334588,0.53308452824979,0.7292179096148954,14.680648796312028,0.878005040169998,0.5534159067782192,0.10859748429810277,0
Trading,4.5747327905878405,14.001717270051167,17471.160840024048,0.6282211891488179,4.545854260873382,13865.46808867062,0.8471639604945324,0.7423369419209005,0.8225983033046602,5.585329204708467,0.5748085618766453,0.681298714511845,0.25097367933830783,0
Trading,5.0607826202523745,17.181122128081952,19918.858967157208,0.5103696417451108,5.52446816155451,33750.10822856153,0.8577030218247323,0.6588937235684547,0.669117753472209,1.155288420833995,0.46764441461975986,0.617555114448141,0.1833803859512039,1
Farming,5.570569331607207,26.560588882963675,18210.960589624858,0.6921980153595806,10.85660411492811,16870.05200674802,0.9091384186776426,0.8781831119438159,0.600474631515685,2.0576911587278675,0.43363748324473894,0.6680726670940946,0.16543644809267502,0
Trading,0.6908457304905358,20.657479734363392,55840.02673693867,0.6894318260639378,2.114239880448398,9007.239327584184,0.8800026026049149,0.41002156180716187,0.8368329529263817,1.727879298815159,0.4667485086553194,0.6518495068793724,0.20028256785816617,0
Trading,2.9438140828964925,8.532094313049106,26768.489333241352,0.8466291866289773,5.992600704895563,11385.574482170661,0.5634867707783772,0.6368072140124559,0.8279701394937066,6.514725848080291,0.7371198893551169,0.8906646775243687,0.3648209467764833,0
Craft/Artisan,1.1590132896002185,14.100186250234723,20169.148106183267,0.7387999328992312,2.657618507197238,22897.819157858226,0.7968019136341351,0.850413865707257,0.9359469764932992,2.444553620671223,0.6736814789591703,0.6636845647254103,0.2197780368545028,0
Farming,4.416878999179447,25.088410821285528,28533.294832340787,0.6997125791434943,8.02304891869978,43306.015083436476,0.4458171608020942,0.9164992484118673,0.8134891640806112,5.574569772755692,0.7323046130556309,0.3122217351598428,0.18002587979196877,0
Farming,0.8609597077465964,8.39380107261546,38846.596582807724,0.8726054244719877,3.8198135625691982,6165.804935308735,0.7261045144927277,0.8665671104586689,0.7997216843241763,6.201518158232053,0.44642818094371206,0.8472573357861122,0.6894458923448384,1
Trading,1.4837676391416859,17.370845853021034,22258.053155171427,0.897446050858907,6.115609320755302,29140.279730434348,0.40094716391902113,0.7990409824177094,0.7645307839915074,4.137559396296274,0.6991668746985185,0.7392847309899776,0.2345846756962793,0
Farming,6.285257755423634,17.927036379789794,44182.74964432512,0.64237375114897,2.026005198191525,10732.750753937746,0.7917791959119994,0.625988593879859,0.7426786522539097,11.656245065459133,0.815644548747331,0.4886707340874466,0.71523018177947,1
Trading,2.453888627124113,14.913735520633884,13371.345143247923,0.514082973497066,9.874619493584516,4285.708742928047,0.9874904632892911,0.506724636625653,0.7410208505490752,5.853898944267556,0.6681661357053847,0.594083180738835,0.17463202131073952,0
Transportation,8.823377565114155,39.56601426239132,51236.98931077043,0.8533712883177875,6.218369750766991,3731.015396586593,0.7960073063214588,0.7826694134896524,0.8521874030803532,0.7947312013235776,0.7917187953578155,0.563863027780787,0.512491933366973,0
Trading,5.669004353399115,14.69814832441961,26771.046101312157,0.5204770691538884,6.413296543193522,33993.41942046121,0.8234992385835258,0.7747153468250938,0.8194403403032945,5.891954785040272,0.5703712149607457,0.4209064422578821,0.6071345450674842,0
Freelance Services,3.070045506702773,21.59812127494238,26202.057220590952,0.4185236550432103,8.487184863040127,36951.07942938482,0.9098964219989778,0.8428218995369351,0.8571304974224894,4.045217556488632,0.9227629110318346,0.6618282244280943,0.24983103741912632,0
Freelance Services,6.948213657668857,11.869591038245726,18376.7603627058,0.725940672103269,2.245774421209288,8970.011507053609,0.8222077265190005,0.7733786353032727,0.4247954942861057,0.46818341954945836,0.5622498680113386,0.10515590919076011,0.3189527145781576,0
Trading,3.266883007963487,22.221983935995233,13693.580539164766,0.9295873188937787,4.154933073760389,11516.070178500904,0.5312566281124009,0.4771719210962025,0.5825965539995607,10.066686034988415,0.2760974910456035,0.6459059178727521,0.5521857840184463,1
Trading,6.049747687903383,24.96630077481548,10757.198477834565,0.7447169937518814,6.5101624847394435,3836.6264541151577,0.5162585445290467,0.8133191728600577,0.6868208620833988,7.024394404742478,0.7383115646566834,0.9556474972866771,0.38099998682966246,1
Trading,2.157736601918074,13.296287706031215,17685.012917801385,0.619177254154743,0.7140349703753461,22775.226381746055,0.7462250944559823,0.7218710454686366,0.7023815109392852,3.542039181231004,0.23704297125789783,0.5793955767090541,0.7893416937070102,1
Transportation,7.2137929142280575,17.562385478251738,37168.62503427814,0.956282576905764,1.03611994442217,13096.936954049648,0.43953629177985437,0.9651111752781182,0.5834013975247172,2.659431996053543,0.8964999582407888,0.47318010550741296,0.30318193469093213,0
Trading,0.9433774291560161,10.837761840873014,15855.898698918829,0.8717610370645472,3.5362130236324876,4507.085198029392,0.7125332782988583,0.7154899201298254,0.7329416558087436,9.477071495997752,0.5780465583069554,0.6675297183907068,0.06043298661177059,1
Craft/Artisan,1.4818486302475777,8.844769503600867,11479.906185571595,0.7197400359587045,2.5770070709541475,15418.425441015868,0.7625175118920332,0.5878544846172761,0.6002116324882403,5.589408999789393,0.5804721777385586,0.3171425060121314,0.26931216064677393,1
Craft/Artisan,1.7111626578940422,26.29436346000165,16317.836935864347,0.6252996890731375,4.9684099592384925,5051.2699745188975,0.4381287555756459,0.8999668562405563,0.5840343249958393,0.2682760155079737,0.5615898817226717,0.6539980894167504,0.35931118768464615,0
Craft/Artisan,2.3435385016200834,13.567992432930817,21771.165186486363,0.49918066548920165,7.567296424816632,19736.947702872505,0.8778486173722451,0.5654342608416266,0.3853367016563988,13.587694539628863,0.538033178729333,0.459163503864024,0.06381222233199203,1
Farming,4.68794545073439,1.0,22247.26430688828,0.7278840242606701,8.249640981258693,6260.626937653053,0.5840711808722847,0.7394479525883907,0.8011889090367095,4.60456062460316,0.438655269191427,0.8091886253461739,0.05082641963262074,1
Freelance Services,3.717595562850804,32.122849251948985,25062.02172227858,0.5521034492967202,11.428231945305992,16914.870375162962,0.6883314678659253,0.6846861691573837,0.8372623112928723,11.168422063876458,0.5454900217168396,0.7941047246006557,0.30380096103217985,0
Trading,6.096038713701088,11.58323741549915,47473.81098680567,0.6882244881230661,5.932126668130854,8458.078239539587,0.7950284629041663,0.795315386866406,0.8854074456096027,4.7575236845538065,0.5802297352366219,0.48998076540079827,0.17809728751259887,0
Farming,7.892555765841475,16.029015650015754,53481.43915196129,0.7830788410101233,6.463076395105239,2550.41294702313,0.4968357856819981,0.9383835949111138,0.8750310744612853,3.1941120630997446,0.35845391799137366,0.5268166706387016,0.3751143552675422,0
Farming,0.843588145385905,31.12725204395452,81064.82141237699,0.777650616064112,5.925358313592204,26830.991943151286,0.65595660718612,0.6472463580180399,0.6342052574663108,5.193796655979322,0.14959365330308283,0.5743742419838392,0.12518493008376194,1
Freelance Services,8.512217451220838,16.866063246498882,11007.156991675467,0.7877110195412714,6.960804794019479,27879.699106796754,0.6505825173802635,0.45321142652839735,0.7157002554517149,15.765219103878403,0.8374554797099486,0.5180914886175907,0.19088945044388778,0
Transportation,3.2138786700910478,16.69330718238509,16802.17873878223,0.5968506824589926,7.195102224974422,9271.974578602265,0.6541042247592489,0.5179297314544217,0.6981014874173622,3.7675017489905427,0.8058608849389208,0.2484242096143698,0.08910139655315552,1
Craft/Artisan,10.890747614656654,8.174615643595734,39504.38021984617,0.47918658608327375,8.766353278443164,16189.165995411553,0.7156192711225797,0.7416466671423743,0.2526585600687307,2.209582241093035,0.21215691494656738,0.41099264237219313,0.0651233207186594,0
Trading,2.0812822425256408,4.921330402979468,20958.149167552256,0.6543080632612267,8.75462475481309,18155.422693037188,0.8379300695951849,0.3872583225537116,0.7888472853134788,5.021306705208248,0.7065840124286458,0.4706947482078298,0.16310351371711015,0
Freelance Services,0.6116190838907547,16.668909883230974,43192.94965216636,0.48315762152566116,7.558089818537841,18570.742111888896,0.7048097062471971,0.7826094670659256,0.6672118899435693,11.770936826815065,0.7986372274716561,0.5619301531153617,0.16924632532647735,1
Farming,5.711883617593623,20.90247819259916,30149.161371559407,0.39525012583110203,10.530518464961434,44708.50136586677,0.6649340729944065,0.47795892403569207,0.529137183348629,3.1856446450628915,0.8345326642378507,0.842735497420859,0.13361401974951104,0
Farming,5.475488002623658,20.44420326568618,64123.25153048751,0.6071329652581713,6.0802711789165675,17885.734129770386,0.6240554152413792,0.6346752196882769,0.8064726708259238,25.548150967748462,0.9388327860708756,0.66429728586394,0.1410748613317729,1
Freelance Services,1.5166313846910704,14.149911356246275,47738.518305641155,0.4098859105204047,4.1652969021072614,10400.820858926594,0.5847707834181367,0.8923728332696477,0.7096977134389653,0.6828460316133411,0.31685533956732137,0.6463639420984882,0.3036578055459782,1
Farming,1.6522498733319029,18.16206239477554,48221.446277990115,0.29755275853183255,4.6558648437365235,18025.47500817255,0.7983057186364257,0.8457806160387993,0.6490644467534683,6.272593166419567,0.5646339814708643,0.9313867073585979,0.13621438034161915,1
Farming,6.400275337386008,3.302320037376262,21449.80031992585,0.9094415873444242,5.682495459173279,9887.596727537079,0.779397359915841,0.7859932021684345,0.5540588801131898,4.567457092733587,0.8174063148552052,0.9273940965464055,0.10138556214194751,0
Transportation,4.844122493174401,21.681336165563827,25499.051508699133,0.5404993204911506,2.749094756901264,6336.692355207975,0.4896034311737651,0.5628910684569945,0.6440226052940593,2.660587264357683,0.8475318695855378,0.5308064867087988,0.1550450383664762,1
Trading,2.978820215289991,19.29124675816037,22745.226958335712,0.741253797213561,4.159897316540628,31376.617791541445,0.7697392279797078,0.5327633443653279,0.5358030514521968,14.104529522983144,0.7293060377725077,0.5367792485419324,0.13705258307069057,1
Farming,5.182989951519994,33.78928715346286,11751.77205029838,0.8071027049667701,2.580487114794522,19417.15711228386,0.6714690109638319,0.5301091647565265,0.8252843145794858,5.912378035624507,0.8824267784665053,0.2596951283921852,0.3188254955493115,1
Trading,4.518253787501934,18.059837171432378,60444.02991911596,0.8786003416717884,7.031880784904904,3629.558616379176,0.7121723524666345,0.5759544337883737,0.6240449707126172,12.523993468913785,0.42591636032344055,0.5034149288387252,0.14761447456345872,1
Trading,1.8052935862224004,10.458645182831368,40536.70017253924,0.526253125319491,7.061463297384444,8278.641567226397,0.5213367190941735,0.44251038375050394,0.30371153753559715,2.2339534037446422,0.4638489626532991,0.6745554644131083,0.3985537613582453,1
Craft/Artisan,6.7181742942181755,17.594214927289446,22253.06613132707,0.8216978745141231,0.6932549196229072,22705.18723483143,0.5990271564542775,0.8420677456782237,0.688037075123724,4.507125591396722,0.3837844541709124,0.629097022781453,0.3424631241154256,0
Transportation,5.881967451048025,15.377601599873305,55134.22132894288,0.93320650682903,4.037753570273131,4470.800659828845,0.8130181317712012,0.7311268303585483,0.7091425708282555,1.531495943493982,0.1513018037651319,0.43162792331226424,0.5415598008494965,0
Farming,3.778615918447095,21.477662950163182,19020.97875995016,0.8948984220425485,11.475566537760784,7886.80796847849,0.8107721447613232,0.7478580308131617,0.707522088207544,12.089600615443372,0.7649203432577898,0.6466927230864251,0.04420237907054788,0
Farming,6.403044580743705,18.215136493801488,9789.11215407855,0.5620129659815551,7.889340023428514,86082.09670170449,0.5440193991952776,0.9142933957271594,0.6850328968581674,2.6053477220291854,0.601746284046595,0.6100903791023187,0.9845761358790657,0
Farming,11.755186106809779,7.92042639157885,46819.42051462724,0.9134885026272759,7.363009509135584,10596.099912957516,0.8271624612117607,0.7251008181594027,0.7762687026902891,1.8339717188841873,0.4038205609800231,0.90187856018273,0.178714854158277,0
Transportation,1.6354248224016927,4.914053694447844,13316.935789363572,0.8905992172815738,4.007240228300969,28506.44986365341,0.6259194090626339,0.8683560450025493,0.9048802879979052,10.240985964037232,0.6673431642107317,0.49273641550996944,0.7307218428861108,1
Freelance Services,3.0801908667690836,20.10326562106413,24156.855583930796,0.8121681601256728,6.8618476621176985,38189.92050987804,0.25705720584397446,0.5988347098371369,0.8599422601219364,12.70446307038149,0.7570624173180922,0.7955284540455675,0.2055902352483089,0
Freelance Services,3.194731922549295,29.064916328553913,30132.743169309062,0.5852939878870602,5.956470244835828,7073.083478556213,0.7661956755887999,0.9817317768647732,0.8578977249120611,4.325610267950058,0.7876080884067334,0.6544844482163766,0.24496482441384088,0
Farming,6.3105947933508135,18.634783072413754,33256.51409763102,0.6794073650507825,3.6097609261065253,16098.08663651691,0.4434288536309973,0.6927746392780684,0.9340691794479917,10.837075029808611,0.41406670076919944,0.2607886248439586,0.4144893253309337,1
Farming,2.320723648468896,24.50637883136166,42899.720121140424,0.8594654246274805,4.518631544779821,56453.59742824964,0.7718449068113983,0.6720936125854595,0.6723261542783349,5.960968792564707,0.5984199636730484,0.45756841464324616,0.28332791667487395,0
Farming,6.078916539723962,26.1024732336288,37029.43013266164,0.8741596525251887,4.586239743784354,18428.751683801398,0.5245806320956391,0.845430355412458,0.7328599521060637,6.536903377045395,0.6616091291175115,0.7443608056079867,0.7473387594974205,0
Transportation,2.5416858336862114,20.134334766357348,36404.253078279304,0.8039954752235755,1.5339802169818224,69972.88461986622,0.6081411771485637,0.458813038231396,0.8301982869850382,1.7967224646314781,0.4703161156874618,0.419372842198196,0.9150811295622976,1
Farming,1.475769262685259,11.484068097108734,17414.98845505745,0.4736487851070248,2.0292982026094526,8554.184592570511,0.9506453786623322,0.9466752722858863,0.6754512502461039,2.220278524698782,0.9202110422289078,0.8735259691117742,0.17655035135898345,0
Transportation,3.939683108787494,19.562464680364513,31629.134621285797,0.8491479478227147,5.401593650779033,47003.05855747277,0.6050185637267597,0.7764532032015794,0.5175263096456404,8.679917988087338,0.8136637326641178,0.6483154179962576,0.783151674531344,1
Transportation,2.4987317766192314,27.656583100803843,11753.983888801416,0.5234646679235205,3.456005725850748,13516.572333359285,0.6620614341691528,0.536284243939605,0.7192911839503084,3.562245223162355,0.7787946496172218,0.47796970722282484,0.055004603754118066,1
Farming,4.220697132673945,22.239124396799312,63524.16947708206,0.29190109012358234,5.097245590611825,10622.864157284366,0.631270082565805,0.7875744994044964,0.52075860303738,0.7724676501753798,0.7342567567619804,0.7815331741472915,0.2998361810863739,0
Farming,4.944268480600184,23.985962742629248,12438.96728161708,0.5832438879026214,1.1830414751304321,20910.95543452756,0.7553218206914981,0.6949695368969658,0.49285673589814505,6.2640588290400245,0.5056395347384773,0.4978296037183068,0.3843815521744815,1
Farming,0.9071631062425484,14.299630066465394,22235.78236867543,0.49578980338525086,8.403978021232694,12357.013505806528,0.7747192902845649,0.7139587139324519,0.8727793043331024,4.5094464792616105,0.549168838759779,0.8225659335629378,0.174590186554275,0
Trading,2.727295261786752,16.381169922036143,13024.912757718126,0.7422730914766932,12.241438324561095,12591.809755005204,0.9803756044476425,0.7085747677341443,0.4739361056984511,2.9466593515414665,0.8343285969881691,0.5984954913239801,0.10089294726184798,0
Trading,3.94199200394292,17.050181512797064,18005.067819397642,0.7421932022996978,9.082186798503155,18762.863197627095,0.6694942538770733,0.8061102209233897,0.7607810815626526,0.9734265332120452,0.48009755948252003,0.6231216661281932,0.11726652364140981,0
Craft/Artisan,6.421106719160768,17.589295979705632,27102.618572400832,0.8241753794293861,9.391604085480992,3769.0798147658334,0.6511137879611726,0.6160394728736848,0.8157852863487665,4.125628095646955,0.5635011526767598,0.8370825861930641,0.3668128262049698,0
Farming,5.91083082355591,27.343666528098872,20114.234868763237,0.3778135544775687,7.878367494002025,7638.378872671284,0.9689631098773338,0.7887272223950926,0.9272452096081174,4.311485136669058,0.8794031303370928,0.28937007109582125,0.2829809659685214,0
Trading,1.935505520635432,1.0,50480.14865195593,0.5688304860920046,6.796757523438328,22155.70140986123,0.661161666782152,0.27635701012031794,0.5086700877228504,4.813766258950106,0.7170988358044953,0.8351350074751549,0.1538654797836684,1
Transportation,3.3120244021306693,18.2443064366547,30479.071867009938,0.5521149535617121,6.259568701980913,26744.156907593475,0.7194530782552204,0.6937815649828252,0.712479634541986,0.2978175099994258,0.5742788569690224,0.644857552587321,0.0865614987391644,0
Craft/Artisan,5.1204374989390145,17.364028994441167,20856.056171768505,0.673591080331653,3.256420161153381,17155.24773006628,0.4185952643727799,0.8914920409729196,0.7613671365315782,7.720816486068659,0.7404606870316639,0.4465362745296956,0.396980727857157,0
Trading,3.1451178068718524,7.027990868446809,24997.470994524407,0.4299385609943837,8.0701672830827,16205.555347643616,0.7839257835218769,0.42961741990955615,0.36022057245303285,5.965489871002921,0.38694489888398154,0.5093665922413971,0.5833383147712013,1
Craft/Artisan,2.0929810995454385,23.37413773269972,52619.14213189765,0.5429430117492337,7.892125347440842,17705.65724685434,0.6911146738307673,0.8685084042897689,0.6349734790028747,1.087968813529304,0.8717853505231201,0.8353231620702819,0.33721479128183907,0
Freelance Services,3.6158577875222706,12.203998464440604,44350.4877670304,0.9068069909905474,4.610971241154724,26120.060338288105,0.8477225457198873,0.8955170421316427,0.8584955392664625,7.276599587479323,0.925047926600214,0.7711693513515356,0.5337384232521587,0
Transportation,4.796734190468863,15.143738805174722,14381.184630289541,0.6501644659111777,7.578012248732891,4922.83763002782,0.7023786656788795,0.6313433394979296,0.9815069049696346,6.791322875359452,0.7386969678870015,0.6076410856750045,0.293105010691817,0
Transportation,1.7840727878678793,32.790255262032346,18502.137727401514,0.7425821832794519,3.9181640991491498,9352.21232849113,0.7544591914302657,0.1415912707690923,0.4364539294996982,5.9277110112066955,0.7797322081953912,0.7031873869859597,0.11376998492633418,1
Trading,5.498890768142138,26.079789196312447,34931.154891361795,0.7898040894031276,4.109233894114634,12681.501581448754,0.8178894422814572,0.8160810593409428,0.47194168400954,3.035377868245911,0.6840114667105222,0.552135837668062,0.19674671516485093,0
Freelance Services,4.107425547568657,22.59589551316093,32674.54529206238,0.8382696677308314,8.325316047254994,15322.119572042511,0.40140613547734844,0.8162118812518899,0.8505630455806735,8.97065918340709,0.619012507345003,0.931632155918897,0.26518748675181025,0
Farming,5.6330097073433825,21.046215477155233,15097.586147314865,0.9345557331443471,7.291582300655657,3051.0860068855823,0.5930455224002592,0.7268425242616215,0.8020154005209834,13.395505621817263,0.971622222342062,0.9506322475164154,0.5173734882844743,1
Freelance Services,3.558093585614731,16.68255982043726,40620.15390883252,0.46674346766387836,5.304166989790083,5540.4139739360435,0.8649673251093433,0.5299306505077743,0.9252766420732457,4.218810258219759,0.6773929068301677,0.4378532584396866,0.11466397074684884,0
Transportation,10.650134772622135,33.995018122960815,16481.91870395767,0.7400331534372135,4.957001535612312,13204.826249823696,0.561614969024543,0.6410703500758522,0.6664639597626488,1.5633616818576104,0.31805146839952503,0.5434927268713903,0.02815103142162981,1
Trading,4.733558710296483,24.417341051521912,55111.00624855205,0.8635708429744382,6.524318247918382,27151.796779067292,0.9126655580506309,0.5718656722851115,0.6874928139563626,2.15597582591535,0.973063746770289,0.872985074272752,0.2349907012689636,0
Trading,6.061379735714017,12.00360068827798,35997.22157318857,0.6381399088028937,0.49379835380536186,9963.383857817184,0.7822556535879515,0.5160132119001383,0.7152845247648144,1.8616840287508123,0.7185736701516062,0.8146816350621819,0.2363184096223101,0
Transportation,5.483997754858935,6.799181774258768,14435.439697486812,0.8574837965082531,3.7266917464573055,8376.428708125051,0.7275759389748727,0.39675643831365026,0.4334282844607895,5.7740720011130415,0.9431388358600599,0.7354982923797955,0.5563845365341481,1
Transportation,3.280446956424329,22.534704015914155,20110.710527577532,0.92520635904389,2.2046726609525145,19342.65254300327,0.7954639406739332,0.6953870799518447,0.9623823309339793,6.074889384613533,0.7253586140039587,0.8353172564433883,0.07394133776056319,0
Trading,4.447538320209658,17.55304696097244,19919.34525770414,0.8624646950198492,6.035559202980551,10618.471093980668,0.833623584254926,0.5078987872619709,0.7103190205878849,0.31201350161767294,0.6500154935228547,0.4922282589547731,0.26161562735064675,1
Craft/Artisan,2.363781551945684,6.568494664430659,29375.96778324287,0.8649371423887127,9.265855381986679,24751.19198847016,0.6633616760620388,0.6588649707684189,0.28417858459634904,2.6214007605272265,0.7716103101237676,0.7820083062799665,0.021722255967098383,0
Craft/Artisan,10.16559450155898,21.428689325692655,24048.134527302085,0.7054384543264451,7.4314761584338935,11442.296324566687,0.707124572696995,0.4098682035067439,0.7304891778966583,5.929373908147334,0.785404375234954,0.6044138420290333,0.12109398380599819,0
Farming,5.094232355416367,15.847782717507835,14328.145485810248,0.6275441193300535,4.465506095680045,6120.192923320909,0.5126175977021233,0.6375632292975328,0.3412932441652999,5.592010937888085,0.8090352060022948,0.8301090098121843,0.0958471271142453,1
Farming,1.9940547458406852,22.24531940421976,12495.919994592557,0.40940207314019667,3.880209468655057,36113.33231357527,0.776841331969882,0.6769938416056741,0.8857165737335422,2.7978074180110837,0.43901842011387515,0.32082029110844185,0.5096590706014098,1
Trading,8.727796599969276,21.533921716647253,36386.85397714545,0.6517859518256034,3.738400805464777,31763.80309353358,0.8202026477464479,0.6979702076467689,0.6990137523157134,4.843173496932778,0.6651777383113248,0.4789965555692167,0.1183012500152063,0
Craft/Artisan,3.403792949809563,13.133887827649286,31490.156235352813,0.615597471232801,11.998851370664603,6844.251389293905,0.8239030664065887,0.5305873286280378,0.553131392216763,24.424375381737573,0.8575794537582321,0.5167218088207376,0.45608668875357483,0
Farming,6.629180563819072,23.06275811539364,28511.01139753227,0.7359237024312016,6.204186889527991,17623.570518345652,0.8242615124307049,0.8390869063401941,0.8090555946676294,4.87829467494502,0.623828804586722,0.5133731866005184,1.479126518643498,0
Craft/Artisan,0.8831796708224505,14.016759338920806,31222.757733153885,0.7412753353090827,6.599252820866546,10628.894158824973,0.8489931257452038,0.4517907063167792,0.8474351949898254,1.8683318405019664,0.18692814714916878,0.8436310771884284,0.6203493539683455,1
Farming,7.7274582362011115,14.536945014552229,19141.125538863704,0.5641060979612004,0.0,20606.150717374956,0.7985535559221536,0.8675978309668982,0.7553201715519327,3.6370267660119895,0.7232157877780317,0.1792176427832862,0.4903573275672769,1
Transportation,4.953747787464579,13.741828747028975,29768.194288924165,0.9532291052880199,2.4571842468189384,7237.405637272305,0.7420026974279454,0.47659156636622413,0.5943510600186204,10.123157430010059,0.5689244969383369,0.7390925097291322,0.8889211638976419,1
Trading,1.866328309599379,27.047795422450164,108681.62990803344,0.4034695509333868,5.867469354389638,24594.780920689478,0.7402731059778901,0.6380074205589037,0.44339947765075477,3.3520027450116485,0.8082898938838553,0.7321320483782231,0.6432139916343106,0
Trading,4.89543011316207,15.755420895565116,51329.03812878057,0.565776640968424,4.505513791296394,30836.86102893309,0.6168495732581131,0.2978717442480712,0.9350878749790202,4.28712096449834,0.3580115519735457,0.8310100740290116,0.5963541189923512,0
Craft/Artisan,9.525883023508655,28.979545444514017,22956.935079911556,0.47377302559542034,6.3991742406589855,6883.345538590534,0.6143170014693882,0.8065642153274177,0.7806812965543208,12.20697714626996,0.7844161852576876,0.7703580034346451,0.1992239161753839,1
Farming,2.418945374106222,32.26787896149488,20173.911506530243,0.8906313532720258,6.35963661304565,14008.087252418158,0.7742404340565571,0.8863547786577683,0.307733979627916,1.8941070307742383,0.6484098267424522,0.7575713065148818,0.3184917922767883,0
Farming,2.3938926105983285,12.09024690516441,5578.963756334521,0.7882456551389301,7.801356741061104,31293.80718073694,0.9114057443892297,0.6784350096336444,0.8809172578586452,5.441491964569404,0.5903863143529421,0.7571740443779202,0.2068359449364482,0
Freelance Services,3.244316678629475,1.0,48425.49857989639,0.8017894206597067,0.392515075581521,6627.919157079051,0.7617136418088291,0.5635793885110391,0.9061718497741451,3.62736633714168,0.6824518118690757,0.5252883179381937,0.4734349211692874,0
Freelance Services,3.915955132688739,26.356076346170184,41466.15969651771,0.9501297314251763,2.6843142502939292,8365.081631559138,0.6088136048225734,0.7233528254717476,0.5619994292769896,6.327389958004501,0.3988721693163887,0.5726412116173197,0.028329899966098426,1
Craft/Artisan,6.914062861230651,15.264224821118871,19948.2084623155,0.7058205501434746,5.701163016166117,21230.977658839816,0.7446789358473981,0.6385380755819371,0.9534797933832849,3.5247441068547234,0.9214636600626093,0.5926814471220058,0.36379804927812887,1
Trading,5.140512615013842,11.070508694944069,12241.177769280057,0.8665837220955933,4.057790375049942,11938.426674488204,0.8092064236492844,0.7531401352689672,0.44434349610682855,1.3203385244770418,0.749978302508853,0.761813653930043,0.6307982224140202,0
Transportation,3.242268436637646,13.290255150776254,14251.292826463236,0.8504513014914813,5.0691672425682395,4435.109839173244,0.6613724230450659,0.6210643507679257,0.7264649616051329,1.6831679006533364,0.5401304871684626,0.7634928748371776,0.17045991137021219,0
Craft/Artisan,4.579514824515033,14.681489429071766,34352.11350761588,0.674962615902414,6.327082264030084,10676.990397365182,0.7714932334428205,0.8542804810883959,0.7311007733866461,11.486022362419355,0.4834879449274034,0.7144176673874356,0.13842794485076979,0
Farming,10.516085899759103,28.377544725549917,25613.186525074587,0.85959291429355,3.765200888545555,45365.55193419305,0.265119464609897,0.34564703325159085,0.44205041023322467,5.219572051195689,0.6981881870742704,0.3134706632108923,0.34071159210745544,1
Trading,5.7433101189935485,19.279289914540115,39354.8937065174,0.8616573964121574,6.576810367779979,56614.58054607687,0.5767056244231316,0.4313297794821837,0.8469376070742883,4.035026890712778,0.5088360977141967,0.7087522715146569,0.43858332939629474,1
Craft/Artisan,3.4981044168905564,28.268789040865084,28213.157499316854,0.7977946739549996,7.631953594034314,8553.01825381495,0.457458464574171,0.6554349512074258,0.4727971754338798,13.706860206639558,0.6681251780246316,0.4553382162519979,0.11914297006295908,1
Farming,3.1732442984960874,21.953760954227963,45785.25420462211,0.6625520110184179,6.1952372042939405,7049.336575355522,0.6026526615986763,0.555034464848934,0.59053948855281,6.484804388815174,0.6928763394898937,0.4486931245324398,0.31282582164984024,1
Transportation,4.396082956874422,15.526154208396125,32967.13144301088,0.5384039750742179,8.162183337948543,9695.252679387573,0.8253522218759125,0.6959029494163514,0.5372717095307494,3.296542220536455,0.564629172780417,0.6911743427257327,0.4821659888879469,0
Freelance Services,6.859187529607962,14.877142374325942,42439.61237010795,0.8216088120926749,0.0,47161.36484016232,0.6056871362225488,0.645270887342405,0.946870913534683,5.936868724721229,0.49409671751547124,0.42878012579004804,0.46969000616518863,0
Transportation,2.1605971405667446,22.49287000599681,8524.282411399437,0.656685747629817,4.2418951418696595,24087.91621162229,0.5706006261011436,0.6174274743650291,0.7650735069454442,11.371393920988854,0.7386243240357027,0.5276489454741645,0.08644516574562591,1
Farming,6.261177656628171,24.56340503466167,13644.747611914816,0.9657091173957983,8.676992726710818,37229.6063301038,0.8521047395465093,0.6741207609464592,0.94375501833688,8.671736214330053,0.871178395181018,0.3578253874234893,0.05710937414209472,0
Farming,3.447972659450737,25.974341485606956,22017.801881418152,0.6575336607634243,3.4069407810884367,26878.37206724964,0.7046484646865439,0.7042332419642828,0.8477394071399984,3.412697994454339,0.38377196073682845,0.5607782600971668,0.1985321107764455,1
Farming,3.82027658377763,15.907691908994057,48716.001680123874,0.786970286231772,2.999822821065398,5305.212310318508,0.7540000788370645,0.6801979226779193,0.6135511462022044,5.478474661681624,0.5164287024253973,0.5419054876616077,0.65125319736022,1
Trading,15.827585739957104,19.40164685123578,75681.67599843601,0.8555324343596343,5.621195430284015,6876.097315079573,0.47550820506140407,0.7241913303018128,0.6826549849858988,4.202267028660579,0.509805668252481,0.7051114756081576,0.23851445966611784,0
Craft/Artisan,5.852358920722201,22.67232327404261,24579.5560048316,0.7310250568843121,5.948042907670244,8206.475353353791,0.5118214988841365,0.7771952641289132,0.8793563207899836,21.010840278886494,0.56214038178122,0.5318533950267046,0.287200040481759,1
Craft/Artisan,2.558904872002418,14.928279792505105,19218.544761615616,0.6103412307465897,4.395909211282733,9270.73289464256,0.9202973945355907,0.499761244113091,0.8321728616114262,8.540367659768727,0.6783883479250995,0.5403321587906688,0.2935244712999868,0
Trading,4.944103856917316,8.920479729577865,9179.860621519,0.8399346549417788,11.53072150346597,8309.752507668427,0.8446573876264725,0.6764136423275502,0.6918038315209576,2.299562695136127,0.6337446301688087,0.7373015525556144,0.05298096699808918,0
Trading,7.082117704337144,11.549831466383013,43258.97780999461,0.7552401849339869,6.859472261408675,9014.814793009627,0.8454879308916622,0.598069275261917,0.8700984431737598,8.960462105658234,0.8533779055394447,0.3775940611800267,0.38338371341367405,0
Craft/Artisan,5.8945887543804,16.071716459616116,19878.52303910477,0.82875154612556,3.291351356654847,20917.538129481425,0.35464340218571033,0.747696828345131,0.9422132252476089,0.9521938550417731,0.8839143772636855,0.7047409133849999,0.8197079015661263,0
Trading,0.5041639712078393,23.29765711376241,136910.68640263192,0.6306120196784633,1.6814776862016725,14691.985852659514,0.5443711163718907,0.7082380214040754,0.5952072456296417,0.8489633282434019,0.35790690887936266,0.8498065664971359,0.07066305192170971,1
Farming,3.709750618763998,28.071819964576814,17913.821486909867,0.5498682632946119,7.216729626007405,31377.446664090483,0.6809480750916157,0.773264504671315,0.9223580338529741,5.591208507595926,0.5972335267157018,0.7111524941515945,0.4641986580901839,0
Farming,5.089920976562647,7.151622330123034,85639.44852896867,0.5018604630011942,3.220263772573305,15935.216618012715,0.8456206459725322,0.8431526400675913,0.9794387828414499,5.467977434631395,0.7685272811343105,0.5730851298744318,1.1777825592959394,1
Transportation,4.8185501144324965,13.221239888560138,40603.19597034565,0.7105256591855481,12.457857907237834,8321.572186792779,0.756635394210183,0.7236681462545121,0.7937483345086291,5.680840700094392,0.6490234929724323,0.7093575682931857,0.9991506407956708,0
Trading,2.7176221709369366,15.137100023493986,15282.361212153595,0.9451709003661152,7.283828412715184,15243.727196512356,0.3163878431059021,0.877998593345638,0.5797770561186987,7.5388156799956825,0.7091128821806442,0.5455582314888894,0.1661817533272637,1
Transportation,5.9609383700308145,24.35773625845315,30567.085866234193,0.7676437529253846,7.679915914117471,4638.204809275901,0.8045014897407428,0.7819543874460301,0.584232148034916,3.80972529344948,0.7323804552341401,0.588034088127557,0.36791076254021937,0
Farming,7.7487131630282935,13.775115716892,41120.38609697156,0.603831541114718,6.746061505616438,2648.4079238990566,0.642745000625144,0.8715401480244922,0.7211513024349394,9.247080511861423,0.7774513724424512,0.4410079816197471,0.2743983806619141,1
Transportation,0.9353041063468776,14.562141320420224,23768.377366900335,0.5325191278902738,9.364708307720395,20957.429955959535,0.8123124391531988,0.6877704523029713,0.7988827642129989,3.470639132456402,0.4131815168833564,0.5507787536921739,0.4919077589317495,1
Trading,0.8530501908288123,6.704059382798208,42654.603799207696,0.5751698539393377,0.0,27250.224569933805,0.6195737541348765,0.8305650536894419,0.5394794537228279,5.733430810434337,0.5595205546990786,0.8877622297983606,0.4977545622633944,1
Farming,4.914835291648526,21.86725852778607,42141.00084883535,0.7048147842700145,2.39018989805451,14051.586615297565,0.9850907478470363,0.8982471757719704,0.6549313183317035,2.549668043701309,0.5244311690734839,0.40853676560507696,0.2934971541737511,0
Farming,6.284917161817458,16.708807403227564,37346.189925349085,0.7146763219660671,9.1024140210464,10158.703178622429,0.828434010197539,0.5012597384456654,0.4404304297596687,4.187611465874834,0.6994298422003743,0.4546409828160946,0.12429216723052076,1
Trading,2.4268663729646285,12.767639720163228,26660.53464076644,0.7877983072947232,10.501739735513993,5222.287774158633,0.6714491534911515,0.7188280460275169,0.8755770657816047,3.3360411655147786,0.5861016710579459,0.5382649729481631,0.5217993180894238,0
Trading,0.5380584290139687,15.923894204143227,14097.925683262883,0.44279075805491286,2.2941539214656412,30237.78321043732,0.7732867859779704,0.5444326916075585,0.5493398839290843,4.239149312555203,0.8105919520028726,0.3305760413767354,0.11854007441516733,0
Trading,3.75354930475063,27.015964015450102,25790.669120255225,0.6932717291791554,0.544106501873352,18859.482031169817,0.7348622119256981,0.5685920814777881,0.4813862265472103,7.7562104616576875,0.5975772034744302,0.7546221829769026,0.21365224820518475,1
Farming,4.867269304112728,9.960904733441255,29638.680623548385,0.34879087834853867,6.502565361050928,16380.083974673678,0.6661075615141937,0.8378614601652442,0.8226921982369195,9.027343758997457,0.9027765083880668,0.5960926709222752,0.22029477828215976,0
Trading,3.0565924257690527,11.266722951171232,9587.083674284188,0.5678914175336947,7.45623725625793,13314.691801598661,0.6846080931641716,0.5806728360689494,0.4771012589852444,9.835303690385539,0.8171525409049358,0.6347806771594875,0.8495375657833353,1
Freelance Services,7.195332590601511,28.018019579724967,29527.56237127682,0.6188876830104519,6.442147131534261,9617.123599828752,0.8356970779509945,0.8412478530980512,0.8309382017736023,3.471524284436648,0.4628667351705278,0.8431787832473493,0.08397348629671568,0
Farming,4.670148946645025,18.60619862415086,25508.303468421596,0.5657761219848929,5.821112772166497,6128.479624614709,0.7544566965397494,0.7503761958285624,0.7015452557564253,6.304811354165737,0.7501941160612965,0.6363768995839465,0.2815139216816732,0
Craft/Artisan,2.2302486216027932,23.35803277369534,13185.271116460874,0.8522176336997718,0.4444348541780796,15944.877668830939,0.7455539247236769,0.5471794330756474,0.1699507075368826,2.5542684255284613,0.56782385375561,0.5309290154157827,0.1083451141621593,1
Freelance Services,2.4124045812589685,21.214015280045494,22400.67754923836,0.6027431907971686,4.8749695827476245,9163.949760810237,0.9701498970834014,0.7872939907541848,0.636708689734757,7.445558720713875,0.44610046120978636,0.09036385286553109,0.16310231122507396,1
Trading,3.811075173902693,17.71732358164841,22662.900091341206,0.7974075650671745,5.322296907032513,9929.121366475429,0.7341569772803612,0.8922547251306313,0.5751642584420532,1.2399511806093912,0.7913714245187378,0.5659157433448039,0.03832634776877706,0
Transportation,2.9065458861072995,15.213607046811548,77773.18565917264,0.41209218965901023,4.35527939546041,44466.529344927716,0.6377595983384191,0.7098320651145663,0.470480377087316,15.316453184859085,0.5035283471458281,0.6242214333753277,0.15987711284710857,1
Craft/Artisan,0.8002292235998235,24.65246417987055,30365.582469016783,0.7138825922897182,0.2437847193189402,12917.597714129482,0.3693281728943468,0.6759676561579885,0.8780751024771811,2.7835642288659157,0.5007887460418684,0.605215969963743,0.06069645739840396,1
Transportation,4.4024553862823215,27.298692542489242,47563.68782258515,0.7009933370106441,7.754209599974359,2399.297249305772,0.7427373109133217,0.7052701809687757,0.7532284008107564,6.652591848606708,0.6837848923275911,0.7739709750656538,0.21196416622337255,0
Farming,2.4612758741476917,26.673506776128775,25215.18275946938,0.5008773665325369,8.597287444764035,9183.641565138574,0.7528662880636072,0.840180998735073,0.9312353011153167,23.835232778373584,0.41992196053852704,0.4264441354905017,0.2353872707398124,1
Farming,2.7888613305175465,8.51622693081853,9598.344510292241,0.9089471876645264,3.6160663179165593,6627.505555043322,0.5134340482500297,0.9585303496699497,0.5851426347764693,3.7440541921068977,0.357507210907436,0.6213911357827854,0.21583803859912637,1
Trading,1.6231463640922137,28.439288142754634,38940.41813707174,0.6722509171416359,5.442085175609117,12119.199500374261,0.5393397837498036,0.7742682912618686,0.40421804320132015,6.755255379755958,0.46169305361641694,0.682830047703115,0.6631626853503276,1
Farming,9.682418982889228,15.13651796641884,18732.163501541032,0.6870039850632111,4.509265375481974,4929.029153826597,0.722915073693752,0.8572003988371879,0.8890444511135286,1.3613863109957873,0.6429346034919502,0.6890600935407686,0.25975939443901025,0
Freelance Services,5.627232616368435,11.959763699641325,22368.74449711623,0.7079409290472292,4.538423200679201,18097.736227082485,0.7086416123097218,0.7451044062217237,0.8170919939378494,6.29884901188019,0.8619034204839241,0.17439654429500642,0.3062446679289452,0
Freelance Services,11.191952727027738,16.64537842585221,15076.097370159967,0.7401607071157873,7.479497656820314,10859.042597661417,0.8665618819788491,0.7678909227021364,0.6609227150527114,1.8763862747508253,0.749938959996585,0.6380103233105878,0.36636231733522595,0
Trading,3.0454091084957917,24.649027481989854,28001.751062735042,0.48448329359767367,7.551956855871397,9575.865558618527,0.45443375905978095,0.5675712232658471,0.5869137289230473,4.614529797254235,0.549778974395801,0.5961462500205208,0.43915105090263207,1
Transportation,5.838771941619938,22.3237134722245,48331.949384105064,0.51329237171296,9.224313713812629,14834.829639351581,0.6711053688714675,0.8876352304291959,0.4219794114213094,1.076294739731733,0.5455295324410425,0.21581557781073604,0.30991517150336706,1
Trading,4.455047989485221,15.956908705165858,44936.51341689913,0.8068217221490563,9.161787060068292,12661.741007076951,0.8469271748700767,0.7552944174039719,0.9318663309800927,6.142152889532273,0.5105404868472142,0.3878151188433423,0.8452337400607871,0
Freelance Services,2.2986852255548405,24.701326935023797,64370.0813788699,0.6543629470623318,5.4845817203354805,12157.517424430927,0.5553449714836105,0.9337425045395217,0.3578612306953487,4.065678473374074,0.8077266807316338,0.5666222204130705,0.15185007100617484,1
Trading,3.0226361440988945,19.11888464607548,69590.10744953874,0.9894009282723925,14.526313308338379,11419.40426982851,0.8190810015976223,0.7234720021023738,0.6251535116439049,3.9099722283486464,0.596077771709311,0.4856045621366121,0.3951748897760405,0
Freelance Services,5.620370722911888,13.416228275685006,8732.169888721504,0.95117259337139,10.649855873486306,13171.096496084063,0.7885046327299048,0.8500555278337923,0.7180039702252358,0.907157135914472,0.7890123030939097,0.6417261343838283,0.10909131561100507,0
Craft/Artisan,1.6211876375493959,12.335717736332054,13953.821487477464,0.7233743432776228,4.025580190473786,16987.333381992714,0.6616682561842968,0.6186850192459599,0.8388677804556305,5.552754971059607,0.3893221642559029,0.4221701247280873,0.09224573079535721,0
Trading,7.241055953314198,21.281878755372958,9951.659816015452,0.764848194468226,6.3797963597766305,15561.873694888685,0.627334358720862,0.5943760814195893,0.9108084381752586,3.958163005252074,0.38206517864481176,0.6176070149038613,0.3653190585968265,1
Trading,4.207725610377608,17.339858113475188,38084.46463939061,0.929967146621853,0.04256001225886852,29401.933162241505,0.586843549373654,0.6020047487275179,0.8423524468887084,2.72050057765368,0.3458210272443311,0.33561628921931336,0.3835436585065119,0
Craft/Artisan,6.6396173769903255,6.99595877269091,18376.078549143058,0.8168807883261104,6.081772898480815,9111.724761675823,0.730625479813857,0.5084354189248628,0.7383570749907601,2.139266328155622,0.6853950314093794,0.7294614511258591,0.2897984667142856,0
Trading,4.880223174241106,24.777291944556026,20556.877130359317,0.7235887030638144,11.021084287697585,15782.991089671075,0.9412856892755107,0.6606114986249534,0.9557868174927598,7.184328986454249,0.647926962576948,0.7248848560287547,0.3174233326057389,0
Farming,0.9424033464922084,14.157799771004637,23881.78736389539,0.5876652176545054,14.343913411104774,74033.38754005592,0.8432744257975258,0.4238199225466617,0.7814010250147969,5.857591060387977,0.6120261947963745,0.47998269441706803,0.06772233363299845,0
Freelance Services,3.711758088649037,30.736957183910356,33203.60981793758,0.8639157113229028,5.636164402906203,12982.173953492667,0.7453367740649114,0.7990839520872265,0.6750307955362326,4.951542997686224,0.8452422578074877,0.7213319280639666,0.18448046172976645,0
Transportation,7.341645354890127,6.776080118762312,11885.487815599434,0.3547858704531991,7.004647155099018,13339.358303077563,0.8996038477731034,0.8691001751571844,0.4690981319495779,18.1713002256059,0.8264731588050674,0.6274696784748977,0.9044488346276979,1
Farming,4.165152310283047,16.55433122887991,13461.985393476667,0.7150396188916845,7.815936086698137,5517.221564573573,0.7826007013483225,0.7358678821107086,0.9392305091246816,9.636340087101809,0.581546299257868,0.6871106776085396,0.4417536849576844,0
Farming,3.7792922966297877,12.40017852448618,26922.372559661417,0.9588924364849318,11.93911071457022,8109.185105099104,0.5711843778443825,0.7436801463349496,0.7857177993637678,7.300157857024112,0.6031678735144661,0.8874572508743404,0.5806596635202439,1
Trading,4.162350438552056,10.19661983698129,52016.1884200448,0.6398424684646474,3.0510769860073648,12401.140483403275,0.8579203503820739,0.6277720687102153,0.5618988663369967,4.999273606891815,0.7880203791388619,0.7616481370542857,0.48076977122344433,0
Freelance Services,0.7385946672931609,14.105674265932986,26529.999498055528,0.9369034012289544,13.966539146158075,19407.551940787896,0.8038164993396169,0.815356739823777,0.8085960148050654,6.851166384976219,0.6324360813930353,0.38602245560366344,0.6408286002828377,0
Trading,7.828110385421304,32.16454087229585,17406.294305580268,0.9132157824296653,5.048784339696743,21044.914992304028,0.846790919870865,0.4784568597894402,0.8157634305866465,13.909471009522914,0.5766726905704535,0.6243275993305272,0.20304390045387147,0
Trading,0.39660594408589556,19.146961360636027,8254.264260181813,0.6579738199590809,2.4895381832383934,16787.532581209216,0.9599413464517284,0.5569068312264677,0.6026019006700905,1.2120981022872326,0.5969100980788672,0.8434960197232036,0.3963669120960017,0
Trading,8.871185002112906,11.666335689620569,45431.9813831462,0.7235768095050037,5.0542163882325575,23455.69519202939,0.8315925199304678,0.8163950472153257,0.9436443824452287,5.930610140874807,0.8196500173857217,0.7411195291501375,0.4404225285122932,0
Freelance Services,2.8881270049612007,3.3709727173007593,17948.06507488803,0.5106832505994974,3.5711849829108804,6637.295998974535,0.5114035199123432,0.4654512444469679,0.9568398104347939,6.678138044091896,0.7226182703441563,0.4478573032007167,0.7822656027001879,1
Trading,5.110497831911997,4.22909962921851,14312.802512768836,0.7429257317055625,7.2577670748753835,18811.838249992332,0.8496838522569855,0.5595276591290174,0.7247687824447397,1.9224906888762257,0.29947203023927,0.688775340452987,0.365578152213481,0
Craft/Artisan,0.6744314735194549,13.708294847050118,10473.160548911863,0.9402404741468017,1.0428175870982104,13485.187271797467,0.6825452920187306,0.21731471132683325,0.9395197128121532,5.15058169534648,0.27862910378494543,0.22556227042052693,0.08245882245192453,1
Transportation,6.240810499795934,12.93049612689072,12191.503502437188,0.8264268890519214,6.424920114182722,14580.30422005755,0.4597234646112465,0.7277617877781642,0.8425236785617979,7.933156052834491,0.5403351776275427,0.6471471568563124,0.23275622690771894,1
Craft/Artisan,5.565600833049549,16.207594350124115,15856.458596727532,0.7087878184118412,7.991906818059329,10366.936505020298,0.7022991632115309,0.7892375738274205,0.4158679595691577,7.377340784291065,0.8669316326264582,0.4532406624069249,0.6074807982964774,1
Freelance Services,5.344635593186511,1.0,23591.29802100236,0.7289747091371429,10.448501977528684,6855.995214723816,0.621226513380462,0.8803120078219647,0.6630460456323278,4.858006805588104,0.37003897408770214,0.6215127001542846,0.3024160258223395,0
Craft/Artisan,0.6426141215223684,17.266547239627734,13838.253961774422,0.4907110196589042,8.041818262858872,5706.6812830539875,0.49747539183800504,0.5029978019276444,0.6757872747357668,5.800679422342272,0.3628089869015506,0.41256835532585706,0.7766405417304583,1
Freelance Services,2.0616990490370433,26.221838201176862,29796.297525124,0.8138195014217011,10.263823436995025,16721.828827359357,0.9504657594306941,0.7429712183737012,0.5992579455269299,5.2247569987723965,0.5159610899760332,0.547456879211672,0.4773809826722988,0
Trading,4.897529040189548,30.98272997891356,23492.905079685264,0.7843584894880941,4.182996981875315,18929.86611284257,0.8653971782534964,0.6832794549993693,0.5191223482322452,1.4390112395510286,0.39097927934768256,0.5837538026154773,0.8211135935810489,1
Craft/Artisan,7.693379343425347,2.8444308166628858,91317.32056510601,0.8435476167541935,7.182570768732432,12201.336900519014,0.6284556070991837,0.6505873654338595,0.8145189009943918,3.583234150749381,0.8714748803091117,0.5747182903506288,0.11702186803988808,0
Transportation,1.8208976409099424,11.588857926086757,10536.032056470596,0.5728739502318511,0.0,13221.909364258643,0.5180362682301447,0.7593665077072465,0.8432449539540227,5.182997029843874,0.5764434298440596,0.773188014273876,0.33966259938307375,1
Transportation,1.8627870840198553,11.16612911220372,29401.873820055822,0.49438153333986967,5.658036123442292,8069.545906555528,0.7772996174581207,0.4989014211071568,0.8898899476229771,3.3053834994684492,0.7144837070524218,0.48495766341839186,0.2520850719598998,0
Freelance Services,4.683474449374873,19.1657714202052,29605.12431185282,0.5987078986387314,7.16025384722878,18999.030418035916,0.714402946579798,0.757663613264284,0.9003615256942581,7.826637569432318,0.5263456962884792,0.4727234191053669,0.8095635838728017,0
Freelance Services,14.958246423947731,8.241820256988373,15263.099971865415,0.5882047070162628,7.43169762780329,13938.88800619017,0.6032021782864223,0.43132965047740596,0.732245149133271,1.1537296743989145,0.7586575777412562,0.7623527870573859,0.2497726179160409,0
Transportation,2.3306760179146124,31.458105989813447,28350.184543230436,0.35762092280747787,1.2777684857030298,10343.052499570807,0.6228294585171326,0.9347068199399181,0.6033341942750728,3.543553899619188,0.36071887187780466,0.3659424862071578,0.3137383829329172,1
Farming,2.8621691876809474,18.348179773485917,41080.00975572882,0.6581382908021228,4.829502267297989,24495.83489953972,0.6578349683126453,0.6495667999789863,0.4032182326173819,3.924714293554924,0.8492251278664378,0.25433966021156057,0.21048230739271553,0
Farming,2.554200850145314,17.014829685606305,28369.511688525457,0.5594337259410975,5.247718497427547,20983.959906898872,0.9300968731506402,0.6205114215661431,0.24597453097391397,7.8584562496404775,0.6777446170566417,0.3785426497170014,0.3631373670737592,0
Farming,3.4537456261008668,30.74170987026222,57610.18112177412,0.9341023884995443,4.71277471102696,4559.1511637869635,0.5210677509458256,0.9148077085255119,0.4983628751785696,5.205484488671981,0.7250732231723689,0.7669876054842847,0.24043413448439643,0
Farming,8.083328412036565,17.871619007333216,8121.513521400067,0.5114261597588817,8.175017539918652,13827.371302519765,0.7968361739641489,0.6598980818272793,0.8679109284217044,5.396386908536298,0.6966966056321791,0.5279647652383005,0.27324902360935693,0
Farming,3.5867865854250343,21.20242725198951,16928.80051527784,0.73078993192092,5.349517696204917,6831.056031170547,0.7088253990297021,0.6105225212308232,0.8981484593742298,4.923689526755688,0.46430300323241336,0.7310372128086837,0.1539931308120344,0
Trading,15.852582825695517,11.993613813663607,60553.395557299984,0.8670824373306818,6.2979808817957235,14730.347839297254,0.648921083700874,0.8222114008039758,0.659711965463441,2.2923405474022456,0.9603828355005823,0.7693521147593114,0.46952576487615233,0
Trading,4.061557545626847,7.035983479564932,44427.52475658599,0.6292671077369546,4.531141202193531,1471.0146821142673,0.7855636142807373,0.8139841183223308,0.4164354960560507,5.449641322394473,0.5972949169777788,0.8487473363384651,0.28835570849579995,0
Craft/Artisan,8.580929337700587,13.117106947966153,36216.91091920902,0.4993634367893858,9.194473325520255,15336.652829222905,0.6987754015347725,0.8445766775527626,0.8824929015884406,5.766758686293787,0.9034521478567641,0.4992534720633295,0.46695583268348556,0
Farming,3.02329658198543,35.49580671155859,53011.729193402774,0.8558296474274295,9.417702558944404,21991.002569823362,0.8758221882646953,0.717148065154995,0.5006971335761834,3.915205116670136,0.5993294964943313,0.25834458294382057,0.08733607201698933,0
Freelance Services,1.342793987753921,23.064167586295646,9375.856125420325,0.8175267417108087,5.074974766683146,12362.78465767322,0.5558222776614028,0.7255795409676397,0.8582861947983449,6.787963023745047,0.9222403102275203,0.6674234469014307,0.1738636330419033,0
Transportation,3.5825608425540416,20.1962786968884,41672.0477174895,0.5499435533429968,14.551767699606739,5911.7492390249345,0.8649998371741443,0.6446134925477285,0.5784799099993512,2.739812661120329,0.8730487157178843,0.802995291170583,0.09003894629202143,0
Trading,5.397818551226619,10.189012878518403,48310.47014468721,0.4472175621989088,3.7005666068008813,52546.78657607104,0.6801612414987888,0.6478228703395926,0.7522355905013114,3.7808869954077853,0.8141741692446339,0.6388933557641034,0.2738723064489062,0
Trading,2.0764990269249584,25.290006407870766,18726.8744703965,0.5199469999331067,9.021590741640773,30006.592090409267,0.4667401946134028,0.7594087569175383,0.8655384051543922,11.20075223737299,0.560213987627627,0.8012980008307311,0.8794282384484475,1
Trading,7.735513316977495,7.138453805489668,114242.70035326935,0.6714894611207679,3.146997976237892,9211.951813413698,0.8575201893257834,0.820304855449792,0.9454114883965291,2.897937130899776,0.5726733878066613,0.3138226762070135,0.46177431147494136,0
Freelance Services,2.6499755339243203,5.463548402540951,29971.191928306253,0.810735669691038,8.319072744788674,11128.707713985996,0.9429523499324595,0.37727218267844376,0.597136309105875,3.524871803968981,0.6656756707776496,0.7940151888572463,0.43284381167784386,1
Trading,1.623707523200764,13.528903016946833,8054.425948735593,0.5454103911334591,8.085011980399289,3338.505121461507,0.736357735337655,0.5896283032348125,0.7218411470055639,5.965025428444705,0.45607947449349256,0.7255751002511166,0.6346851618138708,1
Farming,14.023147262886022,33.63592729569158,33179.90162539855,0.9701001341016126,2.9647856479445656,18608.62504994436,0.7046465498808709,0.8457384433909777,0.7812158912559098,12.549098805853315,0.46167016006803935,0.5081254356455654,0.527637376957144,0
Freelance Services,1.9897148692213982,33.183153859140894,18107.41828893805,0.743840345855108,5.608191106483311,5123.191754106856,0.7854446352589012,0.8563887547843478,0.7695445193832162,8.589705100376058,0.6150663225610836,0.3218906367796057,0.11339643491484519,0
Freelance Services,2.590667892402307,14.39010457399565,51059.52564794908,0.5906017029204145,11.603218339093598,21299.86056023868,0.7257898109420101,0.829902102643525,0.3866656213669551,5.751361208708724,0.5876658326978806,0.7554340742374188,0.3018735353660881,0
Trading,5.995241791438398,12.606407854416126,36365.26058439867,0.635335592649553,3.5570952892556456,27396.193149472194,0.9666691711104908,0.7585358549907655,0.5586221642821845,4.803933404598849,0.5167300650474117,0.5871785383588807,0.1808021325688211,1
Trading,2.946587160534384,4.877103675521761,19363.456057166222,0.7150131924935504,7.205597961353913,12718.531792816295,0.6596454562928851,0.6302168924475193,0.6229380694378109,0.8651295141332285,0.8473823533234665,0.4384858595442318,0.7507379743930823,1
Trading,1.6740393360404209,18.624245804160676,61472.706285145076,0.6465508698983687,7.00645165885493,6341.574517424744,0.4150118463568485,0.8246734786797858,0.7066952216515872,5.50842320961724,0.5225464799503263,0.37666045683729743,0.23345728431864624,1
Trading,2.3978465328134155,19.296102015904957,45102.73732825027,0.2871168580309369,5.873151136294568,32026.26780867496,0.6017028304687245,0.6717576086806301,0.7460196074320338,2.537660669921295,0.6267017245031138,0.41456380244876734,0.23122323482735618,1
Trading,11.657884350648978,24.3164500335753,17062.596486108745,0.6011995879384723,0.806608837377432,13380.030587133388,0.5698149479703232,0.6208614770441812,0.46565320014125317,2.361858305635015,0.8451198390850766,0.8130033533794109,0.2878739956334746,0
Transportation,5.526006287245284,25.285660106601313,24744.912855824194,0.5536018480669499,8.485875102939925,14260.628480267138,0.8211877161703284,0.7988585743085675,0.853786189830247,1.780766409461134,0.8322190063939943,0.3997750581674938,0.4959020297093966,0
Freelance Services,6.261388367178682,16.420624658682936,35749.95305306252,0.7796022043300189,6.034848845605259,6959.941426170686,0.6269917181388358,0.6983167025798925,0.8801299074687706,8.647321056715032,0.3630281900229267,0.3521309340411843,0.21771631765970614,0
Farming,4.528709871223155,22.448222998076673,22018.872499135457,0.614326541645362,9.311537018108137,15292.805328967564,0.6378874268105501,0.708494443948633,0.684836732016588,3.2113226185698545,0.7946782878583064,0.5576155166213468,0.4854609322227294,0
Transportation,5.064181129660375,12.394889057227712,22383.521680938877,0.5432945314087583,6.69527431560845,11590.733240226458,0.38717156506424066,0.6750606518424541,0.7376861655384221,1.6189105860537554,0.4108221969292649,0.6209919343554015,0.33515724929278273,0
Trading,2.782287793088226,22.296340266885487,27452.122477836252,0.5875645856140722,6.193407694790779,5271.43835538141,0.8693141708246213,0.6212224657679353,0.8049585705017998,4.214182650965095,0.6251446526418324,0.6336126859466401,0.04174737725309132,0
Craft/Artisan,4.147355450198206,13.94214337452353,14970.109301844463,0.5024279413645872,7.1176230979121105,34132.135156513636,0.8022480582256418,0.7787320952465406,0.9486060609049131,11.745050918134893,0.5152542800852729,0.8294555723148092,0.3166625946567999,0
Transportation,0.5839434818951214,21.675668127735502,7879.179584445444,0.8294475782527669,3.0374075566694945,45770.15745245548,0.7285064481555886,0.545890028178205,0.7285950620663693,2.083948201145029,0.8644666833504747,0.6838404687533942,0.5499911749646179,0
Craft/Artisan,7.041179766166016,21.028010602282922,30684.845331402197,0.5656280032555903,10.674318681806035,27248.16966310549,0.92583846590455,0.8280622022789901,0.4350359674850322,12.798155891270465,0.6642543615018139,0.42719000189952977,0.37315102986546766,1
Freelance Services,2.7631561145286248,18.550429005560513,9010.132243310709,0.5532183947327874,4.873756971646484,24543.03117048099,0.7695216274985565,0.9720945473219702,0.5943310683726172,6.280953359793711,0.856636730172652,0.7371548415612322,0.24280283579750908,0
Farming,1.44832886717692,24.356317745274836,15581.330492922594,0.8680137436810855,4.91231539718225,45962.12250252181,0.768843660674009,0.7884226165048751,0.7689382522257766,12.682685432028325,0.8530024303574122,0.36042877809875545,1.030566613956302,1
Trading,4.313909271126942,5.436807429114516,10154.068103826767,0.722411978339123,9.876888951755815,6417.292480266548,0.6080582008209842,0.47318621804679095,0.8416275094592349,4.1150444517293305,0.48946459368544076,0.12696172636336395,0.33086794331324015,1
Trading,3.275443987167486,9.48067025423248,10865.583042850985,0.7521766727015385,6.74202658652019,6363.587765442761,0.5814495171401997,0.7954822595535991,0.49141109770564706,8.24976068465086,0.5803524688344507,0.3915565092499297,0.1382253593233362,0
Farming,6.879894270043891,15.839522611575726,34012.906882886804,0.8022381596436992,5.2906499046118824,9995.838091965563,0.6049574042649876,0.5909180705558755,0.7721933531391898,15.513628066035313,0.8357158052318542,0.7350484059670573,0.6668289847984498,1
Freelance Services,3.6394326046146084,6.453892898613416,23806.89465793506,0.31656170527178285,7.2414602806599095,16456.86603326021,0.7237326394117725,0.8677830529247454,0.6461429489427339,3.1108312050353604,0.620893509560236,0.8672405767868739,0.12228098738615642,0
Farming,2.357423208696314,14.745083883562357,23338.96941359096,0.9123274166176818,7.877952235879848,10885.243166099506,0.8871332563877691,0.6868751351442982,0.7795521817038449,4.3612451427535674,0.5695489520735211,0.8685741527087053,0.44277287317342706,0
Craft/Artisan,3.702565776667305,15.002957639379598,13046.22395804801,0.9015539400153294,5.644981119768833,6542.046940230965,0.768437602295295,0.8786122597155265,0.8776977164054227,5.416595277271719,0.7546990623210296,0.8769830046819183,0.1806044843815869,0
Transportation,9.207838169053376,28.47747029333355,18756.2629783938,0.8636745648773552,8.766990255044279,13412.72868250774,0.35594705827847467,0.7331066420497108,0.748111319060369,5.994810444707585,0.7464350716133207,0.9110702351778576,0.10535178699009469,0
Trading,7.027933759765252,19.1402696183317,33092.11573138232,0.7198994232808597,2.1883368910176584,12505.62944239256,0.6328149521444845,0.47519274861896904,0.6756879787336741,0.24923351343432712,0.6550400001267266,0.6360030244436793,0.3520556036922518,1
Farming,5.516474795776741,26.235436608511023,26143.398862799953,0.6375294596218912,6.78542936716476,24074.93958245293,0.8380084114065497,0.6505397790774103,0.6234124156726403,6.692652223333132,0.8008490510272197,0.7298419024707188,0.21657482376272957,0
Transportation,7.225335499475963,20.413397750477746,42296.970097707395,0.8504919818433889,8.400809052469077,13782.819689089907,0.5644197722055765,0.22038529919887112,0.8485907903955446,5.65666709707441,0.7209208125343493,0.927694305770094,0.46069553495628696,0
Transportation,5.8007686022208285,13.714661830143477,45743.29976110948,0.7767470647937037,7.8653853148524515,3522.080688149531,0.7466359270280203,0.7105661802933187,0.6366394824971028,3.568635732866174,0.7382710478597626,0.7115566770605187,0.6256916383535198,0
Farming,1.873760951983787,19.069734461972097,23418.441235558603,0.6680579796565769,0.0,17497.75143439851,0.6617427849417589,0.9265623948705013,0.8445084053130134,21.540729243863634,0.7937322323677448,0.4178295027643448,0.6031951823189868,1
Trading,6.294560626840483,23.83541067145738,9713.412027801907,0.8431447551481529,5.620222333388461,40426.86346599442,0.8159165331124962,0.8344737555736139,0.2627438465510316,9.51770829813699,0.6676612046007436,0.37876641479386114,0.3603351164920494,1
Craft/Artisan,7.781160995192038,27.54721061154065,17744.755838163073,0.6680018086830317,2.3578892624238543,13633.006853244495,0.7966946908874457,0.39531425245607865,0.6851135755001222,12.959903171028813,0.8818133779083084,0.41158166631931004,0.3423162656565703,1
Trading,8.062256327729475,16.941519496524535,25495.848029577803,0.6891446759817819,9.857315113010964,26658.705512569963,0.6619402789847685,0.8084605552847194,0.649098890906092,3.8336559724933146,0.858205614149429,0.5488248626606355,0.3606971008903609,0
Freelance Services,1.5561717068789684,4.819914849176447,17552.15689597084,0.9398231419495732,4.827978294010137,9380.735393832476,0.6929835177672328,0.8401242387245421,0.6654618941273227,3.1014675725879313,0.4941787687881146,0.7654034729684923,0.8631673570274474,1
Trading,2.596462509446338,4.257581940624785,15062.397477946119,0.7960929177994659,9.524111557619399,19851.291406602428,0.27370329664487564,0.7465631453396459,0.42237295721005086,6.989558476018029,0.703521052659851,0.2475090120494917,0.18154655145068638,1
Trading,2.3071517664429453,15.388699119064905,27955.346724162177,0.5520567054176599,2.3488684747421695,7933.007879224348,0.9213281419123854,0.8056605330090986,0.7496643072181273,5.2848315997301505,0.5391860461298074,0.8898461276388879,0.8882650961712409,1
Farming,3.001617758917124,1.0,102402.5308386484,0.5059574036439164,7.17192835219562,11242.434397667963,0.8116449321847559,0.792901964586504,0.6233875104840559,3.404043948142386,0.3616369410232995,0.85831101834009,0.7888562613704033,0
Farming,5.139145130838473,32.360835725894646,20568.099074942627,0.8619826958604264,6.023821806164089,11304.55102452518,0.4644674465371726,0.7058846131282968,0.8749750695445281,3.445674300034412,0.570090993269683,0.4176039241588413,0.3742061176350384,0
Farming,4.23886045401586,22.77546585119787,26861.700588697116,0.5393058176940014,14.292207780166938,18651.522692081184,0.7653712205527873,0.6536619602774494,0.7932951376055851,1.4676873781448982,0.5918321939757059,0.8342232572344603,0.8511652233982732,0
Farming,4.239726166972103,12.914663924022042,13073.992983843462,0.8842534801622709,9.533783062884458,7503.240191904087,0.732994128459127,0.6396730566128157,0.7604554308852787,9.717628169836825,0.38382504273934404,0.3650329287446371,0.1876524289209693,1
Freelance Services,1.215061923040822,9.122819247929634,53309.539960995695,0.6566059676819179,9.341652809912393,4791.413068733364,0.791621970045685,0.7030830195812678,0.5853158779044987,8.518204472016093,0.4984640619615863,0.5438147784868304,0.4827997538153423,1
Farming,2.5224888388144793,26.22495276780888,43525.77950521011,0.3868226766320953,12.083423225917429,18565.83841114912,0.6486045536961066,0.8003885903547041,0.7528245273821866,0.5371044717379497,0.7413309017320319,0.5191551849709758,0.5561621119632362,0
Farming,8.442718416010958,9.090902754791955,41904.72117231753,0.783908443271248,6.851302773797441,18083.727600326936,0.6942894414711636,0.49164933525447596,0.9145853527550206,8.416627578701782,0.694972434850567,0.6707041125409874,0.9445343807212884,1
Farming,7.759702654531154,9.85418589119158,56833.868090913085,0.7481238020869365,5.701481216854863,14454.203793704382,0.4942720639318679,0.6135134350853686,0.7752654748394648,16.26521321257257,0.5306309474501122,0.5849030444293726,0.9387837196807496,1
Trading,3.5957659289962156,11.872432479786465,21268.071892206357,0.6959477051525071,5.359428360792716,25668.551658251017,0.6725695859580004,0.7051772364275861,0.7562993400642261,8.77756486253196,0.4311760670235946,0.6759737476431195,0.30894926367090025,1
Transportation,6.305781832249106,18.9126993165946,22780.72810790333,0.8648039230730298,6.983449973013466,11592.957393238414,0.690778518742144,0.5678234891916379,0.9056673613896177,2.9861147190835,0.8828925972551743,0.9062621312456725,0.2325322261033252,0
Trading,4.8323609974287836,22.966379513179188,68901.49759469944,0.32084983606153417,0.0,16267.826575453899,0.6073556368737906,0.5718982734409971,0.6273824364377975,5.932429257459767,0.6274995739413763,0.7778062172811356,0.29345358078762773,1
Transportation,6.760729235284518,27.541377867325302,38101.17713691364,0.8028045563270517,6.006978623125146,10457.313607345268,0.9267729817970346,0.7476837282205508,0.7455924915901703,0.9109253350523081,0.8197192302362843,0.714850974694718,0.6784299155889074,0
Trading,6.486501948972107,26.359770391573612,7938.0902152293465,0.8085542273227967,6.680374611404827,11147.51470125618,0.698896130717501,0.5098138928634309,0.5846783038015277,2.260095799533582,0.2974280436193492,0.4270960892407616,0.41586027660493463,1
Freelance Services,3.8039296659650415,18.006189673877934,34549.60984302978,0.7520891266794486,5.5324485678364175,16952.17621380309,0.7626504417121875,0.5565744342748855,0.7179781606883379,8.403965284501075,0.8755580013247817,0.8296863093607736,1.0533904337942723,1
Farming,5.539056991048446,26.16417579005067,19537.013363021175,0.7430275726582274,1.4072774261417393,65292.12235510254,0.860343701165682,0.7754802549890216,0.6621259642838954,2.1690979281572287,0.8049743394948669,0.5845970354184146,0.918731444431239,1
Freelance Services,5.048478278546824,12.632003088189117,44090.27447032695,0.6556685672709269,5.5504902421596585,22462.630116209773,0.6375315499218824,0.6172387808774493,0.3207939903355888,4.058149093117865,0.8607165315222174,0.7901130511361112,0.46130756857630106,1
Farming,3.8755475298544857,3.433071884304269,33674.789764348985,0.5278233071919661,1.3989023722157334,19614.54133072676,0.8754437531384262,0.5141349201764236,0.7728601061610756,4.5608138176192305,0.7218446351496469,0.5733125895451789,0.6898720135461361,1
Trading,3.3075915052944356,12.630951426315935,10328.904227692166,0.5025146142280418,11.32127321849016,22957.675062165905,0.7216674947815112,0.7996007796152497,0.8215074285404177,8.215668044017146,0.6531754273491915,0.4877233128842749,0.25931007356460106,1
Craft/Artisan,10.670953485602313,11.549915885789702,31190.118028506306,0.864539053958562,5.227949401595756,2582.6092213242755,0.8748185394423378,0.5588344178143045,0.9054830059283987,4.111943359137231,0.7871132316104906,0.6787076993911606,0.5921945130910474,0
Transportation,3.8789501431099365,12.944103425606585,30207.49193722421,0.6254650803803015,0.0,16704.35072831075,0.7703462937023572,0.6916169349525615,0.3697831141980275,2.236340785612189,0.4583800311739948,0.8173908576932131,0.48189557438854735,1
Craft/Artisan,6.05386912179042,10.325002166064888,32856.483378374156,0.5166940298515119,5.380467145289994,25268.94838334313,0.635968069845121,0.507354267762361,0.5188733413204241,6.102761270567827,0.5745818711612993,0.7436012837532264,0.5630312876817586,1
Farming,10.164064327357524,14.311123379362304,36921.188102336215,0.3893924486100536,8.686195159461796,14173.065241492537,0.6772490249324609,0.775775805072566,0.7583514661660803,1.5649230455935317,0.8350976796621864,0.6618282459467408,0.12017717562744462,0
Transportation,5.532962324141543,22.960137712748626,61253.8067748608,0.5494418718461603,6.52823422204438,12961.993519574879,0.45671025788109115,0.6056402685938155,0.9193927546057558,11.95908958519442,0.7167494213910962,0.1793247263048279,0.7347204557861418,1
Craft/Artisan,5.370005624501013,31.722056821300573,33780.49839129934,0.5731751050034674,3.2584317754956604,6919.11241292144,0.9334306828178026,0.9332458779622834,0.8188566880157883,1.4770643871932319,0.9399283617756116,0.8889482613714262,0.5473979459193421,0
Transportation,3.8948158315453334,4.197228205927814,27244.151501573928,0.6325188295293447,3.9652554454742193,9863.661477223199,0.6397378944475741,0.6893036518195643,0.42479336010196433,8.768350527401164,0.7115088338942648,0.8712128666497341,0.26513521000294527,1
Farming,5.109380015440517,7.698122984794047,50583.572823215414,0.8555009544640564,5.139458265778903,7454.35111021533,0.6710603669466816,0.49686980743984005,0.8665750431955894,7.077186288126974,0.6837221541730388,0.6695295446298769,0.16186408525685156,1
Transportation,3.1091359519612087,11.66842993017466,92365.36945904259,0.41884257038573663,4.681009715992517,26893.900474528415,0.6882721632098602,0.8844994954570277,0.5314084123642457,8.703284002029656,0.5150052693756799,0.49455454727514536,0.2999437857116209,1
Transportation,17.117700810218217,24.125935019492744,44501.97791935181,0.953648419359931,2.221301575641431,38222.034664836494,0.6712160678740421,0.6124655911617048,0.8671600463314408,2.059002218222273,0.6950348314779199,0.70607553384907,0.7723096871159825,0
Freelance Services,1.2409973935372764,16.360420456215603,30134.120186179483,0.7052249656512424,5.797206757049095,51768.971828640606,0.5665144239961171,0.6376359539192611,0.21950592060969853,2.8210026463303053,0.736592670554356,0.3914950982760145,0.30176332545921064,1
Farming,3.4581482404051713,12.207126215171018,34128.626652546154,0.8554156206161,1.998797296402107,7368.75420544574,0.630374337345204,0.8479454639904785,0.8374848741916153,3.1172840191756777,0.8667045380848123,0.5064145880117299,0.2766472667916991,0
Farming,5.593203360325892,23.73386406164337,30971.542180310415,0.732134521966431,8.84713453764708,8367.507067271925,0.30928566313330674,0.8025783239768977,0.42412327293044627,4.047275821859675,0.7320795689277872,0.44490435867750816,0.1358867215404435,1
Craft/Artisan,5.373198690454196,25.65112213073575,27178.598654221914,0.8858038083335007,9.213317546698832,7904.704639270621,0.586992924566904,0.9084851596887209,0.18627440019112135,1.5509736646343175,0.6813122409097795,0.8640531846067933,0.4983867538054645,0
Farming,3.1052047623320207,17.84992032461096,88507.62250866978,0.8349068798117234,2.9904376897999203,6548.627127904663,0.5705420485046326,0.5630662420653992,0.786899672633134,4.653902529233654,0.7095282512552255,0.5985624523215252,0.13767212851071167,0
Craft/Artisan,0.8620270806935479,11.470246187035649,17819.001094060728,0.6337414389272795,3.8500682607346923,6623.023492252443,0.9219700235953392,0.6080037103528106,0.6113756283222268,4.720071553237031,0.3494834095964133,0.4435161192768023,0.3232572030219754,1
Farming,1.430747877321769,20.162236537883143,50776.97107729317,0.6968343380724532,4.730999594598749,9312.879249185668,0.7549707452098016,0.811448792307754,0.7834148415051184,8.548025340338752,0.48108026208866916,0.584664328512167,0.0365508249765438,0
Trading,4.444704175593952,16.133854332379464,25103.904769207737,0.9392244575437974,5.905446617057821,24640.19344194459,0.6382091238701327,0.6373576814198932,0.7386922090584678,4.4355738402057785,0.6513005715581085,0.8474190059300206,0.383184086396604,0
Craft/Artisan,0.6251062091416288,16.071894049716317,11917.574715149904,0.746981321967303,6.770543230296333,8082.975397963464,0.7285628710760018,0.842848851781804,0.6587360534662854,0.840030958919229,0.6881414550089864,0.3711786715220118,0.4135148391235642,0
Trading,5.854635406445826,13.90079825118531,24256.144386339307,0.7389112973654779,7.389158147524162,27921.608153385157,0.36041476814736834,0.45389316237588967,0.689070640062704,1.1176273094055682,0.7538050306414207,0.6692855184056326,0.12095094337605987,0
Trading,8.17904337565299,25.399865978576713,19915.892128729032,0.7218936716275978,7.3191655844026435,34794.94843942336,0.7846728001542677,0.8241341227744237,0.6942640357622386,2.485380633491005,0.8001190779437948,0.50057203158938,0.09368270077271326,0
Transportation,6.544463875102581,19.99904181061435,36962.809043607835,0.49434126136876255,10.661596658512014,16310.552070396983,0.49735345347933824,0.39123484266112113,0.5974481454608711,3.9414944276786272,0.7548924029643487,0.4313518521448318,0.549374981839699,1
Craft/Artisan,7.395516120857722,26.28560705511704,28288.626784862594,0.6313260195664243,6.181092196954568,31583.546902656402,0.8941613677550776,0.7561530836877427,0.4659379163296597,13.523799917291715,0.4957635164619971,0.4697767301988142,0.2087909902102462,1
Freelance Services,0.6516143219445828,28.690609163825005,15334.87959688082,0.9537642829295209,2.092555456787913,5151.884212601804,0.8618665749286444,0.5928100455384068,0.47933217286564045,9.8785997930973,0.6268647204003739,0.6907808626824642,0.40090971925155006,1
Trading,3.196348068695177,21.671846150933124,60418.72499911473,0.6314866726803927,1.172455695480803,9038.68881362119,0.5419048136210868,0.6389534903498084,0.6014288709549611,3.6266394165138904,0.6498910873916718,0.5607200453642552,0.9000113424759641,1
Trading,1.7551630836885401,13.948183080918785,48999.908143161454,0.7980854791099583,10.90736062494619,15253.916729158444,0.679442077065385,0.5571575241805219,0.9228132304721108,2.62152697313685,0.6619479694562365,0.951758689194263,0.08063454363108763,0
Freelance Services,1.009434535292806,26.32260985775828,64365.33833932766,0.9543798828869341,7.528967605350047,15619.318841381255,0.9821157496372309,0.9261483015666934,0.82207275192746,4.750731695264655,0.6908559870443645,0.6019582008437163,0.2134306746471774,0
Trading,2.7229896039935877,21.725317618226835,30648.241472159956,0.5409269999265575,6.619356994392892,36332.312194126396,0.5754506059881521,0.7130844363708695,0.840291856915846,4.7383930145909146,0.5524844388477386,0.6453770045409223,0.1272352039438541,1
Trading,10.007382663027292,38.82694221446111,26379.614490095315,0.8472261535084832,7.34703433852863,6639.608335652953,0.9320770335701754,0.6829941975083665,0.6308866846333998,4.384642744823466,0.7313791202311614,0.6337986909435086,0.3494171075772127,1
Trading,11.748410936286058,20.48082310795749,39614.80794856575,0.7567667813786771,6.480806774646151,9174.022231677152,0.776279003303145,0.6987413975580506,0.7217394955794696,1.4850790827952043,0.7180894166104106,0.7113735970269229,0.9101903662213122,1
Farming,1.949508755370668,23.58150431211267,19582.44417530901,0.6874128113043934,7.299566709352839,12588.15851292332,0.8155570247608268,0.538045235657206,0.5401790088976746,3.224703151823245,0.8642567454216765,0.7688772470479154,0.267738775360308,0
Freelance Services,4.073934876019904,20.323391130368254,28898.147020172913,0.6501607057015697,4.882234744328635,9292.5340222401,0.5492030949007863,0.6252986591016753,0.6139580483220173,3.1301118712733627,0.5073545876249358,0.5235231685963911,0.186226890309161,1
Craft/Artisan,5.061014492694138,17.207211265055054,24425.358524072108,0.5899376154258543,9.16558976891236,6439.212953403632,0.8904518066970519,0.6883144808484901,0.9226713607625373,5.820126583690923,0.6044674351424235,0.6922236398689804,0.8056522713798593,0
Transportation,3.2133599389636847,15.92966760329947,12045.31570956864,0.5389955066112245,4.42540426623188,9570.250775796207,0.8076544450708917,0.7091993252471338,0.6427889912047177,9.78476252839107,0.41591052283094826,0.5105806153763776,0.22028815808093535,1
Trading,8.553178661103434,20.353950757268535,28856.7879260912,0.552752581633601,3.290138645026746,11250.090770044393,0.636782054446139,0.9334074340924128,0.7748764936632847,3.1265290603985583,0.4220944410215616,0.5752329354180902,0.12672476369150681,0
Farming,2.754669241048176,22.16940601451084,21109.283722384207,0.5108665092344069,0.9274660803798103,36801.03047103929,0.6391860107710378,0.7240372514286091,0.24146288982541958,5.549505202486999,0.45077851136708635,0.6867108891564631,0.6664814966932674,1
Farming,2.4153892710955818,27.2351031971554,23543.294158555902,0.6868314848653705,5.286825873041734,6540.9498040426515,0.7109585510523072,0.9218777892426175,0.5083980249298015,0.15406000103861256,0.3427231776638255,0.42007276872110244,0.1969258786110384,1
Trading,2.0353860324459547,20.470804466430113,32862.31107630916,0.40550878423834597,9.802507684207992,23638.433077622063,0.596814705899227,0.7829601552566692,0.7921004841669489,5.3279950758219465,0.5301324999605542,0.7381708105585789,0.23810005410129792,0
Trading,3.1967740821968778,14.296886596598169,54170.57935345276,0.7339275522617913,4.627949572534659,32548.766022496868,0.7216478141900144,0.8604924551950619,0.8589275223307338,0.38975748873619603,0.36805484506239816,0.825934620920294,0.35756989787034155,0
Trading,0.23051384809999922,15.385168027208133,16868.04782645069,0.8338624880068172,1.8643563750486543,9331.805079783082,0.8906182742059254,0.5440044226263201,0.6513929663313771,1.926624187828958,0.530074970760251,0.6854930460787086,1.2157505600415752,1
Trading,3.309562520423486,7.416504456774554,22356.96046321402,0.7228016598120537,6.854484266909726,16025.318730954747,0.7328079492582711,0.6388483809821491,0.7839424714588462,2.6762646203996483,0.6988183233487989,0.7280184853478665,0.4923634181195307,1
Transportation,4.249962354766916,31.28971074857848,17662.5969675558,0.5820245253108179,4.046796611178122,19993.358487641377,0.5861844139789019,0.4626582334884545,0.6242816920896247,5.78776222152103,0.4334354111981846,0.4727377763383655,0.3254788421189466,1
Transportation,4.43753353843169,13.67061109183321,17041.39522973365,0.9761743714969215,10.6448012886814,17813.346137174416,0.8678538125051495,0.7577823594821871,0.5963236379228619,4.751241940622103,0.49072880971809174,0.5528274655753215,0.48297583765411856,1
Trading,1.6666544616675179,25.739523681103254,19399.199493775555,0.8830426168289223,9.223793296239755,14150.429484954435,0.6001733043783235,0.6656813450135725,0.6930727979065943,0.7840896185326867,0.5178190767852853,0.5233525954974533,0.4902643686253497,1
Farming,4.379151797439377,20.21240685954027,24147.891443763026,0.5763402345488936,2.1873156153764035,8306.734570998151,0.7043030133136399,0.5171630385509187,0.7517859564812325,5.844974840466558,0.33758434930103076,0.49524686879000895,0.22715511076334477,1
Craft/Artisan,4.316462243054082,20.429854646715256,37131.81436878844,0.6676103488603646,5.47831579434332,21241.6597327003,0.40493097120553406,0.7038441340053018,0.546088873025851,13.24484168220022,0.7792973531130322,0.843399155460453,0.3510716945048989,1
Craft/Artisan,4.382872888889092,17.060416997821306,32088.249105943625,0.4646062617704128,3.7341859692994164,10279.218109829804,0.855399457919183,0.6486340630331225,0.8635497344848189,1.4248244225660998,0.7840800622497494,0.43613931398535466,0.7432995619710258,0
Craft/Artisan,6.62703781872708,11.697608890986613,15043.911705729084,0.879539661282433,2.518486241756645,13630.369772474385,0.822308119537766,0.9428750105589782,0.995576871814258,3.0893608758835285,0.2976940419329136,0.39196956043400494,0.1912834385395076,0
Farming,1.6078349544182051,10.2517167960642,54818.783464376065,0.9359721783960533,5.832196524570575,15109.40709128495,0.6363033910461765,0.5066103415865286,0.6180517824186826,3.9107528037355377,0.6799904935942576,0.49595878379372893,0.08074007010776489,0
Craft/Artisan,3.2416444354532232,31.827723110439493,45225.97046197876,0.8267071486764929,8.454698291437033,24323.359352436502,0.9155120659365494,0.6213757656141456,0.6500882693756858,3.7029970709149413,0.5783810844927499,0.8162057210896224,0.1773725699508372,0
Trading,0.8051980276164112,18.911688630697967,16388.708853653687,0.7191758515357706,5.7548781364921275,51511.42177282899,0.8278503258443004,0.7380615508234145,0.8019644226322704,8.325810366471178,0.9569238077168792,0.7706737038410211,0.3316742984281262,1
Farming,6.231744491838609,27.002141969501206,52746.93738263,0.4316393175892639,4.45154624505871,7970.881880567986,0.5935274724617348,0.8795950056920195,0.8747157866029355,6.972018749247622,0.671596647009464,0.6979457870941336,0.4546152593504337,0
Trading,1.8289713255690618,29.07925550116201,32203.03967519694,0.9123782730851248,0.0,13860.554853277581,0.725155459691647,0.4214963302709309,0.6354969511378546,5.3542664987967505,0.9237089181400184,0.5570285941377758,0.18089318344398278,0
Farming,7.29694962598957,14.713224559206287,24684.9637796804,0.8103540580833183,4.002554040822463,4726.348103495426,0.6024541250086354,0.613364098651194,0.8997081945785094,4.059431012230495,0.8743942694197521,0.7701009247390848,0.43452921833917363,0
Farming,7.462811980995812,21.388046127422754,32759.360743866226,0.7063828350995831,7.655414284342395,37684.69590007759,0.6436654782036019,0.5997844087250351,0.5912522028092522,7.006592765162921,0.5986783107883213,0.4319749517136925,0.4598173143026805,1
Trading,3.477538741223321,18.36008620393078,26524.551702741574,0.3911622837970096,1.9741772050842936,13776.156846715812,0.7874523089940502,0.8732914436727839,0.7121588050256531,0.6948226057552489,0.4573037462338889,0.851774675989442,0.20841984631747235,1
Craft/Artisan,3.346606463785219,8.74228957586489,36307.9955819795,0.4260792237026171,9.847686353767518,10831.62883709619,0.5453476851532588,0.7493864287853255,0.7037330438248239,14.474990537175751,0.8290456607829493,0.5898810065415026,0.8656619032727854,1
Trading,1.1428217439362842,16.516160192765952,29822.652589181125,0.906734386558937,4.249095414459774,13857.172419879473,0.674851463439733,0.5665266320982161,0.451904429136871,8.60506835160783,0.7141142183685393,0.41349393654364947,0.09520744947292288,1
Trading,3.981881472668976,22.70005272191382,22346.291799168735,0.7841499665198461,6.58115945993879,14356.160876087823,0.4399148589520923,0.8074433927867023,0.7147763866404431,9.295359395128028,0.6407220884555265,0.7693678949579904,0.06670459614384845,0
Trading,6.589570193660945,14.007765959913137,8828.984510059783,0.6656192312744237,4.80258253356578,8004.1255071879195,0.6612229676928589,0.6599413131005538,0.6335757271887922,17.354815615246608,0.7216527857704114,0.8574476872644526,0.18773097913171902,1
Farming,4.763029541529381,15.40125443702511,35952.37400781322,0.6917385552909865,2.471049778734934,30686.532431678643,0.9676711584011426,0.9932096927041583,0.8557608730383833,8.424814344707876,0.701258382914952,0.7392611362530913,0.1327868585954602,0
Trading,9.212168817656705,16.61306515691484,21905.42488750446,0.7116052198271315,7.320888164244937,20979.851635909683,0.8411245909441577,0.5738547706151101,0.5128260892394287,1.6888259291094674,0.28178300437121895,0.7080874044272825,0.3589345424463337,0
Farming,2.9681701188550913,34.89223465048083,41269.15449194042,0.6288811893641149,4.20596189024457,23130.774547216173,0.5529097210104179,0.8329152798524428,0.7381693477241947,5.074093692248287,0.4468020497206184,0.6525708346145233,0.15723960194742426,0
Trading,2.9652514071018135,3.327608503164484,35063.6859034596,0.4959443566194081,3.5009065078853605,8299.85448986095,0.695201301522221,0.5282255467094207,0.9091719752392611,8.258389577313991,0.5224728707429864,0.7080861735960622,0.2343824703419348,0
Craft/Artisan,1.9334318644606265,22.013146392218072,22220.81372619964,0.7136807373184615,0.0,7991.39318537532,0.6294550810318631,0.80889708946117,0.8077518749994157,4.9906386163818555,0.7098999306434746,0.6088014280001383,0.16782326130365238,0
Freelance Services,13.122083827956631,15.973287381982681,47223.33831007068,0.7971404787477405,9.908060319909577,12338.928954445626,0.7583680583514204,0.7813419187210611,0.7775359026359296,5.4163531362331145,0.7669822196069872,0.857631775836457,0.27147328144737287,0
Farming,1.1329402783365576,12.87476073198053,30111.51434628863,0.41268953448498846,6.018446244926936,23387.816955944432,0.6616610840181761,0.8436481204374885,0.7435567196846802,10.106445154365149,0.8585288200184694,0.8240101036647909,0.28375866651507203,0
Transportation,6.282740694312973,15.776994342749877,29436.879325662827,0.3540350633277145,9.31970816266523,18980.872902054838,0.45050080963146377,0.8740290761973474,0.788061838586051,4.017103690350132,0.3636017066502172,0.6048650330839729,0.07544523506695944,1
Craft/Artisan,6.678395830022661,23.339009950667382,24935.284367843204,0.8687633215805222,7.860577220987967,7751.337990234802,0.5570165750028675,0.7078543903799434,0.6273672076499583,11.647887683078995,0.5900544531450149,0.7526695937330423,0.1918454117763374,0
Freelance Services,6.494056252519812,23.796188752164486,67911.15880059596,0.722335414480493,9.319297254525774,21320.679445353126,0.7743470763669242,0.8182955709108154,0.5351791093288457,2.82175841761175,0.8665814752125628,0.623913225963473,0.31088505475212946,0
Transportation,2.068150335915221,19.488136979478025,18173.200702196016,0.668058549452007,4.307565554091572,6764.985203043069,0.7035919114948714,0.8666342765906468,0.43716366761238695,5.445348580560453,0.39034536386806795,0.6685807046787913,0.1769036947354445,1
Freelance Services,3.4761125077336157,26.74193053165302,22528.332187715816,0.8265228105052701,1.882633164296843,8407.392359492824,0.8909792284874584,0.55526293159739,0.8768106535185914,0.8310581657197078,0.7074500276913845,0.4764018606785848,0.5283733351059767,0
Freelance Services,5.70087530424781,28.15066396080461,13622.330451997437,0.8174448788235896,8.28807862624161,14919.231290464144,0.8399707253289824,0.6615953303111478,0.8901690065163267,0.8337924158761362,0.737377971307609,0.5860693517956838,0.4707321467782907,0
Craft/Artisan,2.450090351246965,24.531007535604914,40122.88274372054,0.5874006123693192,6.3905962309971525,5883.862701321526,0.7968319218692773,0.5903338242140939,0.771311146147117,19.883300877403475,0.4436818950045542,0.8247348525328824,1.3561002422456683,1
Farming,3.130023231430185,13.630460390822249,19532.16839238189,0.5748901221221496,4.600900851238709,6805.79701725784,0.8175211146374551,0.7687546670122899,0.8231048071630481,4.978439523989934,0.5318787861967154,0.6576381235377816,0.427470592403628,0
Trading,2.4835420638389762,21.955532393703013,20774.4766911318,0.8022692004057259,8.228140223225967,39596.06735376595,0.9196937666939721,0.6690534908944049,0.6020712510233013,3.9807073674958655,0.38841379048009417,0.8309953722003878,0.05718748654621998,0
Trading,4.174458991952021,21.993605273108557,20245.43980406546,0.8328930229024772,6.92439178517337,34765.68731834889,0.726487414202971,0.8256839852366735,0.5268259720848235,5.829556701691711,0.6623901522238047,0.7057138838691642,0.6882901567361576,0
Farming,3.9848492917540583,11.474948530827586,27847.460431932166,0.7558426963918349,7.916815422403952,66356.77316378983,0.6546232715504454,0.6309961995103691,0.8119028766347002,7.065278505995064,0.5785394269342959,0.6165341757797739,0.10446192965337095,0
Farming,10.262144051213113,5.444488847565935,13522.121168302614,0.5506372913655055,2.932816707587156,18313.632976860306,0.8850505792792188,0.4992430271389708,0.738489045467023,1.9007694527483538,0.15964304226194942,0.5286214826061263,0.2605409354926247,1
Farming,5.784020954651643,1.8177950290035554,7833.894942204887,0.406075519491596,8.93284938598866,20980.21331378663,0.6663831248285272,0.7158217915663934,0.697375797887153,8.42490967256273,0.6920276591881623,0.47565566578614665,0.8922198159744674,0
Transportation,1.3858847164168386,18.558843920897214,34604.438064005095,0.826947912350289,5.986107972005403,11986.420407913714,0.8787761434224532,0.8653409077443778,0.9156159392862442,3.362754512631076,0.3970467997209488,0.36812890573579576,0.037647717086710386,0
Transportation,1.485746355283294,20.384317718935346,8413.082902422955,0.7043916195675297,9.254610514562593,10453.480364214967,0.5382437400674905,0.40145974423923436,0.6993340891156253,18.961543514916784,0.5562914275892629,0.8507481037026375,0.03356124889189285,1
Craft/Artisan,6.356070125007228,8.545747378780685,43035.291094199434,0.7770407071286602,8.904759961397279,24596.043117761936,0.9134787481607194,0.5442175226008635,0.6570545517531547,5.473883593986247,0.7534645831006479,0.8439980326683373,0.7487834555582367,0
Trading,3.9547982522422425,26.368258660410902,63398.16914976132,0.37830401651618856,8.05889397766467,34661.470814309876,0.6914341292285423,0.9573276208644959,0.7594122912778059,0.4283167760473596,0.7799055982492786,0.42366566989645116,0.10845375870072489,0
Trading,12.637459162709392,19.217745194371297,24579.717939130387,0.7088900470782574,5.666621366573418,23171.015565222522,0.5028395086810128,0.5621254330368189,0.7295883163439798,3.1559540322699107,0.9724352717643509,0.5575243254853532,0.25601848642385533,0
Craft/Artisan,12.614900444419565,28.795620919322822,54979.79981692167,0.5774836421932501,8.128707669364164,7421.454373787527,0.6939647927100167,0.7332713251820484,0.804023417292524,5.44721799577044,0.5317576748750653,0.63222148982274,0.11031916866219996,1
Craft/Artisan,1.9243578876688388,20.96428695986873,26546.653386466518,0.9264106673715823,9.332356660886536,17573.314617535536,0.749809819350663,0.6873216306750012,0.6449874049130154,1.344760635875539,0.6531218495588772,0.7990047599669631,0.30713144590844693,0
Freelance Services,4.812844736580918,9.46933142496679,64833.818555615195,0.6176713397428956,7.820198596150414,7792.325271183067,0.42410306125994396,0.5926936707492751,0.8603186408491401,6.404342255405362,0.8819715172596455,0.5960282995172926,0.07251579301711528,0
Craft/Artisan,1.50191361663464,21.666249706321192,20932.95899738433,0.7074682697985639,6.607792037271196,10645.048156142147,0.4956166275784419,0.7459287474693554,0.7676344085011059,7.150666451740806,0.764594012784358,0.645708484753862,0.3786698864376178,0
Freelance Services,6.285793460111685,23.36088555897681,7326.952892325368,0.8859715591602911,8.1355465329385,41997.217838585384,0.6884760369748762,0.8594284583928182,0.7210396931809173,4.131934349630996,0.8496508510807893,0.3239342959461772,0.20998951803496385,0
Trading,11.196306241184901,13.619011312903954,25746.36009950965,0.3953182366722446,4.422886513738595,5769.226890510155,0.5633600956887836,0.5726727638021751,0.7960926839345652,0.4001102539448015,0.7363504482040283,0.6953514463001353,0.36067222124999176,1
Farming,4.36375101857736,6.4632560215209995,68828.95248306514,0.5189402427462209,10.541968649508156,60966.97583515435,0.6895671193311885,0.700450655292108,0.9530658180401089,15.095129909532382,0.5021659852120529,0.4648505407111662,0.8379086681110763,0
Trading,2.8906275238844596,18.80236851445285,36106.65831841768,0.9403482611293911,0.9545178467934718,19627.247245900206,0.6195810218047885,0.6066580772463283,0.9448837000969126,1.0695845570893205,0.8302198913648587,0.8111002135684912,0.4604648964913405,0
Transportation,5.1516932746556305,9.993242917470521,20263.413013567624,0.6779817653575732,6.103208162434341,9640.430688861888,0.8229521500526995,0.7417546705152077,0.7500890302852693,3.365692025779502,0.6607651217484292,0.7377458829606502,1.3437853205760126,0
Freelance Services,7.1490284895922125,26.967101304489056,32237.822148271425,0.870620144581605,4.782126244226056,14013.147639512214,0.5774313212673747,0.6459915509694104,0.7454526280587385,8.02085758514118,0.44103273979790675,0.5041418404993195,0.2879592407569043,1
Farming,7.18026035070859,14.74258655658726,45895.330605626456,0.6372102894295867,4.077324920018441,8271.11750999818,0.5463672918247281,0.7098767751279479,0.9247120352731395,6.784663511196163,0.9593033151531121,0.7108942964532036,0.31402088316473886,0
Transportation,2.914753613662295,31.796808851946388,25665.70537635477,0.5741930326940232,6.915588000494873,9110.293330552031,0.8196375606384743,0.7008080930548697,0.8632579212879846,2.425696986594388,0.898104375977514,0.7939799997600715,0.15821242812673678,0
Trading,2.4027981510784824,1.006730659849314,114063.95136094205,0.6110588399561186,2.62357318264655,14063.063868641786,0.7086948146137637,0.819963123143722,0.4147862846356193,2.383996159993502,0.20098630906367315,0.6222983265180115,0.01,1
Trading,4.637915417839045,19.078364833161185,20240.08097054263,0.6680761109931653,12.455796595551929,10612.155029356984,0.7948838043114305,0.6557729695840561,0.47854179361524,5.0545090408662094,0.4971852244863864,0.9010668959469827,0.8938899741776779,1
Trading,3.0616096062505846,29.435141120810563,46694.46420506906,0.6499686755616935,1.9436836850367127,6952.959375930661,0.5069615083161465,0.6830702112634975,0.5256373314998696,1.8136209090241793,0.8913774763887923,0.6045298262346562,0.7717178388579522,1
Trading,8.555165728016558,10.877565472901626,40907.36830923099,0.8331305216800151,3.1461959302437124,11441.617655451579,0.4324888473614569,0.5870919575413535,0.9524685734193751,4.988504944399463,0.711155874233892,0.48692379981755035,0.18555519134571552,0
Freelance Services,3.0344742126898705,16.726392514983715,18308.027730096514,0.4151030263673327,2.8629490871103975,5322.87928769947,0.8699712977836611,0.8764293689877438,0.8193302651456722,8.522244601575329,0.8663629950031383,0.9297327334336145,0.4357483655628655,0
Farming,4.146285503441803,14.775714285087648,21302.034274001213,0.38557742743100515,6.595494349279004,5484.766147595363,0.9096958556216219,0.7371718389198008,0.7873525367524019,3.097503351139947,0.9601132475978325,0.9293317065152858,0.38274146371022555,0
Craft/Artisan,5.06536286997659,12.529858862781737,47096.513603780426,0.5852956781177383,9.043632318194485,5445.595227130589,0.897518401471896,0.5647112516431826,0.9302944829088741,4.2593193802016405,0.328846283818109,0.9227851886259842,0.24892461748049285,0
Transportation,1.1713310158392178,19.95698112891425,29133.18956671328,0.6653623757347427,7.578020716323541,43041.80882878321,0.6473083452897699,0.7546993334144716,0.7013182987801991,6.218820060987527,0.5165634362236264,0.5331657990435336,0.17828342457437854,1
Trading,2.5626058693770486,7.63662719200717,32400.83424333429,0.982571315080694,10.417032876521962,17746.379506492493,0.9408117521349508,0.5533679265602222,0.6112872178479987,11.299736764406221,0.8055515774582559,0.219386766534523,0.060254924569241204,1
Trading,12.289494977809486,17.112249749358195,10940.403469023562,0.8647394351924916,3.518195863724284,20274.109089629517,0.7123329385587349,0.9304266548164091,0.5730131517924529,6.5724206365513105,0.46315028364221716,0.5707752524471387,0.2697992018719832,1
Craft/Artisan,6.953865267525706,22.127953901476587,38591.96064591677,0.9696314851289766,7.976164387580861,13465.453400972277,0.7807151645289633,0.6435456714663206,0.5386316769562405,2.893139450843886,0.29228913771944703,0.5998237464720279,0.17515548073195722,0
Trading,3.00435390882621,16.279250308906857,31508.519994117385,0.7111873641883371,5.089390092573543,19041.90762643097,0.7049774564870454,0.7295755561441741,0.561582679194487,9.461010779543884,0.6189171248831064,0.6267035312521553,0.2334921366092995,0
Freelance Services,6.302767377536662,9.998366400113795,25973.952490411193,0.9584158117731215,6.684222363019717,30427.198013070676,0.7906994842364283,0.6809805553700443,0.8403092960622165,8.162133575032232,0.19642213186388657,0.7413221393079097,0.44535466044181865,0
Trading,8.465179574771328,26.241483188812012,32810.06229730332,0.9539501126662084,9.326043278738169,17773.672918136872,0.7851904782839287,0.7347657043406399,0.6480572022887325,9.257368271764262,0.5692260554651589,0.8186878376936494,0.2584779338670773,0
Transportation,3.3591653212568175,23.8420556929348,21481.132293459053,0.7990268388299784,0.9231890452039222,42118.022610143584,0.6296370191378464,0.6750356530084748,0.3116212247776847,3.6419501682103688,0.3108768003104175,0.8657169438567247,0.5425995125348617,1
Craft/Artisan,6.739248403368561,9.67050262957007,19427.670103674067,0.456129550046557,11.973025690506988,13016.462956954223,0.7328247408582412,0.8681459206392776,0.4278098556303077,10.502468478436935,0.8028180369924478,0.5732599632655853,0.20319483321455836,0
Trading,6.127427840955773,7.6471394798196695,23551.927838428524,0.35430887126638805,5.5642680056452,20317.518863223057,0.7090913970911416,0.7900786739364075,0.7209317081443603,3.1384958197705597,0.9473160892754496,0.7947065916717683,0.38564537754943434,0
Trading,1.5234033215362393,10.384604672049406,20841.224512214456,0.7994819827302294,1.1801174783922646,21868.645836722604,0.5766862264910376,0.48242389241100364,0.800675599012624,2.3709849935668053,0.6374471334696408,0.8166260067123791,0.0487146493802069,0
Freelance Services,3.3726950645764044,22.362185323897723,89258.43978369194,0.6449913992415844,3.9214574552566885,6957.45062023664,0.9162537645657756,0.6864760125187864,0.7795010088680329,10.633034815996334,0.9291278509936172,0.3358202597961981,0.2391053305111191,0
Trading,10.433798647513656,20.204583191700365,44423.722703704414,0.7319913812829851,6.306915696198175,13765.471569447127,0.6161891819351947,0.9035440267078539,0.7137024122004847,4.831455410207866,0.8075042094793863,0.6345485314943939,0.3868274791413146,0
Farming,12.070345135654783,24.32066169956571,15793.316004437858,0.5365465235758509,3.9207718576570647,3681.2405708033584,0.6167950918183287,0.8568657597448514,0.5509188131762236,4.927945566586273,0.8933977607044064,0.3134885459555014,0.2908235434582644,1
Farming,6.991083630118493,15.390798255595081,82451.27577980416,0.9415675885176974,0.0,12198.73771617518,0.8693748817623247,0.7355920891286087,0.31198208379931386,1.8389084779683307,0.8216029762171403,0.43843227523435757,0.37221749949701965,0
Trading,2.4963347078063314,10.602126099999143,21203.655259738272,0.7641731693965118,6.290397185408164,10988.644514222846,0.6431484307398191,0.5185678417122144,0.4033576238138314,2.063821615837394,0.745029441528185,0.7181305903630353,0.06738634016131692,0
Craft/Artisan,0.4590987044470419,25.35077190731599,27342.579427233577,0.605207540375321,3.8347513094055503,10537.926527881127,0.9498781948520286,0.6236616179510039,0.6678528824705855,2.4635535588103568,0.3785294478603477,0.7082577414978309,0.14153033416906083,0
Craft/Artisan,2.2401995796320233,13.572411892390688,44071.978759931015,0.6995526576528684,7.953419856555556,10044.095891579815,0.5381235741884357,0.8142254608940491,0.9372828694962932,3.4094023031436427,0.47249355585933234,0.8750041798054882,0.24780401788111645,0
Farming,1.3481856741111378,19.492384446831828,9104.338169719309,0.7096873054484353,2.794837918399944,19117.931150795743,0.7313666570815928,0.7280704646926521,0.7545552784613931,3.4943297346387077,0.8431940910580854,0.743195511303846,0.22064261671843177,0
Craft/Artisan,10.922721938378382,5.600601287077007,23614.962259771015,0.6879677293883996,12.784588654564615,7186.20375658393,0.5704067082285555,0.822711094932894,0.5460850193537836,0.8246855666374127,0.342467781812411,0.1248079897121315,0.46426161574305436,1
Trading,0.7855750561206021,13.441516605417606,19627.096833615044,0.9338796974152175,7.540887236196999,49118.606854338585,0.5495755452930762,0.7272482474696128,0.9304957047339075,8.043930413900505,0.7035932696830072,0.6050362418316692,0.05779270422329583,0
Trading,1.5601946632287775,26.075170567532105,30115.463120205746,0.6165523125891618,6.590383330283206,19875.375147519597,0.9418558824704091,0.6135039952106869,0.6002505233387772,14.922706626702158,0.6785213236159706,0.5171081954282096,1.0688020966282838,1
Transportation,4.57248947179215,12.26980346664114,32975.73694047513,0.8311231901823882,7.869370249589306,7615.371877477362,0.8278477962340596,0.8693122611723003,0.5484204728504786,1.8402967840218216,0.6801572947219716,0.7084965641525622,0.2074361302282138,0
Freelance Services,3.9351727003466452,24.516030571611996,25783.94651300218,0.4982219448025979,0.5354629925584327,21016.251132592388,0.6895106234277691,0.8136825419959909,0.46102989888428986,4.552905451219639,0.8705785628806543,0.6517157190420967,0.7583375106220628,1
Trading,10.109543338573877,1.0,25134.432203618428,0.48836935173995893,4.509125680533895,26806.430414979168,0.8492783607642908,0.7725098238128036,0.8208012506839495,8.986760468073019,0.6850897723767978,0.5521235105584013,0.09172038238998194,0
Trading,5.879041787003689,13.524866722854512,48330.70031210769,0.8341598528486575,11.34906231214675,17298.624085207946,0.985689158494261,0.7806045776854118,0.7428991551898897,10.1618458920597,0.8131924715922612,0.7139389259849601,0.370514315457572,0
Farming,3.5537895848696848,16.629162832974938,31755.37437608504,0.9657703449939136,5.039601928064107,6607.334254796961,0.8456143419295459,0.7317467356046714,0.5342218081634926,3.282265542802201,0.6905377734973102,0.3840093385810526,0.79201635430185,1
Craft/Artisan,8.655861689946555,31.940322426739243,27523.177738457875,0.8674480277328415,5.811522548024094,63965.611735548766,0.30980477927732,0.6161145273529078,0.6089608031981364,9.32869147452386,0.6540399367388111,0.5976609863884977,0.4102028066503576,1
Trading,2.9407121038909363,8.647496959884386,29182.62641233443,0.8789192418709791,4.600501553463436,20902.66811610136,0.6201857265291456,0.677913785184474,0.8650637005667265,1.5020343551296187,0.8076754958278963,0.6551445418301041,0.279772000526033,0
Farming,10.632484323531054,23.367946363576717,73846.1348425234,0.8079075794531237,10.393524187888048,5578.606567467552,0.7884550856863438,0.7866253618242718,0.9215696751860588,0.25944609478429825,0.6626441378868994,0.8467284996192954,0.19487471044656246,0
Craft/Artisan,2.0037834129130037,26.45545424999035,29583.459615140782,0.5539632241252462,5.2660971003023915,15465.70950820509,0.6847158338841379,0.32259615095399996,0.6932782381548893,3.3989004463059476,0.6603087570618769,0.6938728774111196,0.022425092099188706,1
Farming,3.833804604799027,12.228082822045804,20273.164045738646,0.7302426757360482,2.2444940962873225,11450.374878815384,0.9373878052360864,0.7949132393564353,0.6843075941493155,15.76676867668846,0.7865780069386407,0.6478583319811898,0.540211068971298,1
Trading,0.5444585703430836,15.011808409818482,9414.915831901848,0.7315886190103006,13.736445367654454,13419.968645807194,0.71179474052355,0.45870904459579737,0.6625472574161825,4.739631529438255,0.6243208545127779,0.6520154697012547,0.16821020815072987,1
Trading,7.227770905073847,19.133030190495226,12226.175244975606,0.905649082998387,1.8749296800007142,5792.958800841834,0.5080237460575319,0.879515069578649,0.9386420101382649,19.735873153605183,0.46550809837165263,0.7686883887560161,0.43746292048373253,1
Farming,4.395249222498572,6.148120262459765,20808.893734812675,0.6073331275172359,5.707859311612516,13877.561716703533,0.8967117699482531,0.5580822310786121,0.45751795714910687,1.62504648562702,0.7551364459918629,0.5915387402169474,0.6443593248726486,1
Farming,10.650495554635972,14.359174305109146,25346.41897748648,0.8647884749379785,3.474617090205243,7466.0627690826195,0.767465262472854,0.7100827152006449,0.8055262767954176,2.8920918528016757,0.8441781506447259,0.7802370326991507,0.348161067412808,0
Craft/Artisan,3.2837884468064273,28.208896327571328,19819.234751301785,0.7204509834222446,3.8951967581997624,10460.090472480886,0.4445327988164959,0.7578252931480134,0.8189598047608061,7.874061548751553,0.705257569663781,0.4841286912693285,0.3038767612996947,0
Transportation,1.1553548297405047,22.181238486915365,32634.627189871724,0.3467192829429177,2.8205026601500607,17521.969825082175,0.5611579035178563,0.8428454750115487,0.7533903312712108,10.617788567965828,0.7490384986684258,0.36394056713181394,0.49479643191449624,1
Transportation,5.3850635169182075,16.74598968413406,19679.260142618765,0.6939967598724713,4.380023517242781,9569.70017551208,0.888265544923057,0.9202041806252861,0.7775040502212989,6.707250845369078,0.6130256092337651,0.3206102971941888,0.6535844765735513,0
Freelance Services,2.6213809248495576,18.904578894691866,16269.230466925372,0.5744755579891713,8.952099756402507,10902.035062461006,0.812914366939062,0.8225482548697467,0.6830574277441324,3.2337337579794947,0.8828708573062888,0.38749804460976145,0.13393562120380273,0
Farming,6.56459232983846,22.64724292423817,37682.61435758851,0.7987470443958964,0.2940413332984386,23722.09470686954,0.8727856857754466,0.670494438592932,0.5097669255035897,19.29207251917651,0.553740461840542,0.7891920073794969,0.2830718818461988,0
Farming,2.038474951560362,24.17928118328091,57134.7032245598,0.7390032590519507,9.782422747663327,7172.302466237354,0.7962078084170221,0.6736616175507899,0.45670607791131584,4.319313494175626,0.6396718103911797,0.6414143532555281,0.3862022137077254,0
Freelance Services,9.466444789318517,13.548686820967184,14633.340808689354,0.8352228583267635,9.26519420010893,8485.425834531537,0.46342229328234075,0.2909936572599752,0.7109903235200116,3.1649261070173145,0.49728591130068556,0.7227985169643614,0.39322397634960227,1
Trading,4.144219280471219,30.277767546237357,30762.254834310712,0.621723181573517,7.527177729024463,5551.299711454282,0.6025614992101588,0.6488976654297547,0.6388460605444428,6.188048522485041,0.49903440099411367,0.7429418301345047,0.3098551219196342,0
Craft/Artisan,3.5638037159828064,28.530785609637288,9435.622543844844,0.48761720324889124,6.3785114327108445,7510.036482977357,0.7206791355500729,0.5545448781760696,0.8550741156910937,8.372637777245012,0.6536037553828115,0.32351665451780337,0.4335597295905469,1
Craft/Artisan,9.067334013617838,23.418061042825702,11956.185375585246,0.8174562135598397,6.829917575470607,14623.527169006496,0.9458243388167678,0.6548140635639816,0.9482204033301957,2.926095962850603,0.7205394992599474,0.37316399606165174,0.8661422742876207,0
Trading,7.2975469802107575,11.256321073232872,19461.215098394285,0.9226667134025269,10.27023729083042,20902.513794190018,0.6485186443303652,0.6306444075728816,0.3724882829851172,1.8722211840485596,0.6779566610774028,0.2634178136188587,0.3542287128128458,1
Farming,2.2716980329571936,9.838208745835255,50221.61234379715,0.9430399455260007,0.7626457965619613,7598.324131032484,0.8642500087259345,0.8103044815567705,0.6070181688257542,9.155047875965877,0.4929551244311188,0.6349004892790836,0.06860767215564664,0
Trading,7.160908901521014,15.387169627227255,17530.74864772547,0.9126342578140585,8.18186906950564,20473.130465675,0.4494907094115138,0.6771909107884592,0.7867100264973143,0.21875628405233538,0.7932681110430283,0.9389240612560188,0.04922405994661243,0
Trading,6.223334100067254,18.486120781155286,17173.877165920567,0.3589762615469694,3.7614841401715386,14380.820736823816,0.897119293517509,0.7082500985642366,0.9069811054025508,1.9526604692158986,0.4588542072021851,0.7892639412758525,0.14909698829085807,0
Farming,3.710515267894526,3.852065075527582,27442.495046093372,0.7876705989466142,8.477242566468126,5075.488865474112,0.8939901147103759,0.5794527357065402,0.8545241306718647,1.9389792203397902,0.8156361174452869,0.7016337114813036,0.3190697875783309,0
Trading,6.788659946608999,21.957545068362048,27457.537135467817,0.8617997683698848,4.159198964880611,15096.108242128856,0.7990287289343577,0.9246231514701218,0.7995550237402264,2.888374518754225,0.7073241563205427,0.7253552674572296,0.6035209726024661,0
Craft/Artisan,9.439615252479676,28.299698110787773,17468.904435742297,0.6527959989838376,8.120609884935783,30824.03615188041,0.8533758208039188,0.7125170836303005,0.5524195181664976,8.802280178846418,0.5023713742652858,0.48708707375664984,0.22448803105991824,0
Freelance Services,3.7896542673359406,22.611793118647018,80211.4748856677,0.931604730383807,1.3545439948170044,3552.850070900436,0.7652725167542023,0.5861440342665045,0.5992670175012672,9.708564971631375,0.8264086728476642,0.8555306768935682,0.5558142195044034,0
Craft/Artisan,3.7989237569901997,12.59157757756612,23249.76131140193,0.8229308675567253,0.9222797356222392,54374.13380689613,0.6966405639832535,0.737407219152799,0.7051301237900591,4.581311691642912,0.7074534613134599,0.7524678043430489,0.5201431817737563,1
Trading,3.6518931265889343,11.644772820796074,28637.48320606402,0.6392035790072093,5.660811478789269,8713.573209646147,0.38628677594334887,0.9141779309126163,0.6026655739624032,11.750453760380358,0.7102239361565325,0.4740747361113665,0.1400367731889754,1
Trading,2.199201591387646,20.39881875339263,21569.191461030685,0.9077193528526778,10.306590078773624,4211.718623358099,0.8101797011100609,0.25860477890284944,0.6951443624944037,14.440466045863541,0.8423260627191731,0.3432119098964631,0.13972160518601176,0
Trading,3.761512627140156,16.77357027729456,34268.58619682163,0.7953965499955046,7.60885326351076,14719.030061983556,0.7556035259571015,0.6133139123292359,0.40842795364869383,3.9618398604316227,0.9483528106791839,0.5049112201650252,0.01973715729371823,0
Trading,3.4670959321571826,21.544329394047264,53062.54854072484,0.6379294424441005,7.5873433881647525,23903.039948838057,0.8442355421538037,0.4752852192355479,0.3555233232712712,7.257567192551502,0.3870725506719263,0.8193062813178784,0.5854957241922949,0
Freelance Services,3.3217167562931675,22.813770980845078,67172.21900190806,0.7947017152897892,8.580581440527068,10978.52751219961,0.9184714590214376,0.5658631315405258,0.6058286629830439,2.4777475150715738,0.23794804634303782,0.47089787639701425,0.17739806166807698,1
Farming,3.285214682258837,26.735124231157297,17689.98392777611,0.7613115283549978,4.809070753177624,16615.96880285763,0.9684129841828291,0.5663846807465167,0.8530957617506154,0.6857665359835605,0.6934375316567526,0.6369566794152449,0.19930666905860486,0
Trading,1.5565789438414201,8.943012568563825,49288.070199531845,0.8093855015989173,7.832246581907834,58912.923040705646,0.5724371821036617,0.3083431301601415,0.4801494046844307,4.567118516719344,0.43582098063625835,0.7730642855249714,0.3559681769956927,1
Craft/Artisan,7.77653042501378,19.772951582794494,36400.01445547035,0.915010335893149,4.2609810797012475,15428.28403509556,0.9140308131278522,0.7988620417294111,0.8997249194299249,5.4526894664544345,0.7828672323498551,0.6265526844465205,0.0448741054600032,0
Farming,2.559448295335134,15.092199968309412,45981.53285556247,0.7409594008630972,5.057955237138248,107768.56706777342,0.7140883907596856,0.6265107140654361,0.7822531645856441,6.863755446667247,0.6673089560118901,0.8585689953843582,0.19351097999719521,0
Trading,9.778412959455832,17.21091964851711,25577.450437653195,0.7735026298821511,5.430451480518602,32378.22491361501,0.45513423257820895,0.9712767673591521,0.7840299783781293,4.519738819137311,0.558991724564197,0.7752901106990272,0.19019403126969242,0
Trading,1.8537624543164204,24.915270821349953,24273.18627702894,0.7795426930986399,4.363416871297879,13850.473840719204,0.7620348940684072,0.8043443285738204,0.8579861132532846,1.05344675014998,0.6497162072954685,0.7592916817421803,0.04215081879611888,0
Transportation,11.205981867010046,25.785006984409947,45010.13902961059,0.7184191157267976,5.80184836480605,16384.254773525743,0.7129984124571959,0.8557912795646302,0.8212658329467202,3.3895438808549887,0.47051887657639696,0.847298953833385,0.3245823624271976,0
Craft/Artisan,3.0487472115892924,29.18754920306923,45482.40734132599,0.7716162496079443,5.236325702306822,10682.858328312275,0.7911828371865484,0.7429984123430581,0.9548981031059492,10.310429797172123,0.897990209609286,0.7128137003614434,0.7041610177343549,0
Trading,7.217645211286089,21.40472200294614,63649.47209790374,0.8233330290893381,3.8770050554738145,15910.02303420327,0.4920310851705249,0.875730562194822,0.7281834869147633,1.201065914410461,0.5774171633443904,0.6781331536605297,0.17625605406212078,1
Freelance Services,4.365632952374604,17.119865673953644,30007.455771926412,0.4216718343818193,5.578194870997879,19793.135817024264,0.9120637469731442,0.8044616565882293,0.9741122448939089,4.421587917986138,0.49343587505655156,0.5844193856281319,0.5099620791897067,0
Craft/Artisan,1.3756466596644275,15.976972244396931,25366.811247419453,0.8275006783542863,6.4657982636859765,10067.775308574588,0.6954675162524158,0.6731571662075826,0.8484958077730991,3.095992696067669,0.701987853272673,0.6804547230080286,0.17080461672239458,0
Craft/Artisan,1.4411190492547976,4.12195998084265,6954.057151234477,0.6163867459063128,2.700407131369997,5084.846258471222,0.823729846403989,0.9935971675621234,0.6932907805225916,3.6504718032127585,0.15642154852143408,0.7711688495701439,0.21437032090574823,1
Trading,2.396358475163297,28.717880359188833,11090.084547800207,0.9322039455000646,7.25236923123944,33687.936229510575,0.6835493942625093,0.4789261054906371,0.3868508674955244,9.35818915322564,0.6445352199513028,0.6572808031495153,0.6471556766375929,1
Trading,2.920721903733558,15.42481268971464,21658.6808723994,0.9592567748508353,4.518959643018969,26408.40489152934,0.7744834488842621,0.6661890496105971,0.544003997046439,16.808932822533045,0.37355263765734364,0.2457468418213354,0.12288021646603763,1
Craft/Artisan,3.875986563638891,22.047176480023282,14682.588101400233,0.9109085567033651,6.59461132357245,4954.431746827118,0.6252142360911588,0.5787657717708256,0.7922623680638025,2.700760438260783,0.8414192782157944,0.7338118855872836,0.2400925281109632,0
Trading,5.031902969038741,23.431972205939463,42098.686134982,0.8711247338158611,4.004108279995012,15058.437643601072,0.5533974956596733,0.6994626144802761,0.7620039544742976,1.444523727006875,0.596775470636637,0.7814285624032772,0.7912062652699605,1
Transportation,3.5210619392238245,8.037475927598885,13088.489661198653,0.5265676177766563,9.151486210006038,27417.886337606345,0.3254519492292299,0.7307065465859448,0.615892802218445,2.0614715922921296,0.6136635743027978,0.7214577580937838,0.1602139481871148,1
Craft/Artisan,4.849561998991544,10.613228860322923,20420.255817005334,0.6987756029101779,8.868347131557163,25504.495742113424,0.5347531137044118,0.7767854990390266,0.40325208794000456,1.9548372066830964,0.7652785147132294,0.7927290851478579,0.5054718470844999,0
Trading,5.400700318282323,30.37615925644395,20866.190084824106,0.5813860156319304,2.851833683148735,8219.140090868945,0.5245095418707857,0.6228195161198581,0.5424297638755398,4.6869415952080065,0.7361960977425439,0.7362526640202857,0.5367892287474108,1
Craft/Artisan,3.408050955331167,20.323484125468354,52188.04349788401,0.5371946783341452,7.5749975097043665,26568.50379184756,0.7120776281995842,0.7418423670991146,0.6162835807610183,9.24818485950524,0.6830094887619466,0.7335577329353917,0.4422815962618071,1
Freelance Services,6.156181462074296,13.355314685611873,19253.895599343556,0.9768376141819951,10.338814672637453,13501.662207388094,0.8063277611521107,0.6481695129556457,0.9475360268148055,3.42241293943158,0.6916280095242147,0.7171072210794247,0.37916172740903337,0
Craft/Artisan,7.081407123037784,16.98922391097965,34503.866352420875,0.8390436946171212,3.15546386357582,17537.10154935844,0.5321521963216651,0.874494947254144,0.839350938975245,2.325245674188668,0.5329610001346627,0.9564311967697486,0.5329819587022889,0
Farming,5.494139941000931,26.68989523866271,29960.597183841528,0.5157971252237961,3.3931369219257217,7018.85712191463,0.8115250938653911,0.5657402718094807,0.8442147003124956,9.426614463145107,0.902362031657425,0.4399795326457115,0.040311676495753256,1
Craft/Artisan,5.705529213819077,25.474515837874435,44214.52645927418,0.5406677980540123,8.20517835538292,1000.0,0.4667743493603632,0.6324547961970319,0.620575868107556,1.3893404293948624,0.9680459386521042,0.6499151495170935,0.7138783403664359,1
Farming,4.55760408242227,6.271345902082855,42942.54243377614,0.7855649329409041,2.0784645739232075,7753.270552331014,0.6177327174885707,0.6805370939248688,0.8134826790272212,4.792620954327027,0.837897987359418,0.5423317766583684,0.32601929370496113,0
Craft/Artisan,8.216779112980284,31.074270749375138,26412.903480364115,0.829949122638677,3.667461172523653,19450.031546083057,0.8752564146458859,0.9217034621394194,0.5887668871053947,6.862034337609705,0.6071364493197311,0.369081528263574,0.34403592211965656,0
Craft/Artisan,3.9399024976380677,25.729184247989437,10583.357700569037,0.9360046453244592,2.9560042960364,11570.307483887129,0.5887510730465799,0.7037826713196536,0.5842608784339195,1.7594972750948807,0.3391501206404959,0.5538471797405474,0.2787564303296246,1
Craft/Artisan,2.430376631808984,16.78019800526731,23683.70439457538,0.6458084560633073,8.242452884372431,21060.059739137258,0.5435818560279041,0.9292474465829139,0.837841852077703,4.816565554021541,0.16476650370582185,0.6550131733292345,0.0743909908333228,0
Trading,4.023227753048146,8.466220455306237,26609.521863457507,0.8167821928859729,3.922710723653243,28978.36377181173,0.5724474858315195,0.7917705280711727,0.7431016754530904,9.372164065656852,0.25050646040632985,0.6421653238434315,0.82228160794587,1
Trading,1.3969049542000023,26.432069120487405,31486.214000346787,0.854585824337432,5.146189785519768,10600.278345198054,0.734028178419951,0.7308791766041913,0.6960009730675946,3.2938369931402596,0.7425924400302527,0.5047681729461352,0.05993957451279912,0
Trading,1.251768140679922,21.811420002356957,17932.045993006996,0.5772258931005847,3.7550272838402265,9894.514201361992,0.9768765404098626,0.6502269769916846,0.9012583245653558,6.998809154833171,0.6938247835219695,0.9135352223037475,0.18403868406458113,0
Farming,7.103478894412312,6.337612975377878,50387.359303145655,0.775442129044127,9.4455405021266,2890.5453202372537,0.8220676041412913,0.6338970053165952,0.6875105681212499,0.9827110591730557,0.6061014966449902,0.6797323169971498,0.7134754645909895,0
Farming,9.879310983338163,16.143375397132985,27105.465895011544,0.6900359243956005,3.4218391243978115,4521.632733230826,0.57192115073283,0.742350586441751,0.5891370215276559,2.421661010740407,0.8197656071519527,0.5824640104781811,0.5527272328160907,0
Transportation,3.1199968608383,43.009383542339904,16215.558453598893,0.843499037158108,1.7771998330520784,5229.386775334,0.5943730220837056,0.7010409308278122,0.7028306830170137,1.724799010609538,0.465615519152723,0.41149810772962714,0.15111441780791512,1
Farming,7.147743572541653,18.132014059315374,20909.830551679635,0.9115071775023144,1.6596229179524773,19725.10440623667,0.911691015341572,0.6447828284637318,0.6090495769252986,3.894101027697585,0.5216146787551101,0.6183381971001616,0.07905818309325496,0
Craft/Artisan,0.6919720412349416,12.064235245314745,77706.83194277066,0.5908491486146731,8.080978903754499,10674.66739317458,0.733103043992279,0.8074595193742751,0.45321894620242664,2.268746879570606,0.6967479761291682,0.3159250989297375,0.25500691365467826,0
Freelance Services,5.5057619853511195,9.932026997546876,38770.225272018,0.92943649510258,8.297595379491549,9191.513023489117,0.7399448392585672,0.4297124986197782,0.6616281282609917,13.083289703148747,0.5742932646757453,0.2807255901627006,0.08482406103108757,1
Trading,3.9512009364360368,32.176791867435355,47889.47858723471,0.513384590572636,9.745663672354809,8483.496785961004,0.7789582007521456,0.6581299571367639,0.7752723406076338,5.977548552456499,0.7794386749966183,0.9186697892335896,0.044396948571933596,0
Craft/Artisan,10.908251511901799,24.782075916621505,15170.790291343865,0.9575815215367193,2.2170800501632297,7744.307252269735,0.7831691595476176,0.8667189641110596,0.6251624785100246,1.6570628417618316,0.4354098729174708,0.7254007926487722,0.43054156705335034,1
Transportation,3.5665537278471002,29.259512911337822,18419.104063588216,0.6549398406424832,5.306363567726402,25499.7180725429,0.9789576303916288,0.6725928112501947,0.4276616528332583,3.074347895840347,0.8058381460945099,0.6041485158171773,1.3749257335525353,0
Farming,1.7414962292582403,19.98548227273726,18494.297711923486,0.6732314565356003,13.281898222918459,14261.838574513675,0.4906001476499831,0.9265221948259229,0.5948913809542904,3.1387425294647615,0.7227047241114095,0.5538157281172709,0.1271893269488654,0
Trading,1.0994880865057437,28.032153882662293,29774.76660809564,0.7126749647562939,5.09305015503304,26740.34948734223,0.5616620783928464,0.6310107160786783,0.651806178926251,9.478568080736759,0.8097697516176631,0.22768803032959514,0.6606329357151205,1
Craft/Artisan,4.0210240435896445,11.213436883616716,24447.88511757024,0.8999681811176429,4.309774101188285,2877.363402721394,0.7046144698000693,0.870601219487169,0.7978693240144719,6.486928985176904,0.715398102643191,0.6268034748804738,0.41963684260533035,0
Freelance Services,4.551335322090934,19.300727847320466,20553.326366506888,0.850812998726943,5.936970838568798,19397.770976925836,0.6438006918950151,0.6399428655967804,0.5585572399710299,4.596238293501781,0.6925433545482229,0.3563240926337772,0.3578343655863289,1
Craft/Artisan,3.4108227258573356,20.29642811978189,22021.218044585396,0.6085769884488536,7.589852320646763,9521.855151349688,0.7951853845224175,0.7592462042036119,0.7973016315110045,6.660180647393027,0.4787143467794051,0.8017628293320911,0.32151012958788977,1
Freelance Services,7.2517626873849155,29.059575455001767,17383.567585200377,0.7101062037883092,7.5396996630081325,10970.542182919371,0.6495358829502688,0.7089879955779477,0.8110377740593834,10.35016907702384,0.8330056085522115,0.6717367323592509,0.0268378612012622,0
Freelance Services,9.209138573206152,20.55074432112364,24369.518589660765,0.8505161136603333,4.156706332884367,34440.150955846315,0.8893659975281905,0.5741507521460627,0.5105845302999615,18.81482221504602,0.7519142386368038,0.6066774613678088,0.3502264408764124,0
Farming,3.0948234178976395,12.995906066110281,49625.92070707479,0.8200883673704543,4.244894131947435,10169.060551850054,0.7838429407718006,0.6587982192048314,0.5649676221836217,14.792464360977025,0.49384509442749447,0.518699351733758,0.19399774614384527,1
Transportation,0.8260120785935505,18.512590711362993,11705.023137561166,0.7668028821404491,5.1106198254958555,18851.11870440952,0.7006115279950341,0.6515988084952701,0.9206361984748124,5.149791568556579,0.6084528220337203,0.9006007436991945,0.14510747013193145,0
Farming,4.8687768882087195,4.588694380318074,32551.010395761274,0.67114092249745,3.8097400686875185,6551.427188876762,0.8273880475725103,0.5666792128910951,0.8656018858446661,3.6010605222651737,0.6757607672060945,0.6624567551334636,0.853397371690545,1
Freelance Services,8.322522572470024,1.0,57471.87531589104,0.46794457187283073,2.2957107710248783,13701.726275034966,0.9238966098818754,0.3315746987325986,0.8843621126029114,5.965196731226358,0.5165174709155245,0.4310319342068961,0.4307574093941279,1
Trading,3.105049738957969,24.650730960866298,24324.68836796856,0.7344741006016838,11.42385455590043,4385.799788810639,0.5036279369947974,0.5681163131044143,0.8625791020294138,8.31277366613157,0.6541239898248221,0.60895047975657,0.11667907456411496,1
Farming,5.704868323902553,15.002048909549249,20112.930264659866,0.4791927918398081,4.779226157322915,12834.373552293771,0.742857089241444,0.8451907871118921,0.7706247520113301,2.7423024843767703,0.7448795580989833,0.4617210956528558,0.3845640003146344,0
Craft/Artisan,1.6362082272204017,15.908661608157859,44726.762597600085,0.8381785198465975,4.949270481370032,17497.02205551824,0.8405971776034027,0.6037182520193161,0.643243865781756,5.415001995697558,0.5274022738022545,0.3903274961617404,0.2288757509213965,1
Trading,4.788598100824667,24.64757343493292,15657.07182525269,0.5915627864106108,5.042740188652134,28982.92444529976,0.5908493275415471,0.8893959671883219,0.8426306737498803,6.115237131137963,0.70630099515714,0.8072037323440803,0.1509203433794112,0
Craft/Artisan,5.774661029421617,29.17608308035679,26569.511642038364,0.8848587076970507,5.758469998972124,7536.207113619838,0.8894028333705616,0.6259765677284724,0.7105262169661606,13.331754024685043,0.37537545087133023,0.6212352614674188,0.16888947228907525,0
Farming,4.880770196352389,22.275903638620665,15185.339651370516,0.491529540797419,7.304279308581842,9225.48607703948,0.4919064021862602,0.6923663711609774,0.8938769291929318,2.2755202986144507,0.6078797139980151,0.6876746686869684,0.41854353345003514,0
Freelance Services,12.729605424770062,33.4245826417425,9618.50827326409,0.9465513222760019,4.604424589024806,8511.001469115974,0.949812751681849,0.5212688028577716,0.8307269952323624,1.0125271528936008,0.5350913593499549,0.2935854448345846,0.6831700769922393,0
Freelance Services,9.803560146465703,22.02151307245822,24745.740554124015,0.908223851571088,9.418060588144513,11183.47865427208,0.7920100067698451,0.6210918970981489,0.6477721738497529,0.9376931483455964,0.524198547885568,0.24463772525419594,0.250552603964393,1
Trading,6.401517301606765,20.41770770863996,13428.47478357565,0.7551477791423358,7.793447637719459,6803.997798070629,0.8356382439943442,0.8349925999779092,0.6396166825352889,9.522191137221572,0.63767583597804,0.40163201719825764,0.4650881716338454,0
Craft/Artisan,7.825756320315665,19.92311058003679,26731.05341092362,0.4348148545463362,5.427304168127346,2951.1409408091818,0.847479484676934,0.5927845861184233,0.49193228751859175,11.60116011051213,0.7344638656925571,0.6928644592907754,0.29737797388371806,1
Farming,4.765851763817509,7.716035502931069,49675.45830313612,0.7989543593255611,4.00129612951071,6438.82543634048,0.5107378385977528,0.9465456267729563,0.8098646817997942,3.4024722186168335,0.5850420767352739,0.8959033931405431,0.1775403990820819,0
Transportation,3.8289736368722824,25.647988845120977,74595.87380026896,0.5499417205105894,9.254779607981648,12909.601154465681,0.9104520832901901,0.5946216226781175,0.7290657918721167,8.317867287929431,0.8069744112180226,0.6773131247038366,0.09993090182461858,0
Transportation,2.8644470720141713,1.0,28323.329448485005,0.785348009438168,5.513873436775931,12044.091397680008,0.81588143293176,0.9196856429799561,0.3854181908776497,10.648462896993221,0.6484889109057048,0.5166093415602585,0.1970238587151149,1
Craft/Artisan,1.6066585194447967,13.309977141793773,47125.461018414106,0.6308270504094169,2.27174624893797,19662.795894749575,0.4762188532451918,0.5367894139208835,0.5999806098237109,6.267561537355702,0.8049291537452407,0.705101507096735,0.215132872704795,1
Trading,10.091795360874293,18.1834428045409,33504.313059099026,0.8349087507707456,9.063193569883744,24089.60739403685,0.7204563686891523,0.7134019393617851,0.6252041662552044,16.784081727138346,0.5914275717511667,0.3168516945466074,0.05106743490218172,0
Trading,13.041455290961126,11.681901412693097,21791.766901363953,0.5990527263343867,3.82101465476036,9752.838031748706,0.8028560872641645,0.6267564184357541,0.8937304559631954,4.219682109812197,0.47529691464695883,0.874489038376365,0.6577033455439741,1
Transportation,4.089139557308781,14.385952615417429,9333.571381624255,0.44608670777179665,8.605502327499824,4402.740569175701,0.7347593749951481,0.8661262211398432,0.7568243549544104,8.054544322350111,0.7019870168121849,0.8250289845770479,0.6717261404187783,0
Transportation,4.138756366488988,32.71500452981783,65812.87585750023,0.5872015361060391,0.0,17716.532415069403,0.7548216423238814,0.5987900536245305,0.9605123127543239,0.13567141175519798,0.41305007618095474,0.5808650348752683,0.33741525650373666,1
Farming,5.935183468393844,26.83219108625343,15108.213206552724,0.6843234896980993,4.894012466277701,13268.308295851195,0.7445159467332052,0.8254831529529423,0.5697902159859843,14.185516041755907,0.8467426409439613,0.573903558280922,0.7803470074689843,1
Trading,3.578262078223079,12.513378553546087,57556.59486715297,0.6967604034165161,9.47990580220814,11148.831769259887,0.6151027647918277,0.57394902756779,0.266811424281266,5.589262574948638,0.8336542039731976,0.3814926360166984,0.12195656746738298,1
Farming,1.7832862870697013,14.24346791222099,36143.20330055665,0.7406577709080736,6.015392190288751,31391.6599724781,0.8523243160409054,0.6764663369633376,0.49853734940838307,6.085236918406245,0.6148775086696732,0.3541467492044814,0.0897753655847769,0
Craft/Artisan,1.360530418276432,7.783968411585249,15727.923337621161,0.8806002559661976,7.794405862920346,18313.31329711195,0.8481323520427765,0.7680077569945659,0.7906420877189737,8.220805591621925,0.6894648053121734,0.6983474634500523,0.4392096182469013,0
Trading,12.754709704600987,23.639950288049096,31939.510594521096,0.7478748389421375,3.294207789848187,14559.94481567019,0.48307659329493746,0.6671509112037647,0.6572819850063035,10.10700240743235,0.5203802618714762,0.8319036165885559,0.16032025529192162,0
Farming,0.945949914501853,16.002060396716193,86951.09244009812,0.7789437841592147,7.043115680437552,14983.710648852677,0.7372610744015877,0.7337014130646646,0.8617782955430556,4.664046292211436,0.8523546024327323,0.6556807095424418,0.9243841544187217,0
Freelance Services,5.007428387317525,2.2682682328436172,62605.531729813774,0.801056642427531,6.011256800971821,24216.616450381865,0.5002363793368341,0.24964305071532727,0.8120077024825787,9.541664679578023,0.5147882035753902,0.801010382273032,0.2939726281041037,1
Trading,1.0664053390133768,18.806268734480465,20292.523955122095,0.7067801095589749,6.73000219520604,8244.59363365651,0.8087497755260313,0.47631412783677507,0.8478162085442993,3.9822950612321284,0.6312006833826278,0.2661085277203733,0.5882573396014183,0
Craft/Artisan,3.70602880267738,21.511831068814605,18186.05886295,0.5141618872768282,12.117839712470056,7214.487420791491,0.7560206657601638,0.6805128318057114,0.711984423444891,11.971363172375042,0.8057627259300335,0.6541532729802025,0.1640608359646666,0
Trading,3.0832502547121345,25.70512778540042,28427.561262038085,0.3903863286534604,9.91376891026793,11340.157897296485,0.5442798229882726,0.7784714392935647,0.8460678640020108,8.520291610878667,0.41309317440610643,0.7095702171686007,0.1626691520212571,1
Craft/Artisan,1.2310362521110834,17.413161643385802,24562.28582710902,0.7187979473525249,8.375980035390825,5857.305260214176,0.4007506787047095,0.4455745105705145,0.7350658749284744,2.004646578818362,0.8044693697191885,0.6933446391420041,0.4838425149016938,0
Craft/Artisan,6.072863262345333,15.018630697708947,52044.56043779765,0.6487837914177131,8.413857422715004,12941.65847634557,0.6915852817421579,0.34983483587534697,0.29940116870762473,1.9239302509259129,0.45054588612113045,0.548169991572721,0.21736567363238038,1
Freelance Services,1.6807279121502576,33.890117443916225,40407.634749055636,0.8446629665025039,3.2725324140896292,14297.870260514885,0.6939868683296204,0.7603365820853952,0.7415842228352362,9.992985735662552,0.478819041437734,0.8391363365909896,0.23977905111016623,0
Trading,1.0876726454133092,18.052689248796415,10606.975388117427,0.6386637473806286,4.586312740826395,12731.554037571332,0.7129398863611333,0.6300896444052863,0.5258840267120931,0.7108976173524165,0.7905806946724568,0.5246923244995593,0.13356005288967968,0
Farming,6.518984157833359,23.75649465278348,34622.927651669095,0.8849998904706224,1.4022547850740121,10373.477850653137,0.6506425191276543,0.513123693484037,0.691191108313865,4.012031081338638,0.4021115934077703,0.6159768104344856,0.518241946752052,1
Craft/Artisan,3.0933491304551906,13.683682852989932,24379.550643870894,0.7085249530542083,2.1912439128565855,42493.53787058189,0.7049768097409997,0.36927973840158046,0.6459407739543792,8.951983590455194,0.9066569978616164,0.7592312457560407,0.46798304294038684,1
Trading,2.2271498948665176,23.519277213086664,27457.907503980594,0.9678054466601895,3.340398526026494,25808.593535979697,0.6961339764466238,0.6752736725612071,0.6525975637812166,2.9963957762441398,0.4194147599904203,0.674338424954655,0.14758142300989618,0
Trading,6.7832021496712676,6.3549680607672165,30850.821500465783,0.4151347142224098,5.912626252200425,12481.491095141122,0.4962877044735864,0.7134471450985136,0.6869326221085856,5.58491844306553,0.5438895812110214,0.1781765542597251,0.19872902020454775,1
Trading,1.6096614535712401,14.303459634250931,52015.704048446714,0.7142421342663211,2.3249739080616085,14258.657683421963,0.8800112078968525,0.6063392634738454,0.6107764394790098,2.8849003889684686,0.9453371968244628,0.7429369466880489,0.20189626078959283,0
Freelance Services,0.84851131331833,8.333806084591568,46063.95933003656,0.6606198428780758,5.882489440238945,35011.82325757276,0.8623325329537052,0.8456706995604923,0.6902499584805468,1.8633757312536627,0.8842269570480524,0.8738700566341461,0.17424966556514523,0
Transportation,8.820653840110365,13.16021342504426,17812.24627362768,0.767482871505316,5.5379114756207155,8873.387929003587,0.6081617155153394,0.8181063629644574,0.9075877488548497,11.366846895567466,0.8954757896870147,0.5085672114194187,0.42777497615053484,0
Transportation,11.64948786562264,28.003760321848567,26049.749155055575,0.6898933009211432,2.597313638606706,6795.9441393710185,0.8341756960922408,0.6426361015815757,0.7442821865759728,2.271173449613423,0.7628105056694955,0.4759982019548887,0.37196976914692276,0
Craft/Artisan,3.635881271742125,13.101392885570418,21021.757124676922,0.9620069271622516,10.57676059359133,15659.422212551557,0.6413573602714775,0.45598658633659883,0.5152345690651622,2.6610667609172074,0.6360603920037406,0.789987469005255,0.1488839355457158,1
Farming,0.2,23.746049003792674,10667.795515596501,0.8192746341666244,2.0264228950735603,17849.55735618064,0.7304056990851446,0.4742596360336132,0.38385092226103795,3.7998886633559534,0.8272221628264497,0.3487634935253134,0.9291401178087629,1
Farming,3.6010701757177777,30.13812145645632,25332.570563699202,0.7896091288018089,9.351974441296655,18806.42597577408,0.6389192474353051,0.9333715816457285,0.7525690482675514,3.96231367896347,0.6045679954910641,0.6003674784719775,0.3735274438944704,0
Farming,7.038415788849847,17.77938149117345,74207.08688376527,0.5355959511406244,0.0,23847.725898023196,0.6313440524035497,0.6405702120851314,0.7472040507265133,4.317710253420497,0.426106285421353,0.3319212359117839,0.21054511287560465,1
Transportation,8.26001434759151,25.95013684045024,10492.081758713117,0.4428365188988257,5.573300359279782,7999.992277270598,0.6354804243390882,0.8723188489231173,0.6249320694034664,10.943112950061984,0.8261511999936156,0.7075592792999112,0.17036605990922946,0
Trading,1.76714015328799,22.2486876651094,26549.495204787014,0.8167903707394735,2.4071255008771346,4984.484277253938,0.9371032563851459,0.5830915578613993,0.3124098596324915,5.833290959659077,0.6449603867558686,0.8609287617077064,0.18160050037050543,0
Freelance Services,3.2062202451456345,18.93149544466826,26085.21662556057,0.9667820832636657,4.036635847215024,8873.307122371816,0.36976962081793296,0.7004083396195468,0.4936146839193023,3.2383714500361154,0.6658480519983185,0.5515851393968915,0.0619759580845108,1
Craft/Artisan,4.7435814680905946,24.002524714535436,31516.122191071656,0.8256863826307831,11.430463366609725,20076.1713111553,0.7996857927155585,0.6446198452636855,0.4801084661416971,4.268127500550811,0.848744018204687,0.7117929825808584,0.08815273882160293,0
Farming,6.774755727881299,32.71950471993483,15843.288853132755,0.7840918521708682,4.9590971638099415,7007.051819065348,0.7748374425691054,0.7484545224633484,0.9067147462630037,7.279694250271653,0.6431430368910821,0.7205451599294299,0.2558683651288663,0
Transportation,6.309995075789528,12.90184869993158,12285.674343444012,0.6505408525462572,2.686353608794227,3450.6416128024985,0.9608376194180508,0.8825374383013884,0.6799263186555351,0.45889668835347325,0.5817634504674221,0.46815753354042305,0.3060796831928306,0
Trading,5.655793094281227,10.326392798591401,12604.022509324583,0.7237829885122411,7.462907602089768,14779.385445629634,0.7945035547880533,0.7763280739017885,0.632210123324336,3.8772442767899893,0.5170201303277403,0.8361388276077275,0.3155716954087396,0
Freelance Services,8.246258180121712,9.856683634757253,55938.80291506537,0.7259027109367474,4.93275925189851,8982.569105459152,0.48786447986442744,0.6498607139450898,0.5399044113492462,12.58937133096886,0.8175768608899698,0.49173454402277,0.1464256911415666,0
Freelance Services,3.824918990574859,25.955423757892436,15670.30366796913,0.7214988105502266,6.452139502574462,3987.969273886216,0.8467563037876329,0.9316506687702368,0.8553498008609273,4.796856846807515,0.7829439503124952,0.676425000491422,0.15698266299163802,1
Freelance Services,10.15035836758363,27.03494098502682,20439.831376277998,0.7368285632272168,3.2566363309847826,14074.443779682475,0.4136273080400291,0.8048957990358147,0.5636454518938622,5.283995887688272,0.6294606855592287,0.6741783992900845,0.5829113244311844,1
Farming,2.626075443436063,13.70370453332852,85609.1911177881,0.6915771743569646,3.4043507038118417,10194.555703099802,0.9669304216606349,0.6731315951833818,0.6560569038722182,4.207897755705039,0.5294849872428494,0.6908412653297898,0.2046604354180158,0
Trading,6.375408207560894,1.0,17964.61715601242,0.5795640093112093,3.6369575945609496,43182.3836433533,0.9344369663215284,0.8912944294718075,0.6191263794158626,11.050809154810402,0.5716194570258997,0.6782395475371049,0.37087228771263203,0
Trading,2.92106973182918,12.601946080615313,32478.0507582162,0.4633375591586629,8.395299427385229,14216.955376227237,0.8050778205790938,0.9373309439753656,0.5560248613328194,13.611628180169697,0.7817725019480464,0.7857111043811275,0.3689644873461756,0
Trading,3.674328144922929,22.38283342245597,48295.63303234057,0.6974601671124742,5.319510742902893,20135.893150870234,0.5858288861889963,0.5313663592536072,0.664949438542713,0.20278006106089386,0.6171921209717397,0.39970327488537855,0.1398180284649513,0
Trading,4.0971618860509516,17.466214888137337,47034.94442500692,0.7038666088097404,2.855219269327449,13199.56491409482,0.56567761555244,0.8823493611490484,0.538232812314812,15.92365755448174,0.5257027141737795,0.7152555857246712,0.7705533321185472,1
Trading,2.798638237909217,19.442781974042937,12934.235680573034,0.6845571588191532,6.485458405807852,8793.155952099152,0.6099290723762156,0.33622574879460576,0.9668798499568516,1.4509006863989828,0.6759506274873374,0.49418434836603076,1.8564967641128483,1
Freelance Services,8.478557093911304,13.813244653795216,18172.34394260692,0.9175887901939758,6.2384385620060705,9496.423342986156,0.9352120518735186,0.7121773831049979,0.6840062958680829,9.079545087362865,0.8094241852307953,0.7069716293589842,0.5520865114981867,0
Trading,3.028211523447911,26.112712997678116,31770.713551888737,0.8908809899789246,7.72080839412398,28471.848472613463,0.7151572359823322,0.7230381831694941,0.7660409964684116,9.176495258779482,0.6754352708027217,0.6985889809785287,0.4078200602209221,0
Trading,3.9504421038229918,20.745534414037092,77727.12710072206,0.8518381806163197,4.554596300620127,22549.141315767363,0.8127739557834435,0.8899221144822063,0.5365006922223566,1.7833608001128731,0.8261422221181115,0.7586154783482499,0.5578257713423485,0
Craft/Artisan,5.889796293046487,22.691707778910416,17697.331380775286,0.7184524407251714,5.767285467479728,4712.433580791586,0.3155378232789583,0.4641298465951744,0.8060113567652141,3.969076168095243,0.6611084305286377,0.5941615962987762,0.5957420141273333,1
Transportation,16.250418873989176,19.27252546421345,20506.82135370184,0.8355188888889359,7.265035902370085,5574.599009970783,0.8147639711942948,0.6511368482791539,0.7709953483120779,5.842866380210589,0.7778777698142074,0.767804180983982,0.3489179673563823,0
Craft/Artisan,6.033221068423466,22.19494530888675,33886.29491292033,0.7323507676374189,2.9719409255231506,5795.557038948888,0.9103354899559627,0.9092184907840958,0.9490217332953698,16.423549954959075,0.3385720607089748,0.7797181103855525,0.46402624396796976,0
Transportation,4.198815621422211,21.668573505447693,37828.271488982115,0.8575906471622162,8.658668586182596,28059.143266489566,0.8361336112765092,0.6794131610891047,0.6684290595704682,5.616493171480569,0.5796266225486713,0.5668578708831801,0.3357050633123308,0
Freelance Services,0.7124503671999788,10.575402974913745,39110.24383662885,0.8496415263635905,6.049330884615704,3976.0264794170944,0.5204530332022195,0.39240030899586376,0.7045639318694377,6.287300996948291,0.5762848806046991,0.8782077855164098,0.3490489866791016,1
Transportation,3.6044576691366985,20.984504763001024,16890.46050434162,0.6952508628614241,2.696961560712456,23168.32994338407,0.891830724132217,0.7645492840065988,0.9043052224793843,10.455892880040697,0.5214696655022384,0.6480488339566468,0.7929785247060767,1
Farming,2.4347433848035465,24.332065375572157,20077.87064658866,0.6124479714915696,2.6747330824845985,17656.339188902595,0.5364722615713172,0.8837722052674672,0.673328500344493,2.879643546651552,0.7961970195135184,0.6659318705165977,0.4277004557265371,1
Transportation,3.175072951019428,27.241131729558752,30288.569009099425,0.730984316196491,5.701804302186639,14805.724280958011,0.6407354243559404,0.7343480282082606,0.7961011596683609,2.5729399164353532,0.689258211097941,0.6847350790574733,0.4774464640214188,0
Farming,2.875734870247362,21.3288571862697,53866.886741781724,0.8028616287082652,4.3493225687878265,9594.104832193736,0.6040495475292369,0.7622178776303701,0.705264984990443,8.115597889046004,0.6215357570544654,0.2128625405551687,0.39115499283733984,1
Farming,5.850689173505859,10.277995850147711,23596.029960140982,0.8584551995768496,8.263819865877242,30700.427591461135,0.7108105183407728,0.7761818362271407,0.8508387137918376,6.693423052768564,0.5546063862169182,0.6347837488231654,0.38726175959706893,0
Farming,3.549668590468329,11.509461363407976,26575.2060033886,0.63282274960303,5.139744262458385,14464.13897568843,0.5721876478939322,0.7326009775047352,0.7092255647228916,3.873629018558898,0.5296869583931376,0.37318281284339383,1.2773825958002973,1
Trading,2.0034949058776084,14.518815349976553,15302.008290343183,0.5848900320337886,6.909139691646333,4861.264325762309,0.6866972220290299,0.7782837359995041,0.8642509218889167,10.206328991514585,0.7294696389118339,0.697102085768049,0.54152747179322,1
Craft/Artisan,7.231329646450618,19.5157112650922,74964.86061108785,0.7519229184331494,3.454136650756489,5722.003011216358,0.7608478846637545,0.8617244031434902,0.8806231011917565,13.862731279552605,0.730168700713187,0.6929120358935901,0.6203180024753912,0
Trading,1.4698364971319504,17.022111189539256,29285.407134732883,0.9104856483824297,5.931012071684828,4224.55648021901,0.5595333092372468,0.6026574026447101,0.28584689809607905,10.068127814336439,0.5031239099666263,0.7627392975240518,0.38512719573664944,1
Trading,4.065170671095354,9.01014347495269,48667.4218202391,0.7547692167545453,9.946607836780753,30953.270398002278,0.8678108050521173,0.7493832024941313,0.9260296814336446,3.6732384866188754,0.5795451541025635,0.43108501587444104,0.4560891406684534,0
Trading,3.6230962633857837,8.96223972547959,27349.224818641593,0.4607180632236713,5.5556151237537295,36205.942447225825,0.7442957736523615,0.9440625509137642,0.8085870548042674,5.336117751187382,0.47244655134870134,0.5338210214156873,0.7024707898164119,1
Craft/Artisan,5.107046481586631,1.2118258007465315,28194.913995304098,0.9120184697676745,4.341107508215495,28578.031132410455,0.5907745775909475,0.9423346279402758,0.6514655321058824,2.948488213040184,0.6840125561112231,0.6562045456526788,0.6356081428605346,1
Farming,8.301706045864993,1.0,11787.914727964953,0.6833140124386674,3.4085851499442565,12086.044776829722,0.7787581142075501,0.816075828984441,0.7781455804284466,12.687080866464303,0.7539254147757712,0.6548659157629595,0.19259138039781923,0
Transportation,17.801886168293912,16.945745416360598,8242.681309985099,0.9845679142454619,5.943688410353437,4922.318283759956,0.8240059916837214,0.2993741742928837,0.6255040181717372,5.185149017149941,0.6037576189761521,0.6854330522141986,0.23481130394827518,1
Craft/Artisan,4.19688900191317,36.56184300114285,53559.4679753444,0.7040446830259883,10.2279443044236,6388.099474046172,0.7601251100432427,0.8179743925263332,0.8633826982289838,1.098602433729631,0.699985145780514,0.8838727369628374,0.08325679240932586,0
Trading,2.404222985099035,32.374236190331416,28083.346203867055,0.4844552143296405,1.909216711232947,6686.118288415212,0.8474886006797037,0.7519356050708894,0.7618732933257818,7.921930872479338,0.8006108160083197,0.7029507091082029,0.2020610855119189,0
Craft/Artisan,2.228371551896323,10.174148703016229,30137.799723545344,0.8433975943126134,5.850246941087857,12939.176035315706,0.7942450347223072,0.5734126737053014,0.5809174499856818,5.380655614163892,0.5625972406740369,0.5600637114815813,0.07846593310557258,1
Trading,2.220281387628815,19.199226379124884,13534.813681739375,0.5388423438262675,0.8583842832065915,35284.88316117729,0.9689326573200294,0.6152688898028986,0.8667776221768144,4.752927631886985,0.41322012763801963,0.7087330991819578,0.12538935698921577,0
Trading,4.980963342259034,6.283363919598674,16371.78494866344,0.6459889620574131,4.768733368975731,35188.07703465359,0.8233364491257644,0.747568390579518,0.7467014065840893,1.175572465579415,0.7095671047784625,0.8118915122205314,0.40833659209871837,0
Transportation,0.5549678730844574,7.503123753135032,48255.54877263674,0.6747575660723529,6.788308091888171,9491.620943652568,0.451250187879077,0.6227031526029041,0.8835222643056971,2.8695032988893816,0.47685634027096613,0.866043624642153,0.2018395722777425,0
Freelance Services,1.394014548804191,8.420219218956962,70058.02273932651,0.614737995773203,1.2588747597211531,2791.708593500813,0.7743082041411614,0.5860017322721429,0.7124404869992893,5.7175921444058,0.9122495264603553,0.7174330344419774,0.39358450594008393,1
Trading,4.984110168542607,16.196010524465336,19116.350451622595,0.693342655012346,4.665571359601693,5902.3543265445705,0.5790527215940189,0.6146773902734349,0.6307975847513381,8.96785736434736,0.60762578787524,0.8755300063643353,0.2122474947669638,0
Transportation,7.466320059077582,16.54032311830419,38922.034491079095,0.8632921018205103,6.871558379800324,30700.082792606743,0.6948776543342693,0.846234568992706,0.6000258999601769,7.049646462865152,0.8830371866544345,0.5613457623233924,0.6522912697306217,0
Trading,7.495086531324932,20.02161576645487,29867.12669691796,0.7180342501194203,6.393414274024301,15711.372605898468,0.7629079988964195,0.8282812872143198,0.7935421893757366,2.4960776364023562,0.8317299514059314,0.4270409986326946,0.08131548696180341,0
Transportation,4.33609636077336,23.305731117634263,25177.577180106746,0.8922467049033698,7.016874801663224,10415.4717863069,0.7116919955566474,0.6013436771032886,0.7459631409367179,3.3345305714048767,0.4977383507107549,0.6642869610899178,0.2833278319672017,0
Transportation,6.851331033851307,15.304952612838733,74501.71774621934,0.416482071946045,3.0762100900007656,9919.363889249784,0.538200472499668,0.461422886412424,0.4771438835198831,2.252997715581325,0.513190333073959,0.6530556461147032,0.20694326987227196,0
Transportation,8.394983305467806,18.289615765301026,20967.713782132687,0.8671302976210934,6.870323111304893,7898.311795277047,0.6496776792456396,0.28224189201067823,0.5765160052885698,4.1714126671634,0.6799881471536131,0.4518330596823391,0.08838614835903853,1
Transportation,2.99455410888644,9.249499946478325,53230.773128398,0.5913904736878519,4.199975320378478,5752.320715550191,0.7943182563277814,0.6915302368899154,0.5623976876993854,8.734268831015237,0.6392957707694648,0.7889561359703148,0.08749352558127783,1
Trading,7.851883021705861,7.24402380594255,33182.66315453175,0.46050923773880087,8.1420880459645,56979.36078614581,0.9742984044427477,0.6689064191706388,0.7013896112115419,3.4630381169106355,0.8222156723830212,0.5452265566798143,0.33608801063577975,0
Transportation,1.0073547300740782,6.008221231613522,26654.436077924838,0.7460773346111315,0.0,44486.37627551293,0.6901544808418917,0.5279664179385067,0.6132466814714291,4.051988063584266,0.3356049992620092,0.45381027978561733,0.31369829119888143,1
Transportation,1.3600352816718668,23.19398240902582,57217.17789703291,0.7298581147180355,5.1311718648236155,7515.280349528801,0.7539786523287925,0.899593048356099,0.8574292408891507,4.893208228445722,0.7850979666159655,0.7475373514962137,0.0910928446237412,0
Transportation,3.1290388911105693,15.296737215294053,31557.73404724491,0.6431448060962116,6.296631284497382,3913.900894423085,0.36522867418539917,0.7773890847076664,0.5590050645431384,1.4327146434626168,0.6134181800738419,0.5565747715402519,0.013459240633888056,1
Trading,0.8888330504497282,3.031037897404776,25513.54734610894,0.26166762161969326,10.04829615168979,15037.657611652741,0.4923777314332655,0.9166630949822058,0.676566355269681,5.909973677746105,0.8941312041112138,0.680513139652601,0.4692437961784876,0
Farming,5.914541841303203,17.49528837853112,57451.316301621155,0.9817433977357167,6.260391116178766,12049.426107270025,0.7512766134638692,0.6444172954685491,0.5494680611213336,5.460080546709412,0.909961452563871,0.7170606398663849,0.2766903805653919,0
Farming,2.6697482113665743,8.009429345711332,53481.66904906512,0.5973110492492133,6.564857255040144,20737.514168376074,0.614259383626681,0.5928423862294153,0.6908762622525858,5.610486815412354,0.3729061597306561,0.3313456505025876,0.6081233609881425,1
Trading,3.6508061714460753,31.283030551783774,52108.31576591017,0.7679643147222331,7.1264706854486,24299.834708862876,0.6523171380515165,0.8444993981911243,0.7146734815133966,2.248970581108245,0.6209763890402213,0.46292266819861877,0.20636280297911835,1
Trading,3.748494274725836,13.36942622730539,5000.0,0.7878991894756747,9.759261601645992,5889.827904401956,0.5137140342689603,0.6977518170395696,0.6605647956593446,15.606233024405755,0.897795482317136,0.5474209388719509,0.7171666788148383,1
Farming,3.071019445894817,23.45204788655297,34272.45139635391,0.5874091246551932,4.85431676347161,32733.44412261817,0.5902526918619617,0.7976656527045134,0.7014187662009506,16.264538562623276,0.40872532154163776,0.6931769972509557,0.16642538262499132,0
Craft/Artisan,2.2091363880729142,26.7117042190799,30232.248240782807,0.7075695747180554,1.7906970168669876,10433.599013955361,0.7260647632621761,0.5957450967119008,0.3602240844643381,3.9985062032302077,0.6455214742077716,0.5896389968617645,0.09496983764194085,1
Trading,5.7262491945197755,10.360572379543669,26392.23745898599,0.8956043223895762,1.216358171626581,20445.884659676056,0.827079014878909,0.8052276433005352,0.8352401821965775,0.7463366484115546,0.8253222619486628,0.3073600483718794,0.4691936975229463,0
Craft/Artisan,2.626846744223191,18.60837694043766,37623.29926178638,0.7208591722141107,7.992585780630307,11125.267200753895,0.6314818381531997,0.64872456513271,0.9629416060751665,0.203894060118447,0.7529991340931291,0.8476868113348994,0.06705872000703028,0
Transportation,3.7130502097508145,22.42774321110517,31048.515613100302,0.9776754873137063,6.669620982736889,25482.39548854912,0.6336882231382905,0.6570706217486807,0.7795685087729569,1.9826048334777604,0.7065450328986669,0.695424495715791,0.635917155244646,0
Craft/Artisan,5.141890981161159,18.924369379280854,39057.65159197744,0.6355499371559022,5.230972592679116,2556.4981587536645,0.8407488229924004,0.855297604834985,0.43425438356141755,2.112099697547936,0.5153992606312964,0.9162681860069157,0.2811407441861895,0
Farming,8.350334512184363,20.888806074478545,23216.557901363296,0.7852875233105705,4.241716615255044,22400.384667059017,0.5863186748342492,0.9031769427908108,0.9620557124111206,4.31793408988921,0.4387381156356496,0.7278743199364791,0.6641989277310529,0
Farming,7.93011592719279,7.362964851526771,61328.46357867727,0.6645161355771811,6.542498115112853,7462.579039236954,0.5445587322264491,0.8461538710390067,0.6296131584266844,2.8572900712812963,0.8434296156192137,0.9659511428783973,0.7675901747995684,0
Transportation,2.8076866286094453,22.432289757716195,41291.80385890612,0.838359223206885,6.629169680203215,14064.722762332845,0.47591552512805535,0.5856683189082567,0.9687599904233251,3.3891307071961387,0.6197052320722896,0.9000810663096515,0.27366493175115486,0
Freelance Services,2.118900742361768,14.110686446618327,36257.068152134336,0.5665222355588808,7.439489424150423,31929.70578035856,0.6729405959861543,0.7301687397776289,0.7965167939190437,10.225206781724898,0.632944820280702,0.7070675084445966,0.329215831107631,1
Farming,9.451458227166375,20.795609786273126,35296.45731507638,0.9796466101647255,2.673999208694924,7614.388932769499,0.842180272533664,0.9449811912675468,0.560865394619822,3.1549050673128667,0.2261202503665058,0.8327718587006435,0.41185846151982036,1
Farming,2.6158744478662284,25.359910764411715,50843.35523642182,0.5244481921448384,0.7070833008719042,6822.567545965593,0.605608198119431,0.6021165155226201,0.815116280740493,12.774027506147474,0.6173982253266398,0.5848899709661887,0.9790952512750444,1
Transportation,5.5730232387242955,23.35046806014619,47189.57520197185,0.6642961563551919,3.2594193638773628,10297.073871583782,0.7345642236868182,0.8239955473224321,0.6448565723385543,5.023644091499052,0.6526891324626748,0.6881417099527585,0.22890611317783438,0
Craft/Artisan,0.8428530509946792,20.78975780391579,25285.22142261103,0.9454199943188962,1.946613422012545,9852.206377010134,0.927371098390475,0.540952909743873,0.9154795955985479,5.297738506619893,0.8605667626592328,0.6108577886195988,0.21103544980573585,0
Trading,0.5386314535803599,23.137026369476132,46382.18448651854,0.6453201372139181,1.7912221964832558,6405.332758451999,0.705373722372961,0.4858937129059709,0.8481438813463379,9.07140831435418,0.6024246842945906,0.6983588010287588,0.5915956684410859,1
Farming,4.193999207241241,23.507288431110283,29605.893701318833,0.672391161462888,10.709209048153786,14391.460255724898,0.8568804513695938,0.5513684481362704,0.8895016723646005,10.235695999938418,0.6136788502299544,0.5212696902490815,0.1408892154255072,0
Farming,3.3593208044655576,29.964009291071406,77211.96687431517,0.7994200383855501,0.0,14923.901889811188,0.6698815123410263,0.6289834984308922,0.7446072191298784,6.877455821439482,0.48978909825866723,0.3273169635482592,0.048322478040788416,1
Freelance Services,6.549335438690504,17.727594404297832,49204.98881780798,0.7773888390953532,7.409114129415418,18473.488526986766,0.4344077079841951,0.9354815868561347,0.8920110278498896,4.997460120147017,0.459236936731389,0.7678551627359169,0.7715128914659033,0
Farming,2.2297491713073985,19.31165594753911,19070.82338784448,0.6536864672571474,8.720994643504998,7527.366870967203,0.727709779410864,0.761139713093545,0.5567855203968428,3.496891524159414,0.6398383840207772,0.7743003907469251,0.14346279243216153,0
Farming,4.881279458689133,25.456534471808894,96944.20435941564,0.49823956328456115,8.962393902269262,6899.459402226436,0.5709240911690694,0.4373577470304721,0.815231620920367,0.8292622124214241,0.8055772483556874,0.5173084466017481,0.9240857241559325,0
Freelance Services,6.320541401335739,14.076899121891897,8466.54750651311,0.8699563405848627,6.831696051926039,12295.422064936396,0.8531939520192847,0.8335476192683868,0.7578996256309873,9.541655035777167,0.6559413645216263,0.49159473382584185,0.4002992177046988,0
Farming,2.3010542627199704,7.317860218576115,38198.25478780752,0.7563215064036543,9.95972908726117,11253.879010592733,0.80841487195379,0.6077488442549424,0.5057755737613154,7.779143868900699,0.6477479161208959,0.6712809190633442,0.06455724230709349,0
Trading,3.126381538713743,21.945841396662164,18344.112710786565,0.7154877771087563,11.350199192763547,11406.20423744097,0.7127870810100088,0.5856463405164226,0.7530723236511032,3.4029365798755022,0.7960755140307236,0.6487903199253361,0.1560330285767501,0
Trading,1.6007618805696866,16.351810523072444,75750.41194087238,0.7657311242161691,5.093306852722245,8143.20620464891,0.6700107090198676,0.7404082908585167,0.15192100673527162,3.179503467192543,0.6921194435368403,0.6811978261277882,0.16764401846062132,1
Trading,6.704687187318937,8.339780706125058,30916.439247929768,0.7285334433966122,7.342415100844031,16831.845795541834,0.5541681464939587,0.60535508399333,0.27683429198589976,10.541040570780613,0.7261369163056968,0.888450260186016,0.2880775258528398,1
Trading,5.775675864149554,22.004335435038698,17385.859705335635,0.761344302474462,9.827382247063952,6906.81723173772,0.6756862977045843,0.7868740068099467,0.643948956870735,0.2077330115634729,0.564536588112587,0.6906776738484592,0.6229231819857461,0
Farming,6.065934479352248,29.449064120233984,23235.298961095414,0.827144336971637,3.414122139214583,12264.664539357913,0.6839822831717964,0.7584288563878179,0.7882998160687499,5.046246698189767,0.5187034905257134,0.8373347963496295,0.24677075403696835,1
Craft/Artisan,3.3492887160413356,4.962059629687312,18166.557771464064,0.5900933002564646,5.265276279867233,10781.01612359359,0.6668564865670559,0.5349113925409053,0.5531132584682316,4.392803617385466,0.8123225180474007,0.6059684452227558,0.19102157055527708,1
Craft/Artisan,5.709884687781367,26.178599961731848,22738.678718906314,0.5294452990373498,4.122535281662095,13050.467971518707,0.37937495968125345,0.8424381129144709,0.5797908837879221,9.566923171424644,0.7105328017092137,0.5625963917940837,0.6250997390924132,1
Trading,3.568990714769794,1.0,22454.443700858727,0.8559036924817548,7.382933928862646,30628.58104567262,0.6078540675095275,0.544891301876797,0.4619223250331457,7.694783304380055,0.7856045954875238,0.6761493834262478,0.12098790827746202,1
Transportation,10.483014225905217,14.797706958547888,17798.407610861388,0.7352665559069311,0.30570223999602675,5323.30695475797,0.6493593934593785,0.5630388918090924,0.8624837718027308,1.797739325946544,0.7204868916846349,0.5593213931971133,0.5541778951648816,1
Trading,3.960577308773241,32.72412729794064,31211.28778567386,0.553794921082861,10.309880938392583,2505.0700178127768,0.5397462456698663,0.6110352702424746,0.5702274522310976,3.0798537473950773,0.35365529186711137,0.9531066042599527,0.5589701801590555,1
Freelance Services,7.636339535985607,15.373407611897067,33362.016119177824,0.8393076950680441,7.6013896930520435,8813.729762842782,0.7244409162670729,0.4448803579862938,0.5353694755411742,5.54602549954346,0.7941388584469758,0.6393086174996888,0.4264737132121605,1
Trading,3.3629750659932447,18.719507166567936,15553.352431141608,0.44512109350419216,7.7698235145000165,5967.5143880924325,0.8711685554319655,0.9264018731889724,0.6904528025823278,3.2109370175945218,0.626396344743393,0.7433545375248639,0.031693008800375747,0
Transportation,9.107598467892618,24.10292960618844,10807.03057329087,0.5045181001710348,0.0,1621.7518636138007,0.7032007583086181,0.6030460694088438,0.8839859869170035,1.536106737249153,0.7277166591306469,0.7189830007954624,0.36439265419531763,1
Farming,2.114535394160245,4.268211887514781,31921.212891066163,0.8417128122141259,2.879582718901902,45362.70033741218,0.6049145531822592,0.7034075873186507,0.9349373075350222,2.0553638399903607,0.8661376699676413,0.4737130796791157,0.18598825770793062,0
Transportation,5.306304072346458,18.576758406718042,36046.18468442474,0.6763796261285394,10.471407510607142,19767.553585574078,0.774472581440856,0.8635078176617232,0.5309397388760899,14.12503930470574,0.5962161155454183,0.8606649815978663,0.23038138031174868,0
Farming,2.4550431926832443,18.513704575690465,40199.8771679446,0.852571069450556,5.467782388746337,21311.666878629745,0.7593737370787509,0.5964847995034872,0.5810333603059654,3.493186257527803,0.6971614528271811,0.9044464032608921,0.0741461919778346,0
Craft/Artisan,4.738261823743117,32.89856778598992,36429.92786408707,0.28008862688888053,0.8278082616964824,10939.906428992514,0.4098284493070831,0.5613787702810212,0.808496554565749,6.47233207727583,0.721839413907253,0.842254868090402,0.024292790824886598,1
Trading,2.6256299122020583,8.114073352017414,63894.86177050778,0.8640901750946329,6.664866473633048,17936.126209280228,0.6774548603132382,0.7549565484803543,0.9219434699711564,0.593699364413087,0.864582624221796,0.44453833894387335,0.27758111804055424,0
Freelance Services,3.9495318580401015,14.947685468399028,46554.890572115226,0.7656746029007915,8.037474311660679,9938.30460687488,0.4832834441477138,0.5476877838576911,0.5133988577065124,8.727139960814377,0.6735612954313007,0.5700329818040762,0.35729432159880653,1
Farming,2.9215903280914537,10.573153673411074,117466.15259284026,0.8175253702773033,7.594477140317372,23624.14735926843,0.46387474512847077,0.8600089749267518,0.6333087051702286,6.703996274131592,0.5494946919800395,0.6123446803064994,0.3402660149652325,0
Craft/Artisan,6.1729599225898,9.724705570468965,148057.49518075594,0.8756954684428794,5.548784356181563,15250.169114769094,0.5444214696783705,0.7861536273229931,0.8786615981698734,9.257646536784485,0.36051308666565485,0.44616163018790356,0.20761398837878653,0
Craft/Artisan,5.456502872347457,27.019221816516627,10229.628840336058,0.6280152171683513,9.406690780690141,13022.47820462636,0.8970221685609434,0.6692937758239988,0.6637654828376166,1.4060036225117245,0.8124490719474972,0.8595706747240691,0.07425417764799452,0
Freelance Services,2.388440907717145,18.21321201600654,8035.092199331042,0.4804892608059733,3.8939640423899773,13728.780389000198,0.8922156948819987,0.8189151349394841,0.6664667117995997,16.153207232829338,0.47057112209613916,0.8591364129371719,0.09110672887466091,0
Trading,2.335762980807347,13.555462428587834,26794.040870188743,0.7356414328819242,7.620267096986484,37265.18043674482,0.6476576314385474,0.6674623955642003,0.7152680872124654,11.180281390882849,0.677028773435955,0.6769821116058223,1.1535199373257259,0
Trading,1.9705988223439521,13.857232790859715,35501.41509266204,0.6643744447815197,6.405052930398116,15019.905920316245,0.7148340705139055,0.8561441961156495,0.7538474436100716,1.3338236114207265,0.35763838708514933,0.4475991687484145,0.15383324320812208,0
Trading,1.6678178076442942,13.494183384436832,25803.443862566473,0.8720154620213018,5.600740963650973,6498.1549217754155,0.899640108395459,0.7299116792822472,0.9138154466560183,3.1060665698494683,0.4021853311835718,0.6796482239765674,0.5953688279224694,0
Trading,6.449823142250067,14.20957458073845,39615.242917247786,0.7251404523624444,4.863009765475271,16904.47476736498,0.8842750549275157,0.6463536520951816,0.8975153578838752,6.711803661959902,0.6957077910725101,0.5826038909867153,0.026425912120371906,1
Transportation,1.8814103189264548,7.884437245685884,23187.459171047736,0.5915914768853211,4.969222819875007,18813.47147918422,0.6326039312367793,0.21812433942187115,0.7173150007527239,1.4523829382971154,0.6492423613187793,0.35856391557206474,0.30455229001111916,1
Freelance Services,5.01269851444413,15.9301636594784,18367.298006876783,0.9582101588474031,6.096760248700296,12072.713491919903,0.6679421696719332,0.5709638972047936,0.9866612784830088,13.724523859778337,0.3170938354122212,0.5358383423690912,0.31195158637134013,1
Freelance Services,2.736687745218022,15.126346466782843,19958.492622162135,0.4360866233269,5.121837604930851,12881.248458834474,0.8730485151196355,0.8797859336293054,0.6177012762894873,8.364222950502235,0.4827485331897411,0.3503023932841817,0.25628827040353064,0
Farming,7.493907615445271,11.93762634877326,24098.56073159495,0.5676067345887754,8.19920973563194,6333.756084823988,0.8649054967249715,0.5786419237501261,0.7964304280150858,3.153113584044609,0.9020071477372749,0.38193468028159827,0.42587409786855057,0
Transportation,12.099423020553669,19.240370050439797,42784.52664567647,0.8383941720490862,4.392044051268137,14299.115375836644,0.8374120385623871,0.7900269264756515,0.5638365552349148,7.671139602324841,0.5479176482130563,0.5242425821059553,0.015791836785649983,0
Craft/Artisan,0.2,19.919115840945267,20584.47884853131,0.8631008404822578,10.704872992019405,5709.364824667705,0.5743174651040943,0.49946123282961036,0.7789242156004511,3.2927851728503077,0.545752821793602,0.8912053039351486,0.30918057215307637,0
Freelance Services,2.093238322944811,13.54682228566634,22949.86225238179,0.8010859730621778,4.257994444515751,11208.82976622829,0.908241959718072,0.4300020935544013,0.8199774628051839,14.311513990116588,0.5353507470921522,0.7677248604152676,0.2086548355088901,1
Trading,2.702814407182239,16.84692679386996,36813.47642145765,0.6956816313622277,8.760242343130827,8362.176820778004,0.406645528121374,0.5513045581708558,0.855381217998117,5.514381586833279,0.8321686056394618,0.40114228579743116,0.20537057600817696,0
Farming,3.43410443823899,35.26898981520685,24116.75199058644,0.6974220539831298,8.88965059828859,26583.190245716632,0.846099934231271,0.9344302580168655,0.8578582860345114,6.444497347015497,0.6754564369499765,0.7464822246230561,0.20226966202330873,0
Craft/Artisan,3.2823222837661756,34.9634660688171,49721.40496934146,0.7554281902958262,6.4975864960178376,39535.735598657775,0.6808275219932699,0.6785053124828144,0.8038440142495015,2.0330285688127936,0.798000426274355,0.44175519448164713,0.3809716406051167,0
Trading,1.34299650777222,9.567278478962114,16224.400184169386,0.8369835907622978,6.230279940708842,5996.750224678642,0.4945324742397645,0.6952472264015355,0.6410456207082273,3.7657122186564522,0.5148649150632699,0.5396461162193894,0.21326232424607577,1
Farming,12.254921488815125,10.68441946729153,14400.236858618377,0.9469400732231887,3.813098952872432,13316.58735819427,0.66305539299121,0.6006538057525204,0.6721484260154358,10.435135412638887,0.2832589436639769,0.6569264957096451,0.2219437597373999,1
Freelance Services,3.370450259569503,9.524773784064028,31810.31759157244,0.770289293268383,4.448785651071173,10750.939687706838,0.7287057802081527,0.5186401610779682,0.8214084595530421,4.021386314814604,0.5103174128561137,0.8113093053806161,0.18502714631153405,1
Freelance Services,5.440187349959137,26.456431519777915,33602.59765909891,0.525517171647661,6.65935078838879,18492.24785321831,0.6056250713574168,0.6150120513277476,0.8987690858725655,1.9208304879649662,0.7415699021747315,0.6974972383343386,1.1611049760905994,0
Freelance Services,5.552804483768732,14.811765603394447,16718.518533446142,0.8068471046194448,5.8645932039967725,14290.77011789201,0.8924001603711745,0.7706519875042497,0.8041536356003112,1.3491907873889617,0.6086446473746435,0.7460552085732401,0.022303433763727388,0
Craft/Artisan,1.0846201758956562,19.917393948770396,56329.71490565324,0.6310859984303947,9.549252527972168,10186.689430750226,0.9586565104492194,0.4169477093574045,0.763677392276888,5.951413350017755,0.5982202587163099,0.6077846600224062,0.27305636375020376,0
Trading,3.0473003948092607,33.97573866624707,77552.87535673537,0.5457912454191516,4.636230618754035,14265.871645802967,0.7397401071773043,0.9255357051438207,0.519516531304729,0.9664369667231871,0.7987917962962136,0.8181009202355753,0.16135066675374113,0
Farming,6.449566628582224,17.9162816455163,19047.291327979485,0.9439594841106687,4.817806617149592,11495.881496218622,0.5506227329732697,0.7699130572690478,0.8690559572673037,0.44353364999070344,0.5479471343777212,0.47136583849913216,0.16014205217643904,0
Transportation,9.480983876914912,23.649989774058565,60962.5713251819,0.9358365046043391,1.0058081785083326,40635.37295332411,0.6375224661346263,0.8436118476763528,0.9068803252151789,6.132195116723577,0.31774867809184987,0.35426347927795127,0.0462741165087998,0
Transportation,3.0952325786634005,22.163365994403144,7257.765698315685,0.5687861826669016,7.930583591146979,7665.2181095140495,0.43289903579353894,0.7560031846264027,0.5804432144807079,0.4139278563432748,0.49348431147518923,0.6638889220230324,0.07229904867123475,0
Farming,1.277438698883753,13.294261186432404,48623.476397139384,0.8461232546303737,7.659656465831803,15998.347179264323,0.7906071049703717,0.8183857872238121,0.8376359479277423,5.51730406414666,0.7986507890918659,0.44061776097619665,0.4740759728986466,0
Transportation,2.530772415888647,26.47329385393487,16784.82487403255,0.6231529170768348,8.931245687979652,19086.63117372418,0.4641190060336361,0.8566268467874016,0.8698335566479054,4.891451512572025,0.2562533963135772,0.21391487345629281,0.6465334728546747,1
Farming,2.9972162411326826,11.202393527198513,46020.39630272096,0.7531963876207609,9.100308808808112,18159.226424655,0.5199390439027686,0.6570590704697826,0.7405857365893266,3.0904595250515645,0.6931279938816157,0.6350009905069924,0.06585581583178883,0
Craft/Artisan,2.913450556741172,28.719038291553407,15855.919945700925,0.6821448989233367,8.366839618355247,10845.194201882863,0.6366792911818125,0.7252722765994212,0.7832808363576518,4.693224081530726,0.46637275069166007,0.6768068566547146,0.3828235245727375,0
Farming,1.972345715503746,13.300392278327042,25908.64189555545,0.7992702814330309,8.493347849904307,34814.587329689486,0.5644980151168297,0.46085215568031873,0.44330958306520496,7.2223683284015845,0.5748648762474994,0.6092446788082975,0.39339684851824763,1
Farming,1.1569671172374258,14.176258235711243,17230.501268999124,0.7001073499474006,7.830206288581299,3095.7374832160376,0.43388679721597756,0.7612230800263302,0.765088840708854,12.304572261164157,0.5448474718530661,0.9041869174105481,0.34463958334966555,1
Trading,1.5876133780099977,9.292097410985667,23917.49829390577,0.7220721225142022,8.292279948054427,6212.039917661287,0.7816959885201661,0.7404940246312586,0.7857301483189537,4.148236131793334,0.7808853186723245,0.8606592953932327,0.28525605476447535,0
Trading,2.5476711701510326,10.605924713466823,73604.26238735426,0.8555583949781062,0.4741148635684329,21258.220769895557,0.6426779135199415,0.8854730602090376,0.8384070369158592,5.5967619105359105,0.6464459834502352,0.7778976152151048,0.5363807517228756,0
Craft/Artisan,6.379074244130734,14.585885421371717,25352.540269625446,0.7199016668292775,2.700627864729305,7215.051973022969,0.7205270810138669,0.6098665085337288,0.18548999689559134,1.782892593125154,0.724386966975167,0.43288863015729795,0.11690154131659078,1
Farming,8.02285014387339,1.0,85876.53405331961,0.9557405895750616,2.210417926112344,6926.036797906509,0.8951923999192603,0.7315773837552897,0.24284283734701975,5.506867023628352,0.7445452185498798,0.43748284939241305,0.12787106520389943,0
Trading,4.259786926294268,16.133341270595228,21759.442742871946,0.4870948244099822,9.810519032858405,9633.126272699721,0.6652906731024988,0.7045320187714716,0.6853836707707219,4.28558999083031,0.7298460871729984,0.8100349134188424,0.3705421424117809,0
Craft/Artisan,1.6264961765908967,13.936206102067866,61112.43156667878,0.7159466993858966,3.65112132782335,7708.274735707593,0.7408433082248385,0.8272790345530094,0.6865461775734573,6.634413826334445,0.6792323724648128,0.8805224142069017,0.4531933298592358,0
Transportation,2.6607599645075126,24.320088788894658,11002.40392364863,0.9380791273513277,4.131413455973092,20867.79431060116,0.7686225009305,0.8167809868186658,0.7793303151545184,1.665883105064671,0.605199588994794,0.5004574448405728,0.28025708739525657,0
Trading,0.5670984114712004,21.383845906854603,22980.929976657004,0.7477717475914842,6.019971799769585,25161.827643297653,0.5950408739186196,0.7295656303855057,0.5752333452169791,16.865385015592977,0.6470650641995414,0.741893147704829,0.29899858772182436,1
Trading,9.597032804290931,12.338900551205626,20033.066415302634,0.6157740002476458,2.2689616586374144,14211.698341707757,0.7442866080979571,0.6265766679211104,0.8361380764940357,3.422873350222397,0.39599862665280394,0.7045442179241876,0.5583351947714491,0
Trading,2.3517351082577336,14.331593924592745,62676.263378526106,0.7238065864185281,7.141634338022113,27951.8442335834,0.8738390905419381,0.7330998805160928,0.37091790830617954,5.9037341916590265,0.7963488888498228,0.8481367654772323,0.6680658496974211,1
Transportation,5.1360629391566475,16.123055691832818,29788.77227848617,0.8576335365681225,0.0,5061.893237247614,0.7861981713056944,0.80209111995993,0.726763491556484,0.22803475176107907,0.8390111798042443,0.2831533516760443,1.1100243770257152,1
Trading,7.6626592810317105,29.887652435806793,8531.78821366827,0.5674615389654908,2.467530969227984,14088.60220657626,0.894071932442911,0.8785855420027532,0.6131837579719495,4.925636078459077,0.6888725686838031,0.8200302764324637,0.11379986270708795,1
Trading,11.306147316716048,11.421562556348466,13087.70723858128,0.6414527261218077,6.59644856406116,34322.879105099186,0.597357213612563,0.6068127550349272,0.6522358336585543,6.105553719311194,0.43778814441502467,0.6368751018717881,0.11601160586057672,1
Trading,6.8461446192966235,12.241914680394768,15414.066226445531,0.6485789806181328,2.2750913016986436,26470.840893307184,0.7585737394867587,0.6409065228573408,0.3706255325811487,9.79242837051951,0.6534456789013944,0.8270555508710259,1.362043340545201,1
Transportation,2.8998269856242405,8.971326787062793,44968.95589852333,0.8125002680754755,9.897339310911095,36512.350643451304,0.633381976306587,0.5812528297164665,0.8528698647417885,6.562073562780299,0.6767818718693943,0.5173468667845711,0.30994395957647297,0
Trading,5.609300488041771,6.143684164510521,41887.97684856425,0.5102799137889039,6.138838315900927,8839.34479591978,0.939985863535577,0.676278894794592,0.9218748860456594,13.184764335175123,0.46708947407751833,0.656910366059145,0.4525516028067817,0
Craft/Artisan,11.044104059043402,20.456028989003958,22806.031327576457,0.7395054164805579,9.3962103976849,25388.024795629874,0.6496243365778173,0.8013493321121952,0.8015129337417718,10.307502337116752,0.6421877491772183,0.5406915793537393,0.18335319168678782,0
Trading,2.3342864830920202,19.62322664858568,19896.90783593829,0.6515464616074447,7.073749952559286,9909.574634417986,0.6600208794302989,0.7660025521561787,0.7649856604544204,1.228492704399287,0.7280983552600611,0.6566055151066508,0.5330116539699816,0
Transportation,1.1034652036692318,28.262094822682815,39895.28926872844,0.7494091020617462,5.9642106901729655,20264.118362985548,0.8307288151547061,0.45160870842632195,0.9006457604236385,13.541340207082182,0.6520202771552923,0.28454512045620683,0.06367523345477757,1
Farming,1.9851114708612645,26.331272061815437,14454.517857352632,0.7874705657311316,3.010313535137029,33443.535068673606,0.7323615030973082,0.47289725527238885,0.576106528757638,3.807408131759502,0.21401154488274343,0.822004978066601,0.07998600225194354,1
Farming,5.359752277486908,37.17693371625447,34603.77080367136,0.9586700086170838,8.787438744897575,7662.952754807617,0.7284009309985974,0.5243005594230341,0.6385365634772348,4.732475409765249,0.36210380047018653,0.4823228500187373,0.8346314783796306,1
Trading,2.9560215320670005,17.409017859671234,33020.534294487516,0.6716871582400911,7.323763977015878,3644.4673189951063,0.6441331314697316,0.8502096076816511,0.6830563970102358,1.0341369766699284,0.9177513651725194,0.8288817767295571,0.5317475465414354,0
Craft/Artisan,3.691218523552589,15.915763489630343,23132.08106704959,0.5917447206891356,12.253943707666732,48693.25234755057,0.40762348152580513,0.7057617616635672,0.6295167707430739,9.376389352928971,0.7306316578830563,0.639108419120192,0.17780839592516143,0
Freelance Services,5.976408636520226,7.598189238933125,33480.64805090142,0.807960733144014,8.485201103763586,18801.445858176612,0.43780601098410965,0.8246576692836057,0.6253962659526807,4.1223377421549525,0.3336467824693501,0.4181615439060799,0.5403502268222758,1
Trading,1.9491737468748869,23.572625339810607,28457.06941258904,0.5826807042258533,4.807791071143446,12394.948741046592,0.5961755407784322,0.8988847098343191,0.5612257970934418,4.326172680586909,0.3741933207802552,0.23590948766159825,0.2761418076693186,1
Trading,3.5612064762758884,18.94827393157071,35368.63615614423,0.6805746386392346,6.8682647185531955,11927.416400498327,0.7405391945671795,0.7009421795199055,0.5116835465035582,5.14730218869405,0.7650219520471749,0.38683545621514076,0.08442809463739136,1
Freelance Services,2.62540922941721,23.210130440085468,12916.278968693336,0.7327135740010746,7.2664139320730765,3079.9408959142565,0.5423796668264445,0.7815392443706319,0.8803188031435232,8.491117820482586,0.8688214397069733,0.5703820197180691,0.3471549819930784,0
Transportation,10.764641571771445,8.8870062460928,37721.14491531217,0.6347624925553056,9.488874888703496,15461.554109024137,0.8415959448119136,0.436422014282573,0.32054859724924134,12.478619553171455,0.412347837752703,0.7877726469352805,0.2853045335048176,0
Trading,6.706436770390646,20.812833512213597,47317.27506795831,0.8947271806063732,9.965609881078525,9215.151557539786,0.7721299795743726,0.8797641247460949,0.7736003781794573,0.9557037694190719,0.7562550143038289,0.5777494672446065,0.14913881816157565,0
Trading,2.9713671509434287,19.641596943631534,32097.174431740124,0.5334455122966633,5.514074105218753,13859.585891509929,0.40072867563942455,0.7318526120576915,0.45761196719092445,3.6287918057443536,0.9145236853014215,0.9146219778305311,0.10934437846990681,0
Transportation,2.8475477138463297,19.112280319149495,37446.50716768581,0.7867797505039245,2.353436764577339,13646.045114693525,0.6024921664265067,0.7063608317299692,0.750241012397714,2.096869354251869,0.7262223740694688,0.46320936153323533,0.5575775311173602,0
Craft/Artisan,11.541900552340492,12.533872734475807,25324.92519785411,0.7689113900290283,0.4384841427654411,1255.8511505163037,0.4167964622524907,0.7751962758529083,0.7948827886083473,9.697916322810771,0.22457276194814257,0.8500591559610581,0.3269087593227344,1
Transportation,10.95031908742834,27.51459718842719,43924.736380044356,0.2218659163315943,2.5813516208429257,18825.649236693665,0.7401419223468523,0.6703031394155186,0.3801570336775303,7.925680391371479,0.7367679332611706,0.6000185221708478,0.3135741339483728,1
Freelance Services,5.335838123002565,34.40246063182409,27886.16370897893,0.6830325368168689,4.224670662683323,15249.143973818442,0.8692062085879677,0.6699241685830052,0.5552902933183073,6.555891235894968,0.6909682487300813,0.5777131507754616,0.07855151364961442,0
Farming,3.815219343075683,9.117247789619077,14308.832667858278,0.8120215844368173,10.513006108471224,16752.269222540483,0.5544889196021479,0.333317756389119,0.865340437871926,4.432754494891219,0.53852875067618,0.9337890073545144,0.1957624743136164,1
Trading,1.365189439007838,23.763551836743666,42239.82963821415,0.9237330534395158,10.55851646657358,11749.972636011556,0.6478113299357887,0.7279878840229466,0.9657317270462425,8.565158807512372,0.5049950582930208,0.5937519821683234,0.34138887714578975,0
Farming,1.9995769103717167,1.0,10951.366958771563,0.9339063909271417,8.880480162464783,13825.17328036568,0.716804018247062,0.3897939090630537,0.747090366442889,5.527123001049319,0.4083453294595172,0.45103623973048784,0.10703735083710395,1
Farming,1.27402620008042,23.348879595859668,31430.337232099897,0.5572507563389164,9.691196621435932,15077.606233599552,0.7868917931710682,0.45447383653372087,0.6757558030832309,7.156758890911602,0.710457350909118,0.4109355223759141,0.6175004916863075,1
Trading,7.861766268312873,3.038763067665961,21778.47623710632,0.6082320680312211,3.8778217931014636,16187.330684168295,0.7519328779652934,0.7543253328905438,0.49832997057293893,11.622523931624524,0.602361357449562,0.7543952768415748,0.8892634172553044,1
Trading,1.3842854337730544,13.800261216805936,21026.332035260617,0.7393549544307555,1.4540526838452346,18637.115737137097,0.7235876676562454,0.5642325143034733,0.6004491204735197,7.182262226778606,0.4378630253260645,0.6075157635431804,0.47704431552911397,1
Farming,2.8200315396616085,7.495802705965996,29572.312452968432,0.7245861391527545,2.9804143609157587,16283.928324572516,0.5601731985457618,0.47440534727895217,0.6973718826532358,4.294181420165974,0.5020639399329712,0.6938582791326036,0.5010751280938526,1
Transportation,0.6917046526877751,16.27510804040483,18213.010768467826,0.8786868379024055,0.0,48767.05100750608,0.5907673154168078,0.3943568478837098,0.7295046102195812,2.5812741538037938,0.5505016435434679,0.7518185825614817,0.31770675014945354,1
Trading,1.002275835565778,24.710349586942627,35657.44741851685,0.754720576413821,2.6581342447935272,8036.826053974985,0.574511640965733,0.722898104052706,0.8312846578207735,2.56347565534999,0.6682279378053206,0.26328235858585264,0.5993261631154445,1
Farming,6.159239727191719,3.141493890183817,27756.855895065473,0.6246921231123312,4.482159070873751,10275.644643586616,0.6552818180061015,0.6925918669208473,0.9714149346795594,3.313192116796354,0.3625961884159599,0.3350045582017393,0.4238187033293821,1
Transportation,4.792057708089213,15.124162483874889,19158.242633400372,0.6235295281211326,6.500111048226888,43698.51948845238,0.7330692819839996,0.5980734929023461,0.921072197119707,6.422550732762372,0.6950501193412979,0.4022146680598994,0.3678243216654268,0
Transportation,3.9142554677440415,13.893049849471545,56162.17482832561,0.8164335150683912,6.406371752955247,11989.399727436334,0.9436007575939009,0.7324910973641034,0.7789874191762495,12.37043358885392,0.8213580033645865,0.6649501427331433,0.44727015509493795,1
Craft/Artisan,2.85975527622732,30.648389470974998,30110.536390006735,0.9623103707037295,3.9310901174739032,25646.092528254645,0.9514868621484862,0.8679147996657403,0.7800718824515537,2.2880745423171986,0.6538968478394125,0.4819739401818719,0.24264315776667478,0
Craft/Artisan,0.8813909417524278,21.45408806280228,38060.81344731101,0.8048181753550313,7.7068438152522685,14688.988497083266,0.7364076822952272,0.5334062370881364,0.7519883284665544,11.258133300281337,0.46472954311386816,0.8296050241414271,1.0743270020846931,1
Transportation,2.575282164912068,8.58226309381262,58637.153956811766,0.3437954102651636,3.9886809467864452,11390.463105013889,0.7548409620526232,0.4199523940625451,0.3651465307423277,3.027635108682267,0.7411879451642935,0.6165731196106253,0.08502245613776932,1
Trading,3.4067549422578267,14.229644967756803,58110.299245058166,0.8635290568307691,6.030134101921716,26645.451944401913,0.6263887149249584,0.782566043970665,0.9013731530391536,12.496579448167424,0.4042643914295245,0.5785480278839593,0.4742028451515854,0
Farming,5.88344053421369,30.44883390708425,37007.72670246855,0.30294698942761317,2.67005327366064,19204.420966376012,0.8711807512119117,0.339592166896218,0.8560887374423903,3.0495074378802327,0.6515438091770145,0.7168626245953792,0.07455891707389316,0
Transportation,7.582410720296778,23.714922534192194,22777.716475122234,0.7184553993436984,9.266001936133147,4565.088199895665,0.7435021084884931,0.6931784808517916,0.5147953142591744,2.8106661217069338,0.5337975861846467,0.6143791795832827,0.25592635885907805,0
Trading,6.288033489502034,10.654132300756627,12254.676728299202,0.7192134023157535,6.062503876307574,15084.835066398266,0.5381502077893775,0.7504601459232836,0.8248289128814575,1.1221175313868024,0.8452391946689888,0.7301022605945433,0.3691298451668786,0
Trading,4.772283739998102,15.863435692935289,30142.1524671891,0.8148754925567346,8.03647504790218,6657.21713050081,0.7317448689134751,0.6242251502658709,0.5199043805542344,3.628175902564818,0.27458187396469075,0.5670509744418883,0.21373291528938448,0
Trading,3.8715655266309845,16.119126812734816,49119.99071035465,0.7835493710058005,2.3514198386407132,32526.382910969936,0.7109754260999593,0.6993508116300962,0.608673022863059,3.2622067418674754,0.7573720383016003,0.5308038782388647,0.3259336733608265,0
Farming,4.451466645409349,13.696144582753556,32691.590438179614,0.9691724426552732,6.523272513645251,45593.16204296266,0.6746989836238771,0.5981777238659498,0.8531873757443348,7.22480581264068,0.5281371539326457,0.18449962794960187,0.037529548018108795,0
Farming,2.4433189492950627,4.318302749426483,5000.0,0.6517823143267207,7.717001174066578,49601.707622514616,0.8492840439186015,0.715906555526687,0.6772312458087569,2.400192446446367,0.4360552074062295,0.5739764442664531,0.28704767411239923,0
Trading,4.111605202366464,12.579026276880253,43413.86699875988,0.6345763755871295,0.0,17158.680357626636,0.5596743079572852,0.6501931204176947,0.7080217589228834,5.632081725712783,0.9306500397805625,0.7184694014460665,0.1822965863333044,1
Craft/Artisan,3.3924347034637328,29.113594446922995,44905.903004694555,0.8278663657394953,9.504291004810053,9671.151356540704,0.8940438433810322,0.9531540275564864,0.8491654644255259,3.25157093118872,0.7834534783313449,0.4158582606151495,0.3662905233778699,0
Freelance Services,14.511196647531817,14.950844103510597,22795.71351297073,0.6392898522704787,2.251726247666287,16734.551983813064,0.5104493922514531,0.9358846141553993,0.8960742610266181,8.977183489971113,0.6548235446398005,0.7509471754225172,0.2406895665229848,0
Trading,4.530393011134522,17.173970956312647,46332.4992456129,0.49240352774965057,6.632700646370491,6920.150689566077,0.6502337009611445,0.9328326847491699,0.620090981981864,8.143784310910998,0.7061438751639825,0.39687053592845645,0.06888638790525266,1
Freelance Services,0.516238292016631,19.124205174828592,38001.50251960167,0.8493153735496416,11.363108754239839,68999.12899988166,0.6682683109443401,0.4581160619952631,0.6606010171492318,7.57837415997802,0.5494832408055866,0.7834119595005608,0.26185077413207486,1
Trading,2.7450998908567863,35.745131157697,18452.79750468723,0.7905505163481079,8.864709037007044,30824.03191097339,0.8765114684538182,0.8663285204234842,0.9526219575732146,0.33328613281144337,0.6859576142125251,0.5382873825756719,0.14092914744617602,0
Freelance Services,3.1234072695014223,18.07099817133569,54133.885273016014,0.5493976841037801,1.5301862414872218,16533.905755671447,0.5204874155092977,0.8517127501611783,0.7394535017735884,2.3441535853856674,0.7773640420575814,0.26498871492333653,0.3129419696024174,0
Freelance Services,6.855434738175701,26.751562828668092,13398.361365324643,0.8176396075610417,5.465894692258187,26847.673197250602,0.4929284510962205,0.5162052299790747,0.6537335301704105,9.512760882121883,0.6948171245352368,0.5346768439781321,0.12423069528683649,0
Trading,4.935262312493153,13.214558623590428,26069.346276903452,0.6617585927071108,9.700289270198144,9469.137572441028,0.8448262903644619,0.5154244593517746,0.35541709584201653,2.9001966253086637,0.8583765145391207,0.6224817930891504,0.17398697202660163,0
Craft/Artisan,4.765693290221272,15.92480591598007,24677.538291694575,0.6475868516374437,3.5496749525199682,6151.36529997584,0.6119083002844246,0.8288921698990035,0.9416449660397723,8.87809712653706,0.6020725557472014,0.8600617240402025,0.2124794690239971,0
Freelance Services,8.931611892150288,18.10042178488228,17085.902995955956,0.9077060700942464,4.920360773664651,2837.6247526890857,0.7158048315312977,0.8252414189285285,0.9412829011177268,1.269546777026717,0.8043054366149701,0.7699472800098573,0.5590524870976143,0
Freelance Services,10.98258404413553,11.806936465204924,31795.709147863112,0.6998406901876424,4.836352840876604,14159.481268267342,0.6908297619557368,0.6925389452153433,0.30780393452316307,6.9615297650147205,0.8751834903738074,0.45844013797918876,0.15783597694061433,1
Freelance Services,6.153208368677263,16.37025775517634,55309.662155187696,0.6263915099151437,7.710116777167361,11548.281342642944,0.8935066044381487,0.8078842787659715,0.9033126266818724,6.359570684914487,0.5966984004250028,0.41924981749200274,0.14581810607483195,0
Transportation,2.9074719493274155,25.104407486506158,53436.96583311812,0.464689357760646,1.3890257150077776,19216.07595034175,0.7720495484692194,0.42086220485292497,0.44496795606762607,6.509601388097458,0.3721877582782745,0.7714653309715104,0.13155018855456127,1
Trading,2.974053819583841,11.597083511264934,40055.26153832748,0.7066259382904372,7.878330652672611,13482.541298310149,0.7778365825471907,0.7223349500760966,0.5562972149950929,13.380589967354133,0.6995306088439976,0.7713054609935844,0.21539035654436003,1
Craft/Artisan,8.205016967717588,18.000712247709107,10585.52331042765,0.7412502650488428,4.131602463281419,18614.93850661434,0.8608984989423889,0.5570448142717345,0.8422778550142944,2.072283942362198,0.6601904252963559,0.631409567835604,1.1125515448098442,0
Transportation,2.967246119420291,23.66986841324746,12903.143392683976,0.890133956649371,5.96598898585531,23570.669030194924,0.8220973309852228,0.7707934825983461,0.6210921127939136,9.02420966220132,0.5256460794242621,0.7246494421804681,0.4254313021804237,0
Transportation,3.6856415751054645,11.404271609498045,29477.808820184877,0.6221426395560434,5.325386138727393,4807.215163864636,0.8651333565750189,0.575933994205447,0.7786501018826092,5.651907766515335,0.6763915591309677,0.3586192659898553,0.9500110738017377,0
Farming,2.7001741968882227,26.76331034091965,26401.35800524502,0.7065752552075439,7.799300522420962,24544.174087511503,0.6021550297972122,0.7263221447060048,0.4369189041513839,15.548919903784338,0.4350865567942908,0.7684336122279349,0.2294121788707468,1
Transportation,1.6022955151141962,18.58306783769058,20456.50277180123,0.8689272308239816,5.936879537523905,10050.662408912522,0.5953048585003676,0.7944903769848488,0.7459241316852779,3.4274213907447364,0.8704861292416534,0.8469848959378865,0.26304373905275147,0
Trading,13.805360831948667,16.679019493285683,76720.77096644025,0.6095146166920825,10.32130332686884,19193.08233114995,0.5050731850238839,0.8519433014869406,0.5296366538667807,10.33907368291128,0.7549939920670959,0.8484009264522007,0.30653522629445173,0
Craft/Artisan,3.70372653713423,1.9348175535982826,28516.07049182757,0.5708689468327159,8.968287186643245,27325.040012976657,0.5785608400804062,0.7123192467425068,0.6832490003977324,14.46237451254775,0.5409909238655685,0.8901348500087951,0.3540248474250058,0
Trading,9.753806189737151,15.01110046389221,36254.797909728055,0.5698412592040866,3.6140319076662046,27456.712943475657,0.7402174060788225,0.46482436191311655,0.5583299288108508,2.1918900984330087,0.6120816308299701,0.6154057615064289,0.40903879507811197,1
Craft/Artisan,2.997618911994132,20.972739329162422,46320.58003539893,0.5908016142750343,10.095893298486335,14623.819800312027,0.6328394122980386,0.5370423779038815,0.7713748946783054,3.20416255351212,0.7220826847736603,0.305858289392577,0.07538958254422044,0
Craft/Artisan,2.350676157093051,31.96276015041974,27728.807877154708,0.7947306131556724,6.958218765387328,15137.540732196036,0.6898949551655126,0.5319030429715278,0.7841930975660147,9.045073492705816,0.6643149423946854,0.20242842949617407,0.22094725237394683,0
Farming,5.8101255831575855,22.543113232892903,111869.04133535385,0.5295810603322455,6.5096500389851855,24942.752110810234,0.3371915267654965,0.5520993294043782,0.6156109715547607,7.32176833507564,0.8882340330065187,0.72064475085105,0.1763326822155022,1
Farming,7.561310858904805,27.00972985422679,16039.267826638474,0.5717722729052176,8.54462715623174,4671.225274728771,0.5673406167475753,0.707551965096589,0.8975916776203023,4.20920819191098,0.8009653637014492,0.5866482539913493,0.5563010125703782,0
Trading,7.879357463927993,8.32716341102449,19276.858722481375,0.6827261210225011,2.8765541548359854,6862.963754042846,0.7082522219833226,0.8094854720271297,0.4206220315521113,5.907127934439789,0.6775978372494372,0.8160214566756704,0.38677787244722367,0
Freelance Services,3.373394803051398,16.985420034776364,16017.639375784529,0.6978361498842668,1.861685183984461,10987.57414819877,0.777831080422127,0.5564264461804894,0.7653338501521888,4.0787336815259,0.6982609220048697,0.4433744282680785,0.20406429121728434,1
Craft/Artisan,6.217982044105251,27.76597153863091,63542.36053651567,0.8377414437531787,6.074824400539556,5255.572102763009,0.7527802150680404,0.5826523686754372,0.5472906806800669,4.17503262486809,0.33988020452384743,0.697506126682758,0.39341370512569696,1
Farming,2.5556723472655936,10.898131596800615,41820.72172899745,0.6737953098866313,4.181094488861389,11045.719597666295,0.6873101937066203,0.75102527631267,0.5909504797370482,2.9068044091446166,0.7207014664897594,0.7221551444370864,0.4421744626229312,0
Trading,4.0744743159739585,25.721781031784822,19944.654628694036,0.9590639409455554,12.221155714719961,10631.278500943343,0.8394277404996788,0.6875444229026405,0.6755936953845828,7.857401541722092,0.45361977118501745,0.6811894729104384,0.47615245688414076,0
Trading,3.1374992619506146,23.866542916802665,16728.480981518267,0.8373397522872801,3.707031557355558,14199.678615086219,0.9594423191114001,0.6487304238599669,0.5788117162598331,3.150654789022817,0.6872736149047828,0.5516499369773682,0.1391435165460477,1
Farming,2.792007341931804,20.197789187598563,57623.731977698175,0.846096629432939,6.1207420436893,12838.21565136928,0.8239059919800674,0.8997906851684626,0.7026192283922961,1.1153364343747512,0.5039004818580368,0.32382410905614734,0.3356691777523765,0
Freelance Services,4.194927206759692,15.370378998912201,32824.427020511815,0.5129999617483156,6.575893418872438,28241.39167262929,0.856935505812507,0.4780816338939617,0.6769436527156385,5.089338235331796,0.5871591682787071,0.7470768179053361,0.2003859481930519,0
Craft/Artisan,1.566070685509135,10.10963876342052,58438.481565863905,0.5012221629466328,9.693822478839612,19952.37147429047,0.4310936409312483,0.6459875240664145,0.70142989247715,6.426471719713897,0.5133481243900478,0.34669585443537176,0.2389620864995684,1
Trading,7.161704373686072,32.203034352826506,26027.731820719313,0.6546677951762373,3.016316933866389,12711.699987337011,0.8081664828111569,0.6963049147183697,0.5028322068209218,1.8254500885452143,0.5713215290079264,0.7202117520585529,0.14112930040177482,1
Craft/Artisan,2.8006978798414037,23.054900141792245,35644.29650962086,0.7098408375593432,1.1638038030944076,10579.953934341596,0.6947557754169481,0.6349046686415027,0.9257894969896754,5.7420732256373626,0.5576759458331835,0.806690618313149,0.43513884910481654,1
Farming,6.941708919347564,20.72492899740359,31733.40563060761,0.8417827374948986,10.183304421509046,12922.294094428125,0.7540080014730601,0.6861410640595166,0.7212311937033016,1.7801512811249847,0.5639235961028595,0.7479984563286445,0.49668791039977556,0
Craft/Artisan,1.8587193232241495,14.697202014381991,19086.542147764107,0.7943738465640455,6.241556652424017,13083.37043015061,0.6646410157932968,0.7541332665090883,0.7781988633082467,2.4940084747643527,0.6564024380061823,0.8710234910988732,0.33704715209403535,0
Trading,2.793251507812183,18.302973036719823,24852.67602016306,0.598937881587704,8.429227567900641,77895.9626847899,0.8284433343461265,0.6840352746619397,0.6139207873118027,2.736940711367671,0.8130990340480706,0.7719186672295306,0.4773889276450457,0
Transportation,1.5615120128929332,19.317738159760264,14025.510943493155,0.8596999324957192,8.570091711014014,4816.153941496103,0.8390566756765456,0.1583408855708756,0.6239532922918238,7.545798237952227,0.6011874327687983,0.2043996970808644,0.11230701574081427,1
Freelance Services,1.5111963484919957,21.19900547786858,35304.254263875184,0.8490639385988115,9.090025727297038,6985.609105564734,0.8463364752249547,0.8339647085272639,0.4206250605720484,2.0162210159844864,0.6023290131398662,0.676259352341725,0.6814244488732353,0
Trading,2.067018358211914,23.874722307775475,40891.88086598779,0.7290523082996287,4.866409594964912,6304.076998634413,0.5615190168926647,0.5629851587874221,0.8338994615387725,10.039073596418536,0.7477142646931427,0.27287749972456765,0.16356731066407842,0
Transportation,1.882677683313001,11.740227793159267,46378.37901246843,0.9457575057376871,4.053194530891199,16130.871165460841,0.6946072587294135,0.6731371573802122,0.8275825813021644,10.96922979096093,0.7318742647767745,0.621265299949713,0.45095281648055696,0
Freelance Services,1.5728691998278406,6.267224276103965,38816.46111742161,0.30051786493683946,0.011228892157884474,15689.882277045273,0.542625008833657,0.4554835747228939,0.6972238171113824,2.5010632294823876,0.757160437816,0.44418743742180483,0.1782519379094736,1
Trading,3.879620783213107,18.67424681018798,25071.434891700617,0.6804111483618397,3.015295692578805,8944.997751329169,0.749077749235536,0.7239007936366975,0.7164933860082975,7.307878024948728,0.5461119402780066,0.46672937350209087,0.7406635709892139,1
Trading,5.734524721698866,4.022261301401906,63169.94130875471,0.47576824227505504,6.1864532753051,25016.286881305088,0.7822029583241495,0.8247311914562389,0.8895789421673745,6.4359880079914,0.5932467582176579,0.8430243636625567,0.32728454467632045,0
Transportation,5.935534867821141,15.410712040050898,43948.31960993681,0.924793483941684,3.8958112689021496,17305.156594396416,0.8009542566292115,0.5543588735330894,0.7186124129048034,6.092023114548422,0.8004398072070557,0.5194584201034056,0.39718787361125024,1
Farming,0.8161541912091469,13.926481359105898,57739.71203369739,0.6965487236362325,2.5772974134568063,25762.371060855254,0.5255989893808886,0.5518670156342276,0.8601545432204091,11.413410902695045,0.8812633455360799,0.5273015752320208,0.26062290026847573,1
Trading,3.1226988026831966,21.933985537613353,59766.924652046924,0.9624787274971258,6.151264678661461,31020.949546259486,0.585193226371716,0.8178501728677345,0.9533043268166971,3.860475603788071,0.7233960595982561,0.5991454625569167,0.4534197225280952,0
Farming,2.8958893237859007,33.86077628389047,25107.457425592696,0.4389273260364008,10.028826130085168,3005.708460781597,0.7295069360882878,0.6637724370263387,0.9057521442455453,5.767133726671915,0.8527818134025387,0.852784932639933,0.5516130894482407,0
Craft/Artisan,9.033768626863312,2.4432750087715114,33300.70015060779,0.5389848198778762,5.831952482502959,21588.837373232185,0.8955428389054034,0.6815995260880103,0.5109075650055043,6.930192694906227,0.6497622581454283,0.38170207667843215,0.6859564531966831,1
Trading,3.212536112601305,36.19348024254721,41192.47408959714,0.8761620282074603,2.6015412274257503,5415.159798396303,0.8849946666820667,0.7157699169276768,0.584058978530096,0.6449862953299002,0.46365981338328527,0.7072966609267305,0.07989454470476903,1
Farming,3.6514585273094804,16.135398727047793,14299.38798179246,0.6588618822377369,9.817274141741297,15908.181844061557,0.8383231048970392,0.6445024232878137,0.8119516767223898,8.538416567051618,0.7055109125546652,0.3759157549064705,0.03226623388841652,0
Craft/Artisan,1.127666052538522,20.78246945738064,14474.803904891247,0.7054326526867749,3.677647653418738,12695.118092892844,0.8911632957863034,0.8098486077635163,0.44441932171559656,15.047275083965957,0.5155129566886256,0.837758097856465,0.06703757307195467,1
Farming,2.0232754142739213,6.681342739010267,13165.80997221291,0.8890587791161275,10.43811516869443,13080.140597991915,0.6166399578681004,0.715258260809862,0.5500518488705076,0.7805054188130492,0.6716820034361093,0.7220142033233172,0.3969599882174016,1
Craft/Artisan,1.0639829951773885,25.974972561810564,25350.27738868907,0.7903224772753092,5.210599208389721,5748.907216483,0.26360809547504593,0.8346988953513855,0.6745321489216474,5.986914734038212,0.5357395307551573,0.4611594846259503,0.2247835863962162,1
Farming,4.0580595126610115,18.331780290813793,22396.850324286483,0.4402692035862789,6.309390322741699,27483.485485640576,0.5406316655254104,0.49761801022413327,0.6032078474551871,4.358664703336174,0.7153485469719136,0.44915068789125423,0.3205894132485168,1
Freelance Services,9.217826482021652,17.508260710493705,12214.525709867887,0.8126558697218635,10.68267922679643,5413.513009178306,0.5625851046404319,0.5897435693056058,0.7171277508928775,6.460913033452448,0.5338088260790431,0.818816216965421,0.1338221427347591,1
Transportation,2.0805004457760496,2.50091908077637,29206.513406092843,0.7084524479825394,1.945507755127438,22592.505787853745,0.870234828371033,0.8771556067514559,0.8610832584712562,8.534883699287057,0.4680657152059202,0.3945352946808489,0.22393183907024602,0
Trading,3.2315746734392086,18.59037451077942,25524.896694740062,0.5204823964536548,2.8496841846863363,4903.363748817922,0.8488961794293401,0.9381984398385329,0.659635937355314,2.938818833631574,0.8209232200945903,0.810768649267576,0.5772867360990374,1
Freelance Services,1.8923955031586757,24.766626590532592,51546.11348772809,0.707334174781589,5.020356115210406,13193.779735423812,0.819577088257323,0.6511949168438008,0.8013757130357736,6.54128689590533,0.6497156042385709,0.913737174407346,0.201047355646999,0
Farming,2.400775622209953,16.10977091613449,81400.64644328954,0.9072382331849994,5.580096289964336,47243.66690115268,0.7503173477645639,0.27074776312348475,0.8398915135007323,11.424558175399875,0.8345028390890066,0.7374772820336956,0.13458092001683686,0
Trading,4.1181766170592295,27.393594765153203,34580.585374867675,0.8575835686059406,13.926209341352713,69782.69838012032,0.7175025228377392,0.5010127117734948,0.6809191329890818,9.409129514352987,0.5988137377732807,0.3929895831839918,0.7396320746527053,0
Trading,12.031437598411346,27.0631613751309,18340.246994478184,0.7225693652877755,3.3358160340138214,4302.264536365676,0.8273279624483914,0.5426405056484839,0.5549359004884336,7.979288975048103,0.70820041045288,0.6024865090761129,0.8724606369986666,1
Transportation,8.92860865125022,12.871236938073217,38395.60993922355,0.8500798490091973,2.0872575160328966,8158.562226263463,0.8635193170336779,0.4292267512029223,0.7728850960213803,3.9289160944556736,0.5386300640626077,0.4735373064225835,0.040102532680990836,0
Trading,10.62588478944021,30.760910870379142,27041.19188644705,0.5682337319296824,3.1924953025951077,9266.27816627646,0.7606638003416893,0.9396626310784966,0.5340896041425554,3.560315720104004,0.5568557102748004,0.7343739804569268,0.39280034738977176,0
Trading,6.98221010005165,18.362359714600657,23574.740745229577,0.5008726728801262,6.696399138042036,64766.09424632069,0.6983901170913744,0.726580640557936,0.7685525712622373,6.090480642324149,0.32744441803099095,0.8765918785026436,0.5575480085555703,0
Trading,3.2001437677095628,18.397962006302645,16749.427931908893,0.8951050885177091,7.476107290598126,12735.789213132744,0.6544329901112284,0.6090918973891016,0.9306128768897387,6.173716782407637,0.6205361493439046,0.4040161034379476,0.0910616901125079,0
Farming,2.8841848477425462,18.79184978082185,20841.03124207677,0.3777976713140375,3.8787387258657033,28346.67052207374,0.6027681450389067,0.7449654602597677,0.5664884571346319,9.491720250228864,0.2888478812148208,0.34896768104632214,0.24711553878274217,1
Farming,2.090636339938175,18.554526007529006,24396.987579413482,0.758886572281237,6.0631084304403915,16478.223394428296,0.7090346920724645,0.6337636059188068,0.6822569351488262,6.002605545836498,0.7673249533776955,0.3585601732581575,0.41786167663565166,1
Farming,0.2873963270363029,1.0,41866.99202815239,0.9504225957873406,11.835607017147733,5770.71488033691,0.8861240340392953,0.6472293426426652,0.6901571122222014,8.57356927740873,0.7278740393135997,0.6822806266013611,0.0789323953159838,1
Trading,3.1627070663896464,16.515948814482233,35634.304742573026,0.6012239495362939,6.105505445582389,3634.179083963181,0.7917691265771449,0.8285109492152992,0.5741539105511863,1.0760695636020319,0.754094341153737,0.7820192183628454,0.1783084743050617,0
Trading,9.30148974693974,7.0884282267003655,73428.46005430487,0.5485098898959365,6.96297006975801,8697.890250882076,0.37528744571229516,0.7900795399639629,0.5776457542847087,7.808681677841524,0.7404343236714661,0.5840410745471502,0.2573745195525561,1
Transportation,9.234143707616798,31.010685617725414,38983.19522620586,0.810183798916666,11.66696464087085,67630.29112546392,0.44043010982948505,0.8295088614358433,0.7029633739101958,8.003303214807246,0.7948344156200121,0.5751584326943965,0.43412071620724474,0
Farming,14.862859139186469,30.688663933769604,33974.38741894375,0.8296713776222993,3.905922855453475,15999.764494735035,0.9089536409031093,0.5424523518080729,0.8417909149280666,10.954083531609305,0.570548000588271,0.40854729684703855,0.09269336473060444,0
Transportation,4.33465689461222,24.815506659644704,22733.009245302423,0.5209295378880384,3.7097738442682315,27946.90591709905,0.8234316467661029,0.49349879097151245,0.5109284851953074,0.7577680238384122,0.9933253144726882,0.3938319244729916,0.25398658543208696,1
Trading,1.3639560261560773,16.09226050128889,15205.239630754846,0.4672335785945574,4.590953698957515,4950.432407583201,0.5690502211135106,0.7357191341580719,0.5654076571071011,13.047588115254726,0.7907091352137767,0.9632241750387274,0.2732207987693861,1
Trading,5.483748822400093,9.935880507170411,19664.270876905986,0.8338153161454214,4.416268447175795,10639.669060701739,0.9065828140123221,0.6934382904950088,0.7454629336787821,4.637992831838021,0.29346550941804755,0.5209469877890237,0.2562776053072974,1
Trading,12.11353438569091,12.73935198979516,18307.914569714525,0.8452628948164024,0.5369606629652264,23044.692152858108,0.5590821473646428,0.4763307596694787,0.3933216151953794,3.7164096064866037,0.5949817447582446,0.5558633966639078,1.2825329318032426,1
Farming,10.085063367113406,33.541135251408264,6578.10014021181,0.4689982830111769,6.413982428988127,6224.093754068357,0.45579742324079475,0.7382902609968934,0.44388762010238114,8.932794361838123,0.7776357765039842,0.6427651510567803,0.19040235422959498,1
Farming,2.6402399418486064,12.462420907840317,15448.273362129621,0.9146742587562576,6.650823906753777,12774.711428721897,0.7629254423835775,0.7121189939338579,0.638038007722137,4.194223173810408,0.6795789864491504,0.3554681080038382,0.30652992182728944,0
Craft/Artisan,1.479905802271512,1.0,64939.76122219237,0.5215726155252961,5.442424350504116,7216.77689045748,0.6890567158269176,0.7410416090071329,0.501946639709571,6.951005842095171,0.5889517087410802,0.8390110788437258,0.5932337871674418,0
Farming,1.4441020611746105,26.24132406788315,32949.458873077725,0.792905252814694,6.742412528502008,23825.317832909037,0.8106237283368608,0.7583366989076097,0.8619289620969613,7.032188986881729,0.9250399921691209,0.48310775299821107,0.470990382194807,0
Farming,2.198983034314928,30.004024908943148,21870.89156817347,0.5517692311409896,6.774326520149848,17658.306626666617,0.598735158732291,0.7402303659603457,0.6380558518702611,21.59266232079917,0.8496528009145671,0.9198114340788337,0.2558796504584245,1
Transportation,2.4688339083223427,31.27372549733218,33495.41698970998,0.6897714775158427,2.051544091715119,21555.144546868167,0.7999093919011696,0.8468550178748318,0.5143840836424755,19.720388257220534,0.34988736281033994,0.14058071274005354,0.3798880309593161,1
Trading,3.0255864308486293,26.306784033994628,9187.76062852037,0.6279846760255194,6.86591984135019,24581.5766594594,0.6908350661511231,0.6529792309544323,0.8900429260035242,10.424682091819836,0.8095337434713954,0.7544952393128687,0.3561341486413424,0
Farming,5.977166535521396,27.61215741787825,31418.549442613858,0.8510063748034327,7.675536236195207,11391.555767418395,0.5782408680616747,0.47452993271413185,0.5405723784203692,2.77151282254973,0.5825670168347789,0.6178585936774839,0.5163588380206017,0
Farming,2.94848104527499,18.423472592428336,54318.53242914567,0.5343931953970456,1.20869560589826,26964.115497002407,0.6469602751119402,0.6932288645532552,0.8762370087972154,7.295582967719875,0.17609358188916197,0.6882089811106675,0.10791216317898551,1
Farming,3.945147169590505,1.3896350120666945,25169.449814265383,0.602130480386667,10.389348067106381,8840.56700901714,0.8575452264494041,0.6511083866818095,0.6507862597920646,2.090284557157861,0.532612136292424,0.7925320757596996,0.4127914488831833,1
Trading,0.9953696235061913,18.223048332000108,10151.794435949558,0.7750162678923928,2.292611091285432,20702.382536363064,0.4264917571163494,0.5035880121500977,0.9072073264751034,5.0766143622780575,0.4404959228279222,0.6217028701514019,0.13882053481340995,1
Craft/Artisan,2.0927926881698093,22.972582179355335,21425.406273418397,0.6435157452766551,2.5852856457332773,3362.139155939263,0.3122552996270352,0.7324430877353957,0.7315373010094072,4.097057953107939,0.6052181688367512,0.8517034454253053,0.6688418925334172,1
Freelance Services,2.0160108026396304,16.917839547469995,54371.42924845302,0.8140858247186757,6.605865935581481,7923.201773904718,0.5615807542534462,0.8143341695735886,0.83009460752457,15.73896985332546,0.6523691211172542,0.48323362980952905,0.1427360897071454,1
Trading,0.8406937617987529,16.553311050083078,31015.622597838737,0.7371058410490784,7.604096372349902,67579.65414258698,0.5488179040814631,0.828063574649734,0.4756003601555205,4.53481186874713,0.7521481750068401,0.7842018180641707,0.19830302033176478,0
Transportation,2.8932784885661786,10.287055687853421,12331.71216038992,0.4926480622402697,8.333013913787195,20489.985953667143,0.8718552659716808,0.9491272408511362,0.8713839442029147,9.816273893915142,0.7633513223530947,0.6252443208990925,0.12363356694472954,0
Craft/Artisan,1.0022692965046796,9.986090053823792,98932.79384578508,0.712710642527893,7.6829770056254425,20495.13501396885,0.4208347360774364,0.925006707057182,0.8850921116515648,5.659369130494973,0.6378585831790858,0.9369641968431827,0.10430032692116505,0
Trading,2.741199992923126,32.70518811812856,13499.464757732658,0.8250253618808486,4.44089095692902,7504.610530097373,0.6363694512524415,0.8137986487824868,0.907101229710092,9.913577436072593,0.7785549287941751,0.8490469870786739,0.2995380750400432,0
Craft/Artisan,4.163921165233014,32.99477095904113,23538.472287061188,0.9447054955995638,6.325683880458045,6210.847759401203,0.8672429177915548,0.5646220375763628,0.7466190491974024,0.6219554799454896,0.6788716360284474,0.6971987544156154,0.11841484220053436,0
Transportation,9.402540405584642,17.978822950031173,15205.883429014091,0.7234973278857497,5.049988879960766,11102.7475648215,0.8504613672168122,0.8366169767283902,0.8994437791620645,4.8748258846241415,0.542001329252833,0.8155034629142242,0.22656634899320524,0
Freelance Services,1.9336614594743902,20.252188840743415,15217.462434573868,0.6457766356345492,6.522777110773956,12746.475242021384,0.7060266212005688,0.8012213476928852,0.7644742774287305,9.7208959245574,0.5014619164561204,0.22688445270544166,0.46093983847741954,1
Freelance Services,4.082564305680344,10.15313554370385,20979.8322528856,0.7780398521220852,6.2053699788180605,51027.85968958813,0.6933892128851168,0.828433986366218,0.8178762694743734,9.787437783864812,0.8206881855164984,0.48565418796128546,0.3368890624282491,0
Trading,2.32134904877793,23.14059879951563,38172.95608232169,0.5871070690388432,4.485274171271689,27262.23241578908,0.585423293595864,0.6135107727204667,0.8497110802526397,8.297622573960203,0.3198352104452643,0.5098801351288945,0.13581100855147146,0
Farming,0.9503330835597601,32.0771933729136,54709.48068490892,0.9562312159590451,4.958346251511125,14418.242295372902,0.8795669981099089,0.5448898848948656,0.8518497288348335,3.6691482180433823,0.7424861918697924,0.5623324450027014,0.33747968597045797,0
Transportation,9.472161668777225,5.766153760442453,21755.187316302745,0.7488017090746385,0.4433870240914395,13988.61359109539,0.7867785785388838,0.7746588827965081,0.8792021535932686,8.392097867500995,0.757121132804175,0.8255217700836298,0.14353725787645083,0
Trading,4.297864869960307,21.71106639761915,15435.433857121907,0.537781681640066,8.49039005898174,22713.131866556196,0.736919426035049,0.4101547163250814,0.7368327687169277,7.592776158046476,0.7478365283946781,0.8934617951067866,0.05704981759231014,1
Farming,5.295793176764726,22.31217794116032,35005.19031400695,0.7305954132714753,6.8926725209657524,5307.323266200475,0.865044413013412,0.6505674005866247,0.6051919190616866,5.964301474500326,0.6991783060155097,0.47022896333741965,0.1420204551572903,0
Freelance Services,10.464310937743711,22.22085211911406,35574.34348554831,0.7133019412356103,0.0,3480.930990189399,0.8248669479695967,0.869592148787941,0.5357410105980912,9.259723037717203,0.3578914711955696,0.41565179510529127,0.0762461018317011,1
Trading,2.7309851491480055,31.14254134278775,30705.804413706373,0.45051204557886454,8.379480806202883,22479.783127794748,0.5777125350335737,0.6317867263164385,0.5997355483688832,2.436239865928208,0.5730754866619632,0.4636521322878066,0.10757056000518497,1
Farming,1.3028864727332279,34.28814569736922,31308.8754519825,0.8692104865689748,5.840916574330569,14050.43822544465,0.9738900584835972,0.4672860234049158,0.920889778184624,4.8586441880097135,0.27308700323696933,0.6076407060956464,0.4362143220811635,0
Craft/Artisan,1.9110205068699146,16.1321305770187,25288.080937294813,0.7506338648574535,3.1895336509158505,5332.196447178448,0.6329985257308196,0.7231442843181549,0.7753375566382709,1.3272937647453635,0.5766144467190006,0.6784585504618074,0.25103714574116787,0
Farming,1.1976336528933966,23.385389377250863,28395.41507246051,0.778643807501953,2.923724461904086,3082.768717800847,0.7151998877469048,0.4839458871624293,0.4401310506210297,1.5863974509562815,0.7210257177355153,0.20287776306868355,0.3661219943596248,1
Farming,7.840857709188053,18.673869645808473,24345.246144780853,0.9753678632639967,3.935333493757049,24976.902025337236,0.7022719319876061,0.8373944086530855,0.812544987454098,2.667492234362396,0.5421950964750739,0.6699502407224764,0.16414360967240982,0
Freelance Services,12.4096077025085,12.943077656482433,48466.787564831975,0.8391063896592256,3.2054239980653882,9273.45582296844,0.8506697023175378,0.6368460368483894,0.8740714902960386,14.356398440777008,0.6245096952712696,0.4561224451197907,0.3415517576304617,0
Farming,4.132303543680881,20.166513255048116,91642.71155965391,0.8638445135903661,3.6084359986881913,17679.878755635804,0.5888875661863333,0.7010901638900047,0.8596028931750116,9.627906705339573,0.7783527408443284,0.45374661359771734,0.09800400305680808,0
Trading,6.089762051407432,23.371996228001983,29697.235315536593,0.6229301041307881,11.101902649069366,11107.412770906143,0.9038530476708677,0.5517761960355357,0.4164099043795131,3.094658133438915,0.906940085523754,0.3236994328457004,0.24911720877522298,1
Trading,7.175683249783392,19.735429483335885,26806.113699962476,0.745293958342329,7.113377983148078,13043.33714575076,0.3996192632563704,0.7687553434005864,0.5806980475924113,4.270786430885019,0.7359212832143395,0.8836259803072637,0.17312548246465959,0
Freelance Services,10.908132858594236,10.95055032411106,30968.43537821016,0.6622579622217009,12.108030953620414,8825.711425608855,0.7562969802806845,0.5754184877449194,0.6378917123372799,3.809518521368573,0.86445834839889,0.32798220976858733,0.4462719005560589,1
Trading,12.086064406743095,14.29151488115458,18734.893177669852,0.8934687103757124,6.677215846860602,12663.042401998802,0.8092231914856569,0.5479189994462133,0.8962225208696125,7.6035038593198685,0.29405916230137313,0.2748641434243852,0.8276505121860952,1
Farming,0.6536754252286477,14.352740638602741,40975.848211587174,0.8504592198221348,7.737797160251493,20009.27640940233,0.8101780848650504,0.38098626449540596,0.17285809023141857,2.560842148227713,0.5392535251736534,0.5473245053506195,0.15040670470825454,1
Trading,2.373568689743567,11.260448360554365,34291.302343077215,0.2848819285673938,3.357884420796852,11014.74419815556,0.6893587721392533,0.5807948725713362,0.6783939523399439,15.921831007934998,0.5141677046303877,0.5312137554897514,0.18069224539581305,1
Farming,3.807026593236698,20.50831665284535,21348.59877972035,0.8679703622400133,5.495914852662888,10583.204130744669,0.712952904954475,0.7520686308928547,0.5174267285515143,16.539332735306196,0.49743972503114636,0.5060043956341397,0.2313069063121794,1
Freelance Services,2.1503598055043716,21.344896770344622,44184.827966976685,0.7195084472030768,5.754959486585202,20440.561693113006,0.6676017213112575,0.7022160573892064,0.6908280806503214,6.668035087096669,0.7119263745262435,0.48928619207867285,0.13280801372668086,0
Farming,3.083342035642786,25.83614080709757,27185.645461387798,0.6529299373878265,7.860277336079248,21416.69268940611,0.8155344417722007,0.6839505005211532,0.5985430375506089,3.8844599687098187,0.5669002226030397,0.6099665246053191,0.19399674814949464,0
Freelance Services,5.064866052727623,11.139021214714951,15779.530622032009,0.5233287026770755,5.851549257743439,6025.506675160699,0.8263995817831342,0.9176500621369548,0.44968954048505877,11.915331838221094,0.7201292110743984,0.39738325942214414,0.32912757308823454,1
Trading,4.971294171029416,13.380170510169654,32642.893204144617,0.4935349546540012,7.053982475196336,13092.093936525986,0.7841544424999033,0.5890323718681717,0.7856907304719202,9.297155624794327,0.4080962213278625,0.6990702104692641,0.9287679634963434,1
Farming,7.0237380794863125,30.436555615449905,30648.710750352573,0.9137791706666593,6.946583631177187,9259.136133008788,0.6874850038697505,0.7995814359626225,0.8144647987700244,2.2362009608697018,0.6049105013171759,0.6484151851527284,0.24305620897029884,0
Craft/Artisan,3.8682381670502086,16.684033087416637,45625.86184048467,0.6925663901511366,5.091426982439321,13488.63264154217,0.6049658049946706,0.9426619591825101,0.573111675836785,5.1966093886234335,0.6964611955385215,0.5013273945733735,0.08263375157687106,0
Farming,0.32689807917768204,18.24104823401307,42503.887552007865,0.6839096372923852,4.782926806726745,36452.91918981583,0.6237689657613963,0.8250193080900414,0.5272007109135707,5.017521630950041,0.8554754140725456,0.9548849705457552,0.10395504777391949,0
Trading,2.893287677058427,16.599170228834804,25334.579448676595,0.6950353751582121,3.9930205959151794,17176.150726082164,0.9065611106468087,0.782352339484302,0.8191132885392982,0.5087285553761097,0.38103148159290623,0.3108693141035865,0.20155578130772386,0
Craft/Artisan,4.730521849261458,27.06424654977315,20751.051207386037,0.931299096255105,9.246911067086147,60777.28743689718,0.8629351664949144,0.7257829637034402,0.6921177240510723,8.795635554738263,0.6339384625786995,0.47378756055288945,0.3373519486911513,0
Farming,7.353530668958653,27.374469445720234,26929.000288791452,0.9311592929529676,5.092705166044764,15579.577030395367,0.9463833293124531,0.696732877811687,0.7647637629664711,4.046858111395665,0.7826161263353394,0.5916736942847928,0.22688246153031918,0
Farming,6.674007984187755,26.90566480471078,32853.70765709832,0.7344515323031289,6.986692513382021,11890.309787547518,0.8644833532871014,0.7564606945807286,0.5791291032843525,6.466388058477658,0.5709797010923027,0.7173137197609747,0.6057482704828514,0
Freelance Services,3.4996425698470044,18.21254089086038,35103.80849752443,0.47619513469133784,5.530334596033987,13176.922377320618,0.6419110551371963,0.6147371395592374,0.7958595965608078,11.271154839370153,0.5470890044322925,0.8234289859198346,0.3209380246513871,1
Trading,2.252660940580336,11.020512180087987,31754.086810391676,0.38442186801579487,9.187852178631964,14762.432599275733,0.7407573616646709,0.7229246967032262,0.8466398655951372,5.783716058222266,0.3457216535416458,0.598350538214677,0.4452306434106935,1
Trading,3.619346490180703,33.401704622074035,25593.173406310147,0.7599886983479176,0.03573701993304379,16747.36145161312,0.7006825994334762,0.6733562988976022,0.6921733045112338,9.129010077717226,0.7849128921745384,0.3496008476677752,0.37888223990300507,1
Trading,0.7626057917622098,24.850471815644138,46548.46752044296,0.6488568761253016,6.908909536790268,6671.6524504395675,0.7804635458941163,0.4717642330040578,0.9477191856535978,4.874159781037629,0.699971330988866,0.8141429709549134,0.6798556166868541,0
Farming,2.4296986242673038,14.346728148860883,18566.867577680267,0.649216057855977,2.2352685008764457,11347.898663308612,0.6113789564710731,0.7151015792869309,0.6369515540998069,1.269408448909859,0.7545609753118356,0.22130999197459905,0.3204795570203688,0
Trading,8.248737170992214,29.39055077555529,105205.60935035975,0.5112750559924049,7.172104498404029,8045.938611871416,0.963523290194425,0.5972125352951015,0.6264085743864607,13.413914810602677,0.8357259509998339,0.7640101076294525,0.1766773534655808,0
Transportation,3.611347798646933,13.71512867792724,40932.8709144322,0.6577171213019205,5.5603603459373785,27466.85915660996,0.8901743101809728,0.6447532149447969,0.836906215888274,13.975741599165165,0.15969363271137643,0.3552613977412672,0.8464323079807878,1
Trading,4.87009379005031,29.285627225509252,14470.726537129103,0.5254938303361162,1.5649166745765015,3470.4236770785283,0.8314060587820733,0.8153298647538751,0.6632579699736397,2.0889141509723768,0.926174741014718,0.711376312668533,0.15095878916905492,0
Transportation,1.1514796495912394,29.82627671507593,29788.45353124819,0.5811270326919601,7.012919360450097,14910.66656534427,0.7215160736926142,0.7769384545829767,0.7572400322331133,16.888126756188967,0.39724226881536573,0.8059263336136666,0.2655341747556373,1
Trading,7.320861099981232,10.628137826551553,41149.865390852705,0.49595170042060244,6.6725454589751925,4615.987724172108,0.6173867242986076,0.7753123289515774,0.5979185455890476,4.357912506033684,0.5379302888243913,0.34369243999242893,0.681840580405851,1
Farming,3.370210319582836,22.654066424167688,22199.98721510779,0.6679419155313802,5.306336527749738,18080.08985261559,0.801548516459581,0.6145287084670172,0.781546783428045,5.3181851073127575,0.40001084934272685,0.4638542991384315,0.5453916878448594,1
Farming,4.757041637222869,24.25752563169063,11821.447836221336,0.3780928052496405,5.686303267506055,10104.807372857385,0.8189156514900094,0.5903653997257311,0.648360193123596,8.534205181116379,0.6218063889973585,0.5792146042038341,0.1985584802902808,1
Transportation,5.486654378371474,38.91927359669066,15191.856886390027,0.5073327150827032,6.484533247494408,3745.2505775811774,0.6071396085339887,0.35802681224148875,0.9765348287248714,7.085848012558271,0.6053745990210688,0.5202184280616432,0.6803349882532553,1
Farming,7.145657246319533,12.061591058929142,36248.421676998165,0.4282229103322352,9.534660609571816,25836.962207908975,0.6041195035810788,0.5575415097535411,0.6914899975522993,0.8219128382263958,0.8286390946177101,0.8743767623346762,0.34479413714135326,0
Farming,4.265242505347463,29.460346215950633,10249.261570688821,0.9606619997493151,5.057019394401792,2295.0937356150644,0.7179119020051107,0.5008271728871748,0.5122766543005636,12.152089158353025,0.8778899922220956,0.7844790274872613,0.4943564263508474,1
Craft/Artisan,3.4284841803772426,18.138768144268433,12123.008870864283,0.8171386535885661,9.039095869189588,13069.10543618319,0.7374438935720594,0.4394065718224446,0.8113793811229648,4.800803202454018,0.28050398151135086,0.7381739884627865,0.20643331543160284,0
Transportation,1.3977958168892008,8.069086531355445,36143.742370312924,0.3090610260039529,5.887649188244449,21673.234751997297,0.7196535172985039,0.8290795613103957,0.9265191110712409,3.569083470992509,0.7944691671255585,0.6143078220680974,0.1808256203381134,0
Trading,1.0546402368668908,17.040102641325703,23803.738585181407,0.8801728693796247,9.887203873554187,35021.31654216147,0.7254462025421771,0.6435042929268642,0.8615342869402364,8.169618541155607,0.37294265618742883,0.6383746193984671,0.14211793708007017,1
Freelance Services,4.2054181648790285,18.019718088797656,18348.824394165335,0.9449646504143133,5.294574994618607,4328.127336667443,0.625382299576181,0.7715946917811635,0.7310034137582109,6.448392167036297,0.6816437722345787,0.41123586525270567,0.04195049197559909,0
Farming,4.778423716880196,9.528878455077688,20494.202473787835,0.6741713055747991,4.001027350574153,9309.431473001674,0.5258379336276297,0.7792557236033313,0.6943121116920002,13.548560657337031,0.6958358854077911,0.44402446379482174,0.42289489499304517,0
Trading,5.329701616404501,20.497388950812237,11980.701225090463,0.6653395060340268,2.706970486262607,28525.597451498055,0.5258800132859388,0.8938041795752719,0.660079690545384,12.838229974991687,0.8875656527570228,0.6232591807475694,0.528417862564442,1
Farming,1.9436076106391533,25.662474043988652,35117.30776891681,0.8479403893690012,5.898553537352743,29907.61747767981,0.6503441583293164,0.6276379692424522,0.604316479737326,3.5236563619016703,0.7477076525603703,0.7869411962969215,0.29456786667330365,0
Trading,2.447406448028967,19.9056052324961,17264.385979749015,0.5868432792496773,3.620480778111484,32745.488131508675,0.7399199009001904,0.7127705547139158,0.3237248297616451,4.468697928402948,0.2941921594945226,0.8048183094796351,0.2648924838881397,1
Trading,4.152402912394132,13.665247284960987,20037.009118542715,0.9432837334404857,10.213465023158891,80266.44602798088,0.8289242941358084,0.8062110831388155,0.3979131149877475,2.1275827140580565,0.5326991461030939,0.8243788635467239,0.040643769255877406,0
Craft/Artisan,2.6919576043857134,16.812223452744274,32556.483872876142,0.9540068134355144,3.386362374720064,9357.327296860354,0.7044100198664247,0.7356800361575858,0.8355386876492088,12.875707717911984,0.5710493021580302,0.5898870789813994,0.30201470106684797,0
Trading,15.633210206765577,17.96365314565239,23361.73848220212,0.8098149167023602,3.9299298915954255,17338.198237655313,0.8892069306150181,0.317761818642796,0.6862688394062617,10.555486339186757,0.7832634471816112,0.3415502823195476,0.7830056450405253,0
Craft/Artisan,2.4068004743027323,19.73857301984839,18259.49832347401,0.8833776885063542,7.743249327071147,10487.03330653651,0.8990168452834282,0.6710424248467018,0.8879744578246789,3.5685093746389676,0.5965880166591335,0.968415789466453,0.26488042321192673,0
Freelance Services,5.00597477049486,26.87864609792025,9007.464184265868,0.5366686125694776,9.55737585602629,3352.3617334814126,0.8663471033224527,0.7887936283347964,0.6313289260314732,9.718642429968904,0.6396185870000922,0.8639199018228287,0.2093980434306843,0
Transportation,6.541851451051306,20.175518027088714,32928.18362658348,0.8140248819329815,8.193136119477305,12544.002735382455,0.3090011382645248,0.9299648972845447,0.6812924654043875,2.6991732554981946,0.7095921556191421,0.5507178279693612,0.23764727235068786,1
Transportation,6.809020655434015,6.778426970962316,28097.787966914464,0.8135716812955796,9.176054029341163,3307.489951709398,0.8697233490924403,0.8012470580735688,0.486180531747557,6.798805976930062,0.723811962270102,0.25505850024483107,0.4471369798265718,0
Transportation,2.655917247651008,13.50143142409047,20240.420487792086,0.6448740351571698,5.759351700188523,9278.173942230218,0.7316657804662176,0.7699156442669821,0.7435921309649026,7.307952972614693,0.37035748885958886,0.639284558598446,0.20781066533947645,1
Freelance Services,5.504761710242376,19.328168407173095,15205.773830752967,0.6137845050425326,5.801624584608991,4780.4469121544425,0.8350812640067303,0.7144561661641922,0.5745063313247029,6.491648112010516,0.79122719209826,0.1812431660710918,0.33873254124042623,0
Farming,5.052323821709395,26.99299587963291,27092.693643314044,0.44924966429140945,12.035273601775794,18164.056346865844,0.552874709252967,0.7432435671509521,0.6870658612403188,1.508260265859855,0.5031165009585211,0.8370856849446754,0.5752906918636186,1
Trading,5.66542943202597,28.382771532292413,35040.48787368546,0.8813770792820074,11.070806141623112,7746.772624913003,0.9211213470792389,0.7575314025867179,0.6129081109734991,8.998380302104641,0.5939907402874255,0.2977859995157831,0.28265880562957774,0
Farming,4.11374327143792,32.19748273269964,28389.29409884577,0.6392980101388233,8.142607084317879,3828.9824816866994,0.43870542378283167,0.6518621202647638,0.75651319734172,3.0343490142464846,0.8161663466246925,0.5062333957936526,0.5567807890713197,1
Farming,6.572878887318001,19.04491518063444,66233.12777180513,0.8875377306650726,9.319819613020961,24488.553033791773,0.8427400616188264,0.8123522210971191,0.7842848213617527,1.7044642610930199,0.77145070339577,0.5160506934410805,0.22467063232926535,0
Trading,4.46355134765772,24.106473404019948,39641.26802415831,0.5677099054469662,8.575597963028994,8754.944756528477,0.5478396288489262,0.45050794365957064,0.40786421081564495,8.798010787561733,0.7447613927477102,0.9387818827871601,0.3614190124574496,1
Transportation,1.2518233308592208,6.3643077247762445,25361.671079423857,0.7425458353103842,2.3820766316082187,9872.69871701893,0.676342274128877,0.7257199362889944,0.8739722741372965,13.869967071454003,0.855944948979833,0.7018001341137163,0.17092637420657505,1
Trading,4.370932204197072,21.439052585291865,40378.523087576,0.7815677282045999,5.8810436701139395,6738.346958812924,0.7407638592554094,0.7622560711039859,0.591755152176733,1.6446074433123605,0.7367832462213083,0.8841182290459483,0.3275497983265713,0
Freelance Services,4.734147341040875,9.397887188313106,27632.95201419723,0.28079513670326994,10.490322867044137,29862.33692891425,0.8304189427497702,0.5787913569766633,0.7900494499298686,0.48037474401586866,0.5544556089755972,0.6890611677356212,0.6091511173672689,0
Trading,6.271637589856104,17.499686433962,27580.272040537442,0.8907585487865366,8.161017534985824,16144.961529085955,0.7170100165811515,0.7269652462989667,0.7782841019562966,3.5294008317353445,0.5340417894019115,0.8229131631277505,0.49601065628345425,0
Trading,4.208963091344844,42.23870711097714,54885.259189516466,0.5402476214497741,5.809231018297111,8697.910251903713,0.7276635189104526,0.9490029493987827,0.6033255135409417,6.904231428102671,0.3634152128965782,0.29330169487513175,0.34307413982976587,0
Trading,11.075639139372557,20.428433889523436,16416.926201288665,0.8296166284448736,10.52627340069245,3498.7992378156796,0.8990820735969667,0.6214577449608855,0.7493085766212775,2.7242237924558594,0.7743023468820692,0.48052216523579727,0.3219877874638747,0
Trading,3.516642517994113,11.089494246557368,27250.313549537175,0.5575258548647536,7.107905723786169,77454.34473870188,0.7980341851947574,0.7498013384525595,0.8415771888019737,7.081504107964086,0.6596327454587668,0.7663731695228622,0.5422119189901355,0
Trading,2.551452536151,21.262312047663244,51758.321568556166,0.7623033742432366,8.266738914871933,53399.52830191633,0.4793922706458328,0.5477976274509164,0.5210128029055319,3.3448552851303335,0.48325169578747607,0.2988539783691118,0.3124781428410288,1
Trading,8.945839107027,13.863398507285162,31886.71699757801,0.9667545224411291,7.123594337316061,36686.76748933466,0.6875282594571916,0.9024294284374277,0.9347814097347564,1.9532654691658593,0.7382080338994591,0.3178344581026455,0.4445604636018397,0
Trading,3.447223824701622,10.314047094739589,21960.943475091408,0.8537955798203241,7.623486794635513,8166.370276448379,0.7745527745453352,0.6736270323721705,0.6564157459790261,0.6282882952990912,0.711367277164924,0.7780665983676562,0.3142149192684474,0
Trading,3.9386375296126905,34.825116267124,10526.08908328841,0.8563702850674647,7.8380075007043875,9408.200242822399,0.7707091681591742,0.7948415335956142,0.3525787128430281,11.768447454617466,0.4848405835873794,0.7340335241909028,0.5201560275039349,1
Farming,4.735520521407625,26.534496210134023,7717.989501180055,0.3740444833104541,9.899022230799359,17684.88819172781,0.8961128322824083,0.5466560927126827,0.517003396208121,7.5351585959363785,0.8752093392821151,0.6333186835407473,0.2534908704995937,1
Farming,4.4659457330386765,20.76429299996596,84279.98200203205,0.7184032656519931,10.289869566135401,7145.960114915405,0.7649595534569208,0.8516868060210382,0.5094332605834072,8.839001424412164,0.9466743989830738,0.7166085905627513,0.23415228720403147,0
Farming,5.635106316411059,14.86541367801967,31878.322160981123,0.7467282144583884,4.646726642953097,6683.656848421862,0.5946426230960796,0.750800306297356,0.7221145885275307,0.25535319840527226,0.7214239674225625,0.31720662138665895,0.23470534126351064,0
Farming,6.029406949938104,15.513684136222405,19511.508959514744,0.6720053372711728,7.066533257845284,37085.85811849227,0.5862119946705182,0.8332050776736902,0.28111535884809713,4.2395712001248205,0.21371418240939108,0.2133947545770665,0.23415445972202287,1
Trading,2.3771616422847943,30.339854934753205,32604.359617812745,0.5343364408550216,9.813026755642092,12853.889737277603,0.47249002130223333,0.3907113975831029,0.8617213972802549,13.05955988014393,0.7487928258628171,0.788577729905377,0.2749830604785948,0
Trading,1.5033263107354677,20.452620301316543,15974.983141390452,0.49979587928916974,5.605321793961426,6100.2907258617615,0.8161257395896546,0.49694570612597244,0.597728732763414,22.467963737877383,0.657864233214319,0.5283170985182744,0.0818583480779496,1
Trading,1.6620824376946264,1.0,22422.9282612808,0.7710994346902988,2.0733115013651435,26026.41169483384,0.7551733888937531,0.45873907409428016,0.7183902553187506,10.183834110265238,0.6253673066228123,0.6329193131855769,0.10710481748737409,1
Craft/Artisan,8.321731487983294,37.367508125270696,16034.257143344019,0.5925216053106659,3.2740554216057616,8939.823960085145,0.6409410779128182,0.7151386054557649,0.9509652246617067,5.398988754978637,0.47038667684912505,0.6547769760664427,0.055800004086014765,0
Freelance Services,3.24246701868694,19.46449885577828,12365.919353798858,0.2962033286940062,3.4812628835422306,3342.4248044283486,0.725912872532025,0.7388512882526111,0.8160790730165054,2.9361065963445,0.7163796405312189,0.7910455859479227,0.048822963795871956,1
Freelance Services,6.503260059811977,20.746952045878537,8452.844405879414,0.8224591556659936,4.625462988954611,6036.811481517837,0.36763939406384294,0.6418491434138679,0.7828738026316009,7.286210474548987,0.6398315966391263,0.9200434068599687,0.2674746850525533,0
Farming,6.138421456885356,26.69355850747837,11173.368734377975,0.8934387275776584,3.761315073056471,9306.371934296983,0.38300250472440084,0.8580429026412257,0.569385349904828,0.9680879029384741,0.6576980315598567,0.6480001191664687,0.02699155653269557,1
Farming,3.9380489101384177,21.723222618492695,47179.19404056576,0.8374771094398195,9.087318249666108,15583.556628939417,0.8349923188933787,0.8867952145034943,0.7818629893326712,2.2101517260224552,0.5201981005087785,0.3218284384735957,0.2141952213459041,0
Trading,1.9198500312497484,23.975268941734477,15634.181551726602,0.9613595738488263,5.169527749078852,15066.308926038753,0.9838038169605162,0.8034040519614637,0.6804102000420625,4.612502809224684,0.9125312042961107,0.8868215016976404,0.5895190619763547,0
Craft/Artisan,6.2373808624443,14.610212261080601,36105.14523649261,0.8095877621855238,9.783305137954294,31553.479461228584,0.6729634757419716,0.5791129686950054,0.8007012689164698,10.09661905111958,0.8519610031424393,0.8972170288999414,0.14573439797853346,0
Craft/Artisan,3.8432355842176333,8.161637408268907,45531.33569158928,0.3200688896140706,2.6091199542810903,11317.17749407753,0.6683939362000257,0.8900618154324668,0.5424531172071541,5.791241582472811,0.736761166212264,0.57867128651081,0.17503498643039386,0
Craft/Artisan,1.421189671258291,20.241862251785573,27149.633518253308,0.7689204741678372,4.940031667234638,9643.533336889332,0.8996665367412043,0.5851064884212168,0.6239289663104204,8.391019863401095,0.8258674720453074,0.35044929474606806,0.38268837840743436,0
Freelance Services,2.7091918040696243,29.45291721819672,22829.025035979856,0.6878132916216285,6.312832061614621,31937.38826339618,0.6540345700947183,0.621538537271129,0.7003407859424959,7.0341940291195115,0.7934373848469285,0.9366929714897569,0.5434427838748971,0
Farming,0.9746788460560032,12.81757953293506,28945.28510320251,0.7920421337277291,8.431984800886784,26505.042274447176,0.5848683047526831,0.8251200823270441,0.5783077035970585,3.64414050530511,0.6240969810691471,0.8021152252401749,0.31039828680574083,0
Craft/Artisan,2.807597399050825,12.175808041441789,21393.850468136432,0.7518200329105822,9.430880295618339,11505.490788833524,0.838471351875105,0.4959814179983016,0.7305694406325659,1.2630153617904905,0.9049229719311617,0.552525083552566,0.3611374713372172,0
Craft/Artisan,4.08364187386004,27.768154083039498,52164.11545754424,0.7669653740489745,4.385048124266103,16389.902233104505,0.775569737998151,0.686291189985771,0.5667674568316731,2.879312665127598,0.873934290044116,0.5370143396963487,0.30295144159522813,0
Trading,3.557075048350536,14.34203835887127,75515.53161078453,0.5319128875537118,8.980255525225827,9578.482243196127,0.7493126939582916,0.5802985086792795,0.4408551756832933,6.384677953112691,0.7710298079778987,0.7410383630429067,0.31478096741536604,1
Freelance Services,3.2554983612064983,14.715520689324784,59718.46253143074,0.5105286304173858,0.954321528010369,5922.338676551087,0.7827740383751184,0.7458360107929309,0.6390812079008087,2.904895419338275,0.5409776819837291,0.5036304606801233,0.7622681170896362,1
Trading,4.053924355320009,15.014845816430064,8239.04914214772,0.5101429006315653,8.613993552032849,62197.20208325101,0.7387302622300634,0.5524876221769668,0.316274835430192,6.195761362935429,0.7312682485174368,0.5445984311946916,0.3574523010067181,0
Freelance Services,5.409866506215336,17.480152152076165,21155.078685592776,0.8419639346116166,1.9768049025875083,9142.399136887658,0.6859028998648448,0.5504113359770272,0.7429687827449216,15.885148594194543,0.5372325222064872,0.35118954778122663,0.25986239297489955,1
Craft/Artisan,6.846497928149665,5.410895232783689,26964.798263679433,0.5757729334957524,7.339931821538284,16423.9333324824,0.6363430775529869,0.7886233873494229,0.9142760906302241,1.099388516788696,0.6299794263817828,0.8946317852778087,0.27030637176914124,0
Trading,7.454416322130479,13.685279099666989,34706.48646290238,0.744867737733881,9.38755958473687,4625.116254399729,0.502591797729212,0.4569155617569444,0.6195641603277204,8.547735859428517,0.6714034404558779,0.5110545018448512,1.284121406569416,1
Transportation,2.1706815107035387,19.842944153117777,10404.326458663947,0.8553449823450179,8.6616910182262,22370.896511856918,0.611301593535562,0.7196943677647931,0.5869187264680259,1.0307207411227686,0.5869271300907632,0.8598683951819407,0.6032256881220716,1
Trading,7.932060770943817,19.785903489398635,10312.43767302783,0.911183445294067,1.0824662683525617,5743.933706901935,0.7402972344447987,0.619602147238217,0.9210288363508644,7.351987231561807,0.7175867106278995,0.4226388784290926,0.21173561273140284,0
Craft/Artisan,3.8475118220407754,27.263944420636697,55200.890384769475,0.698782014571628,4.658302763951608,43242.150606343326,0.7386390932935766,0.7887761767702708,0.9513606456173964,8.467069386872307,0.8238417262523408,0.45226292772496646,0.04168600958359293,0
Craft/Artisan,2.9964384256525154,32.71513777755844,19781.142715455793,0.636311839125565,8.150799363708227,47013.35749192663,0.8608117249777588,0.498549799445402,0.445024132315365,3.0968578666206383,0.8808203106069602,0.5195162212841209,0.6739124335171135,1
Transportation,1.7052624024965113,30.099867573315223,11871.86404790038,0.7561958784736316,8.064884742397094,19849.762852506352,0.9277748934636224,0.8233195195392581,0.7091019594250623,11.289435290971728,0.9292136886061422,0.6253103964067787,0.370159925035041,0
Craft/Artisan,0.2941120640514533,25.317219072591477,14661.75315218909,0.9886065554553595,6.827793576235645,14478.456743686367,0.7422186753212939,0.7026500900830168,0.7919387304842334,7.423089088700592,0.7755119716898493,0.7306347214906922,1.1554924405310762,1
Trading,5.1592389812343065,16.81012327386234,33348.26592772367,0.6612471564965208,0.0,11717.156519212853,0.5602774217061026,0.3408355458770095,0.8902961833615336,17.70936235994227,0.4708335442875457,0.4224311155914501,1.1270654133752842,1
Trading,5.0257252678281,13.01544744034496,17113.0870175609,0.867139937674511,9.594146583161812,12922.42167519832,0.4880142049148291,0.7029745797232871,0.8223417089121048,3.474076399178596,0.5041963242304148,0.8542731744935832,0.25794564632482075,0
Farming,2.5241828269667472,18.143027460067216,30726.910194742413,0.6490886806793983,10.128781169484263,17791.295274275,0.6209502109123809,0.8230701160015261,0.9131967985360024,3.680184794752914,0.5197632127607525,0.5141188079638827,0.1538298331161129,0
Trading,2.581730085515064,22.684630158183182,15704.458791729867,0.6349758661704682,6.491219552383002,14225.928792093606,0.742420347269505,0.2976346913260316,0.9366068286154288,1.3638901395809302,0.6560000833358494,0.5228472265971417,0.25226730502097716,0
Farming,3.4635384827539872,24.575502385965343,10308.148005043162,0.7710254967722353,6.685733810253972,26560.843785555742,0.6932569762381495,0.6392732653971928,0.5817584430208061,21.392481658998005,0.4705414439248467,0.4149902551432859,0.22055133834044308,1
Trading,2.9580290159305496,22.984685868126803,58888.97024863516,0.8033964274106364,7.5091811409578755,7024.724750305965,0.49064993686395075,0.5012713045049824,0.9168827153408697,11.769534686394335,0.7450188578373603,0.5378658572744546,0.2856779244514635,0
Farming,2.092389727940607,17.03059622899158,33490.07653882623,0.9608070510173129,10.38132841027424,38935.34312564594,0.7690497329279237,0.8018255821219371,0.6881106200443795,1.9040335906223371,0.5158087231202659,0.8110050614045369,0.6953582942972093,0
Farming,1.5497075305902601,24.294897918738094,22391.507272232153,0.7808483945466175,6.751662550909779,9938.176848894816,0.7364730381477863,0.8898596812333965,0.9149851527047865,8.367798819032764,0.33591461688955215,0.5165880246188232,0.21399900779911077,0
Craft/Artisan,7.989136575768272,28.08698004066802,20196.226380177803,0.926704576103038,5.426476064062964,7925.848990929233,0.9091748828223988,0.7539887979333637,0.5982900204167851,14.934114877528984,0.7275971084442575,0.5833484510708328,0.2505504843534198,0
Trading,2.698690395215411,25.04128307254033,60216.10997119695,0.704675065841392,7.144560340448639,17220.014713125805,0.7527941865583634,0.7035372777790282,0.9222683509544922,3.6874155712933367,0.8122640958201811,0.3811533415888832,0.13752399029360657,0
Freelance Services,5.006525632128108,17.74389555869281,37247.55280132253,0.5775405856426927,5.966670366069264,18008.27669766134,0.4712974425668099,0.7084709963973786,0.5954746767719117,3.2395053287613145,0.6365891451494227,0.6693211533173934,0.36689171125444725,1
Farming,5.682028311953662,11.329210459951947,50551.46308734845,0.7374941855374151,6.000748427087961,3961.3134740260894,0.746858881722602,0.8701037854717428,0.8786476642125088,1.0406225847507808,0.8809294166895156,0.3596496573704107,0.061273009574361915,0
Farming,5.176289538550472,11.13946056489514,19515.592245644493,0.7727889734168688,0.7024218867503791,9539.755633277558,0.9043440989531201,0.4519727945236691,0.7485061910317368,10.771277225599816,0.3105235043574641,0.3096990050427057,0.07626845079161637,1
Farming,5.887669485986622,12.550259011262547,27663.429828032324,0.800938047533692,7.568494788046357,2920.6603531911055,0.8978624224945295,0.8253964728564608,0.46966452192162694,2.940033917157337,0.8200822937090366,0.7485528007627189,0.2572561890303756,0
Farming,5.137396021410184,20.05660158939944,33564.00204096417,0.6752771936898633,9.51436514631781,8324.889480851418,0.6176244772593302,0.751280433245,0.755081275797142,1.4852261489166778,0.49843294067791283,0.8393182493929423,0.31169498491910846,0
Trading,2.342304519256156,22.158430028445068,19879.851092734105,0.34041077709452866,9.061118291308102,8579.661239930763,0.8377266218790796,0.847359232153512,0.6459573640086453,7.959434322464611,0.8197791124195661,0.4768767887728491,0.4239951414777226,0
Farming,3.0831711036935765,6.683741456447761,25526.11539068068,0.6348120304663017,8.852974407896431,16452.334969243453,0.7960721634443139,0.5933189561385928,0.43824758180426404,1.1509936555219085,0.6996296377608064,0.38133856826116125,0.35505344961162283,0
Trading,7.85143313698796,13.968039133091594,19516.47604258533,0.8467214566544893,5.840993066305426,7696.669414054296,0.6726005272549612,0.5367994779732679,0.830453207603338,6.700250411183891,0.6052361666378281,0.6337715782678999,0.5561712198282284,0
Farming,2.639351433099652,19.94628372244315,33506.092221128,0.9078296876547018,6.4370285795280076,9083.969733209231,0.7398214736670856,0.8799450758654891,0.8032077731733268,1.6803578809346336,0.8241700507433687,0.8471067853561567,0.7628091343271324,0
Transportation,3.8514201871320455,10.80256071921918,13006.873271054807,0.529270211798024,9.574208091544719,33280.316234728234,0.8151465641077535,0.5158746279729758,0.6487716245774524,8.669262124848778,0.7109753974379817,0.8026281671510498,0.46287841467918245,0
Farming,5.425806876719559,21.471233224476837,36848.99080170502,0.8174613349127055,8.602062879485336,56666.27357920163,0.7075612325572416,0.9239499066695008,0.6119413497610503,1.945732117880799,0.4552627345620793,0.7090299424444543,0.6363332493042483,0
Craft/Artisan,9.719726678036308,15.540573672667474,31916.9425103255,0.7996411753520231,10.459068759816693,7011.920443906195,0.7265074437864955,0.7083180705184938,0.6035465496729563,3.124157049268881,0.6266733098855352,0.8619698862266527,1.0476246350061558,0
Trading,7.405529584848688,12.212637826645945,24056.976324214866,0.6196315258540273,3.981850663256694,27268.288601444776,0.5944729493792584,0.604135490495149,0.6328303595912779,5.528986589351385,0.7992275253711372,0.6782990687301332,1.019553274564139,1
Freelance Services,1.8574432498097022,18.42564345959118,34448.97180916661,0.598712815006219,3.9631321177465653,17526.426471092014,0.9213843038593222,0.6664993060675566,0.4340156189110439,3.481135417096435,0.8459568377411941,0.7987713231832552,0.11759379860201954,0
Craft/Artisan,4.899128338282618,21.138242636632803,22010.672865368913,0.6261930304459642,5.002295025386446,3955.4430117645456,0.7356614418088187,0.6105469704336318,0.769392657453338,21.96003392307922,0.5725090575219982,0.5544312893300521,0.5336101092702852,0
Freelance Services,4.521696622920745,11.211768685840578,18609.511356828334,0.513896114540655,3.1709020345807906,7678.510179026709,0.6330331948349209,0.803895559582423,0.7485138267005502,2.31221829371272,0.8567128361963295,0.6452010624053038,0.18848119789415294,0
Craft/Artisan,3.1029220086196756,16.05910096148762,36280.99702092198,0.43245556960314374,2.0356346758461594,1604.419208133557,0.5373118073407709,0.8372159001982794,0.6983751700517244,1.5433484548717775,0.7525221622629406,0.4385771588347944,0.39898120924855796,1
Trading,3.931471004224965,21.741427018456864,37155.151304509134,0.6548222244994759,7.4059116781829575,16755.74392244508,0.9245911983762658,0.7353184937371487,0.43446689814566747,15.689276283133939,0.6807563145737666,0.4535305430546524,0.11002226483581139,1
Farming,2.324448027166081,11.90327853346586,20353.36164553723,0.7860149867037615,7.201651183381739,6287.04409176489,0.7261965965578745,0.7985347988685437,0.7239533171160686,4.088404158156253,0.5948777701719338,0.604371969127864,0.08933148804558502,1
Trading,3.4185752779467524,4.7379452766087855,19415.388247589057,0.7834521552691369,6.738677676704354,14672.772669425773,0.5260043334976647,0.5642533973015466,0.7646641682561189,8.156788913108208,0.35283687059391194,0.6462079250098678,0.5974994906457456,1
Craft/Artisan,2.6579788863850387,5.707409234481965,24327.54639831842,0.6822523447936671,7.061235728951501,80794.6755115017,0.5351660892842337,0.5122121986036333,0.5241198564095195,2.7720802337800134,0.6407056306746998,0.8139396992996429,0.1710877623207069,0
Transportation,4.141640003381621,14.655593087544244,19858.688356908362,0.791166267705215,1.6088649136624813,40749.40854673979,0.5785576821961255,0.9380792873191314,0.6092776572402782,3.8560568018694195,0.6741862962081905,0.6572684072661427,0.4133117282527163,1
Trading,3.019475373505872,7.452653789558893,62243.88088351268,0.840546163660826,4.559842544485387,7809.494962088759,0.6611214020288976,0.6030329724058959,0.6472916010045939,6.649147458857542,0.4941481533658004,0.763143544652488,0.37743950689788736,1
Freelance Services,10.189126220652692,15.218224838590032,32018.25996060112,0.671222308592095,5.119594668340396,6593.5847443565735,0.6737867828417616,0.8229638584759854,0.665363177467189,6.23456213412442,0.6181960482400889,0.5193820563232255,0.2769221939079003,0
Trading,4.237491201968354,31.31954280938143,27120.091839232275,0.8099243749975116,6.145518129013275,33027.21103129482,0.7207786347779099,0.6728372969701009,0.6053025114513181,11.803080879315857,0.8811752221178598,0.7373049408175247,0.4603171303953093,0
Transportation,3.690382884505607,6.971212898490547,16106.871553313531,0.69147398282973,1.6207109461890008,6611.983576993739,0.7467931183847842,0.604186975554142,0.6103564692929035,1.4640148982830234,0.6040491264475245,0.8299740149342856,0.7482325914986986,1
Craft/Artisan,3.288264560951021,15.739161188178393,40394.30933043104,0.7411088537960887,3.2166264470278003,26736.526332541376,0.6874229221969356,0.7437863222564742,0.9667463321740938,5.96765679673661,0.7666862742211541,0.7501993401760694,0.3833464015475561,0
Trading,3.0254669042554316,35.05843643417107,19218.282241336474,0.7247003291949362,4.690564643742194,90681.24673094782,0.8880920550769208,0.5331750825950498,0.577112926515496,0.5572927031354773,0.6424880290106115,0.33911094307463646,0.1800938411713978,0
Transportation,1.4214875066278467,21.265040663805678,18788.28805528767,0.8661238619438346,9.174856205302255,21435.265376135183,0.8748049027919679,0.893938603652009,0.7557364266638872,4.480958414188807,0.6803126091916141,0.4506958482907339,0.27107880724839073,0
Craft/Artisan,6.493163884640857,15.058213700195203,41148.30706567629,0.9122261177165871,6.785610865471804,30601.662079777747,0.5110804769086469,0.8846673991216327,0.6233152625771332,10.414234348051107,0.643797500580939,0.5796391220048969,0.3328921198975787,0
Trading,8.954047011559325,16.744938923846092,33290.504879185275,0.9034927501060351,9.064698587929469,28215.337529788623,0.8673497301473798,0.784678522903204,0.6353661721252825,28.27345779114139,0.5683271447949856,0.5800988595806658,0.46145990067203085,0
Farming,2.6275516155767003,21.434900067146224,6789.30470173196,0.8576202355901186,5.632706589432817,9045.576846080676,0.5276966141152872,0.6440572795000602,0.8501889163117275,7.050848456885679,0.4110525267045433,0.7234027365722887,0.3465297223078367,1
Trading,7.825276772585179,31.56617544501952,24667.110582143112,0.6449842381585414,6.002966680125121,16368.816844485144,0.6044308743672988,0.5731061453356449,0.8267137833253091,11.026913730187589,0.758947129526415,0.7736303642288349,0.3418871495392276,0
Transportation,15.53614142267771,13.753171140182058,28826.079405884982,0.887533722364648,7.497227752371393,6839.671920519941,0.8567023732068905,0.5613777257525765,0.5186178611480995,3.4969121094162166,0.549693535496794,0.15115966671392514,0.18338819016450847,0
Trading,12.135527124649423,11.939117736893738,22319.636138422436,0.6895296790607394,5.46836754896475,32956.69475599225,0.7445449629425386,0.8683830265031628,0.5985583651736572,3.521383617490379,0.474116197569911,0.27563953970617067,0.3257733789510858,1
Freelance Services,8.703430678898522,6.969530137758181,29383.836291316715,0.9598777854059853,4.125823549201815,6250.464941669522,0.7990783142690713,0.8296444099272545,0.7703938576581368,5.133296095744397,0.6469910607800804,0.3068385023742008,0.12036271483324795,0
Freelance Services,1.5776838905432036,18.824768260078432,9943.472636027676,0.7436935937803838,1.5306437300510005,21822.393477819664,0.4388974514955957,0.74005217388222,0.8065229782848446,5.043280624225168,0.8755282831745541,0.5072674518608684,0.50871392402815,1
Trading,1.5623011925412722,6.754501041456697,5669.967531636312,0.8487007683610057,4.206248476088756,29501.68359747552,0.6962278013931454,0.5643228669875194,0.892432539640928,6.437117261972061,0.521470472627253,0.26292836774722106,0.3431239978556094,0
Farming,5.868852246977345,14.289739001425643,15732.634568439727,0.4776600377040999,8.508561769897137,9469.679449087509,0.7602693219666232,0.8136270494347656,0.7958036026030239,1.6327470766509578,0.6345394920181281,0.8401098602924155,0.6508020305326903,0
Transportation,3.878261309555557,10.730532471117181,31421.131302566322,0.8613207176372669,9.782022428085616,8065.113797787535,0.8535982555376033,0.69348040164411,0.4733615653465674,13.813629044065832,0.6954686436219698,0.5571712533517664,0.34007366022740954,1
Transportation,0.6105020884289557,26.592988081872846,5000.0,0.7181637783916724,3.6805292953280055,11863.419337827632,0.7760584050473015,0.776804456220738,0.7571377735851726,5.623527761748852,0.6056542649955697,0.6454293057969829,0.255857535002901,1
Farming,2.8583644307668865,13.932828901065553,16916.583010274884,0.8906747549309438,0.7987875498050947,7153.076967658021,0.6608116636507096,0.6118024604559693,0.8573350085115709,8.688859302178454,0.8128835534681139,0.9635833162601587,0.6532009638315618,1
Trading,5.699265963991059,21.175442624044926,9343.923023252113,0.6164599415431217,8.779832620378425,14905.39215657166,0.5961877922389865,0.5673639613308198,0.684190278656205,11.265455972385281,0.6370995851049568,0.2981669690302157,0.4734876808478098,1
Trading,3.4540759433130925,5.167263986491497,23542.361752337332,0.7089991758276887,6.207896002946655,7031.257888416924,0.7373526758490986,0.7419405908712674,0.8160321694646842,2.0466818381319416,0.2612143296447525,0.7821671667364021,0.27393777731081953,1
Freelance Services,3.891621508931686,19.052055635622764,78971.68045084103,0.8351333688171029,1.9588595356335654,7396.859672443567,0.6867914000406323,0.8958463573076632,0.5378477003079636,12.932140133201479,0.5192013303363505,0.21865052368201313,0.1323874581311128,1
Farming,1.5603426892263097,8.37471755311401,23874.189161130358,0.7165678965537482,0.0,19591.126798707115,0.7743920756142418,0.6137835785740915,0.6096289244052444,7.290842847582825,0.9364861219929405,0.43963553598345306,0.08924661168786746,0
Craft/Artisan,2.8311816446619633,14.594812000561127,25358.605910786875,0.5462413594197775,3.1097680768672835,20584.43977596878,0.4828299597217466,0.604147037397124,0.6371666908385912,7.765085834593083,0.5765770895273161,0.5720045673222919,0.17033563429310378,0
Farming,5.8851890451266256,35.68962059404979,42683.8973748572,0.6996568063441954,4.611162398927882,10878.460047493962,0.7077476648339658,0.5231032988402651,0.5628667363656283,4.878074326687775,0.9480699256901746,0.6014764286359366,0.044566793947732344,1
Freelance Services,2.729351421314273,25.45739501792707,27220.308420416826,0.7997530359721023,2.5450472433895452,4219.632687303684,0.7966729416225584,0.8457355079754081,0.30776066474498853,15.846141627648805,0.7905710672465078,0.5047580142729697,0.1324741693873991,1
Trading,8.229152635818586,16.972699337349546,23902.887018938414,0.8423484968984669,8.075719099275329,30321.20059412128,0.8289859607611435,0.8608615260576412,0.36475827217161727,12.954531839946945,0.6904290877359307,0.6349122759961323,0.7306564789966029,0
Trading,3.95367321125697,43.59153527826557,44786.19655342015,0.8581770567564125,3.5622965226142393,9760.696540763773,0.5839959961681618,0.548878911246501,0.658618601087638,3.084463767235761,0.6559945685012654,0.951818004926453,0.37936611609975124,0
Freelance Services,5.146333257188971,10.67860247701346,34875.43292900377,0.5732587757781903,6.037205834456536,56591.86427426243,0.6714444386881784,0.3877731915571503,0.7570475607569309,4.515802974980003,0.4297045942934427,0.8246691083248299,0.4191447066973133,0
Freelance Services,5.7981845985152205,27.321731056602893,31531.558135144933,0.9087078986975329,13.120467866258934,12177.218996049165,0.8156020752623625,0.47818797172238087,0.6450208091908218,6.6695728315539675,0.7853098495037698,0.7783463600565333,0.17552515458571685,0
Trading,5.646959066517579,5.738604345223084,24926.10473183341,0.7124532615652677,6.3523838983571,14691.79084966272,0.6380995221218625,0.8430175059270733,0.6892034665414436,4.872146967312757,0.6553574925290476,0.5510780266381031,0.22464588767450785,0
Farming,1.8145832903938532,16.04861793881642,22240.37061123959,0.48495588783708604,5.653444858377043,9875.122537388781,0.959685760139718,0.901757133388201,0.8539991563810521,11.999730977060874,0.6421700537430137,0.6039259981281452,0.3891244966978446,0
Farming,2.0804128323318927,7.217681998555516,44553.41061028652,0.8513319496843155,5.721216840259589,15841.46927550822,0.6469341106977609,0.843900618687837,0.6955261814747442,12.995629746579095,0.6318572355076879,0.6556505438236787,0.18870613371918823,1
Farming,0.598497211151587,20.058207320727,22358.135964692006,0.6215917001290404,8.007043418513954,152298.41755851326,0.6519882066497875,0.6383160271371613,0.6055324554699348,3.801186594488872,0.3433056700818994,0.5991166420630127,0.1733911488273581,1
Trading,3.075327087586668,18.447762028630056,52954.5397366296,0.8888373204589449,7.635255126762505,10464.268221998736,0.820232353034586,0.5651480897919043,0.6306981219438884,3.201365942254559,0.5937916938449037,0.1265159100359436,0.14696765936153525,1
Freelance Services,1.9585452735278863,15.538681606531345,15124.473895733167,0.8145112219473221,2.989336566398575,32644.444353362804,0.8331945959812055,0.7863902623496787,0.46897218484376035,5.062068058860356,0.5794724027092515,0.4072801191072275,0.5559311756623755,1
Trading,2.6689216342727087,26.736456201010455,59194.3380338562,0.907025272781875,4.766541219794494,14234.78081971615,0.7629048805118547,0.5557086962323212,0.7246533946908833,6.76404386552441,0.7896897180062843,0.18814479410036417,0.49083966660535144,0
Transportation,3.308874016082624,13.463208215977676,34878.366526778824,0.810784311986017,3.9980131641208914,30383.510364716243,0.8198813974616064,0.749701659608876,0.5801498398594261,6.808105899028079,0.2501226190790094,0.7180171051672845,0.9104134908766078,1
Trading,4.316604579926731,20.614813982458593,15792.742725460625,0.8987194661143595,5.152070581423081,3455.35061179856,0.7530073969791694,0.8722542302171908,0.9246648443639469,2.2819864330021,0.6728201101955403,0.6728847715693608,0.08866363967749336,0
Trading,3.4910469089025447,24.56443952217071,35594.209496002935,0.5569330385829531,11.47986300421012,52126.13070241346,0.648192255034461,0.700356006996818,0.8837320514640449,1.659931907957359,0.7588172376110175,0.6087571037345646,0.17626800684245603,0
Transportation,3.4456158419468412,6.134230328830535,18813.56452478708,0.8102599659848111,7.8523425635877455,16961.779247975737,0.8525126070490884,0.9199570958572605,0.23951144024488114,11.228928805785495,0.6431079785990813,0.7740010799929835,0.468765059403053,0
Farming,4.877340199751351,12.01268526660493,27402.387671935994,0.9044936976771847,5.760712175464856,11076.392640263324,0.5649474970569764,0.7849525657815373,0.8700968064965416,3.322627983749336,0.7501057405470892,0.7046553934883708,1.1214968833105599,0
Transportation,3.773650636011197,18.43088773852667,20585.764548634015,0.5575483387653005,9.733596541993403,25142.55050548907,0.9138091289002312,0.7851195449355057,0.5063078273766201,4.565150748799709,0.6640352351360335,0.3923161614106247,0.585914118239088,0
Trading,6.8030428205181614,23.04122735542655,25006.681039478473,0.8855246091963955,6.565413814253401,14775.668283337585,0.3614763685382329,0.6581399048173615,0.7490580090953333,9.951275601769813,0.8938285954039596,0.4895353854727313,0.06840591698285282,0
Freelance Services,3.7820485914597546,29.369902127372264,45151.86824407738,0.5604399012656661,1.085848907923232,5981.858492665972,0.7313565649373619,0.6025929782848525,0.205524664357278,5.977800622206206,0.6618328642433634,0.44959002242745305,0.9146273306132237,1
Craft/Artisan,9.757395531852397,16.272961610176637,35781.32573145097,0.5563084004150488,10.99189409433291,2449.6591148454218,0.8065504587480047,0.7838068438637822,0.7750588239170443,4.606704347276448,0.5914740719821484,0.8844229494828179,0.6237238918745834,0
Craft/Artisan,1.756127659448,15.468231658800928,14487.609335822059,0.8866215841695803,5.530803181200144,47965.68347013393,0.7643240154552808,0.2516986560026994,0.8890927972431653,2.0931566781841386,0.6372735989607273,0.37368071827749444,0.3002856816158379,0
Trading,3.0357066101645427,11.01923175829069,14951.201703416704,0.8574352278514925,0.0,11430.097224874076,0.9094205654568404,0.7429620765499008,0.8053282811764666,3.3801264597036456,0.40911931802829377,0.47870261597304853,0.49122172698271155,0
Farming,2.3570279399235994,20.639872737416265,31223.50906220944,0.8026303652744002,1.201121362987351,8698.879412987842,0.9153412153539535,0.8977836456330449,0.5503803830587772,2.8119660199501295,0.5342560016598679,0.8110092712632052,0.78858020449544,1
Farming,4.431107391084214,15.623059410415268,32492.121378051263,0.2295839226399164,9.383056263747402,9185.19605608336,0.8624600492593877,0.6008503380167727,0.7974636447437085,4.185400763710219,0.5640490717554016,0.8611231100521266,0.24140712243193096,1
Farming,1.755202570122075,15.807741897394251,18565.406480036494,0.9141834548254271,1.2498013262277228,37239.62558124862,0.87876410159859,0.7515749332601833,0.7725974968404403,2.5855406905800717,0.4866739320642015,0.775010734066891,0.5137702640200127,0
Trading,1.16133785224599,17.248891952891935,64551.8151305522,0.9665378964064087,10.047673641856093,9479.833078546768,0.8466395043763361,0.5039719937120145,0.40777332673377165,1.732763326144359,0.27822573921848176,0.88498621618007,1.0462510044654083,0
Trading,2.0318147219515064,22.413024496722713,42083.97119646191,0.5880223900559365,6.243142766582105,20974.35805955355,0.9186777476362212,0.8442499835294822,0.527760626897606,4.891614111055539,0.47975182390203847,0.5605965285585242,0.07072704787796089,0
Farming,1.235394934082093,13.490155574565911,19071.169035295952,0.5917437225828649,8.141682464994414,10569.82918924484,0.5723340197974088,0.7586732566048442,0.8501786057877608,7.494711536670683,0.692357962586245,0.44893894248793176,0.5121600373893017,0
Trading,3.3402177331091734,11.822735288728762,18083.57915200023,0.8245006596200143,5.229580753177243,5550.445523370578,0.779299509066886,0.8791340888663327,0.7829907869207376,0.9343306421558801,0.8094856948946633,0.24222353265010985,0.7013852158850777,0
Farming,4.3081386615583614,21.453793489072826,23734.921709574024,0.862272718039983,7.570094567766889,25106.93620705747,0.6500523640713392,0.8325629329336743,0.5760382286021059,2.231841657216787,0.6420636483104935,0.6706600465512179,0.22573697940168266,0
Trading,1.01177917719075,1.0,22414.87486456975,0.660255768045782,6.94970160832984,28914.636079721662,0.5704180790182408,0.6885960569422555,0.3868442147541645,8.273566505605935,0.7163983313477732,0.655120867232906,0.18540095224251044,1
Trading,2.9002521516833935,13.170574610706517,53684.877044539295,0.8603000208492791,5.884409568597898,8303.869582420828,0.583499506386831,0.5534315889704743,0.8612970305106589,6.336195512572939,0.6708123694862546,0.418781240662131,0.08739917825541751,0
Transportation,7.392760909181804,8.789524004741088,46234.781268994855,0.8255494550152666,2.803683803305053,13011.255290824069,0.8881096293339014,0.9078335923850727,0.38956568593111573,6.833237017641803,0.7073521338049203,0.3589310559233729,0.16009252777115318,0
Farming,8.776349256202257,27.626065784134312,27427.13778753428,0.7851446433464522,7.075585127128732,14298.446169810373,0.6675617304576555,0.7744314810130628,0.7778668968373434,8.101568998491423,0.8213447847103281,0.5806641037945028,0.06097399937871409,0
Farming,6.191249978817137,14.472537899656826,39059.75994025874,0.9186871733837825,0.5489277073539194,18243.923468768517,0.9219406449606361,0.44890677189234585,0.5647555842494792,9.390817653716285,0.6663019821825268,0.8143532071891044,0.10070730318229203,0
Farming,0.37925242114265095,13.514271077862153,42303.97678687696,0.8666395655922758,8.79450396508705,53098.47039201459,0.7683923991916712,0.8288308250934371,0.7361479837132192,4.305559901052687,0.7832614286068905,0.557833834667826,0.1986122132912442,0
Craft/Artisan,4.046041274544626,17.61102011797381,27779.216177196926,0.5277383797334111,6.590985114139733,10649.740379574974,0.7237120112127841,0.5993191739700856,0.705914298292275,5.066785974116421,0.5902529857309156,0.42634697805946487,0.09158007543824764,1
Farming,7.945911568657427,13.237020572280692,33571.751851809946,0.8398378425014806,7.392589524258259,10603.813682755153,0.9007481358326693,0.6486078978239022,0.6232681295869081,1.8610259422478321,0.5364789893960494,0.39880431529617777,0.2850568681954878,0
Transportation,2.690121767337566,14.778814734771721,37302.03473762905,0.721260272673355,0.0,11816.822451214444,0.9045122818885559,0.6321706827675048,0.7981714008672602,4.7111531906454625,0.8208380057321741,0.5937370269391316,0.2762126030821751,0
Freelance Services,1.4422591838412409,18.776883283385306,35178.2456071319,0.5371211090056746,2.622798887358231,6908.098567427877,0.5639457604724749,0.7912327395714029,0.5370737044066105,7.818603965710673,0.5338598537922332,0.5892043903990292,0.0668952713310282,1
Farming,7.570281455538845,14.623676523949856,17529.805705972536,0.7169827629281371,4.482701420942009,4001.7491440891904,0.7501552518462704,0.7885664247667092,0.8683798098616359,4.134632584968871,0.7449745887411929,0.2835351908474555,0.30442101904850466,0
Freelance Services,8.284571854239646,14.566260381823703,18532.09983072826,0.4088174604674861,8.021034712291772,14671.090043557071,0.6710535141758304,0.5038359760149171,0.531666222879076,4.070291146787838,0.9183144570334231,0.9450872902442294,0.41149292014366845,1
Craft/Artisan,3.754518434824001,9.91873861030953,22954.58404515119,0.7658088804580586,3.1715671893905513,19323.819632881583,0.610505046919085,0.7085513898528708,0.7827862275461236,2.05857186162979,0.708636030234941,0.447385885697055,0.6383943280743077,0
Trading,1.4536387221306344,8.769730075835751,18239.313876926062,0.8048522062472583,13.644011262902099,13382.681443444619,0.6913884031121338,0.741548297656125,0.678280128033749,3.643833667928633,0.5502433091279859,0.5521696750454275,0.7575766071986595,0
Farming,0.8974319491825536,18.485095180722244,11965.642354772377,0.5732550572694307,5.21006212194681,12785.992297008963,0.4883003838242604,0.7348207973457691,0.716225852731437,4.697579403823288,0.6070597904510278,0.3836953391360391,0.6226768660008145,1
Transportation,4.73672035769635,20.45280407828658,39017.81354999697,0.6918618901917383,2.952013485102047,7121.609341632324,0.39521318752340673,0.6723767760263111,0.669420806643342,8.84866029141778,0.5774651647271466,0.6413729968078947,0.3980577496876618,1
Freelance Services,2.372204005845896,6.5747468497284025,32549.733811785645,0.6199960832308797,5.439450387223338,15941.510498032843,0.6117647344067957,0.7022359152211881,0.767272941602515,2.799620887912275,0.3978281831702276,0.5078391488659271,0.3510749474617418,0
Farming,3.59185010133854,24.07953132304678,12878.935941899163,0.7204993944040176,3.147157619780238,15046.51123298561,0.7339778548739176,0.6442573736431316,0.84942005587003,3.2310509511682453,0.4803420301320824,0.6333692803123806,0.46361293832049366,1
Trading,3.3275131829702387,24.11238111859798,23564.480849728683,0.654309475034959,2.446975542321427,18628.05929348849,0.7958721703551757,0.9020555976342483,0.5484126780399315,8.423933803529355,0.5321765109734615,0.7725650505092647,0.22117981682209145,0
Transportation,1.9477406668634565,25.797513106228983,24309.993514114394,0.558983146204203,9.032938882093216,16757.030805774946,0.5660967043626565,0.5234380032861248,0.661706962746278,0.5043138415256841,0.70228209469093,0.7226851366663862,0.28959682580100576,1
Trading,0.8521526014320845,20.39911267792478,29734.683429190318,0.7772208970921536,7.539721834052138,17600.303601389372,0.6884753567570927,0.6670975290440586,0.38692870958991565,9.572080787751167,0.5851741612920978,0.8903760132596489,0.15976457731267157,1
Craft/Artisan,2.7430040328444494,23.09665680231197,14837.939409066375,0.4663059887347569,7.54843328461356,33629.09613452697,0.8067462148007843,0.6165018666344605,0.7820109530154777,3.7695886953852966,0.6817279269862002,0.27708094227812974,0.2040819806391424,0
Farming,4.155337184529966,35.48020675662657,12775.737843107561,0.719203172459006,9.830259268751217,19941.094366952097,0.7267271098923054,0.4336618209935225,0.6760534082444158,3.4366421722568514,0.43197021483181325,0.3481061453806613,0.22167769980616123,1
Craft/Artisan,4.289240827851297,15.587827192981653,35805.20213331591,0.6536386177990828,7.4600159669630575,18702.768113691043,0.6929959262381712,0.6913187605814752,0.8872888262186284,9.329329648248976,0.6212135361378763,0.7436638162896653,0.052174055306507636,0
Craft/Artisan,2.2582112656237223,9.634467992883547,11571.736475652511,0.9812044190512497,2.7977787897105815,3945.1490717318784,0.4660379054698444,0.5376023122441133,0.26610040263955687,5.928408840705973,0.8311436467998009,0.7681660252583757,0.5397122889121502,1
Transportation,8.177970022274048,5.727520934228307,23671.689537598566,0.7485151412037379,8.125930751880077,27929.75295057398,0.5349738190436891,0.36207198669480145,0.8622505528639964,4.98952608477069,0.5081669095744253,0.5920956261978553,0.2730484956830069,0
Transportation,1.5776604425397311,32.04539144185853,22486.210819004486,0.16687706969767693,2.6201438299828013,10845.455607403535,0.635652357278074,0.4926789379398004,0.583196741321586,3.6203636655567912,0.5934858005453708,0.8462263276436885,0.4877012390981868,1
Craft/Artisan,7.023198658978527,32.150298069589255,25139.450516777157,0.8145157298464839,4.565883953087296,14121.415337063727,0.47999723869206334,0.5439279984605149,0.9470546788850356,2.4001700512995194,0.7303236047400635,0.36819114563024974,0.1818244881683845,0
Craft/Artisan,4.0648898994029015,10.603202064526155,30914.935377056463,0.6478115817647442,5.862845655964163,5480.594877905393,0.437671463304086,0.6347679831863995,0.6168395716252099,9.555277909443728,0.5644581934509904,0.9106168507660034,0.22885285770338012,1
Craft/Artisan,2.7607955099913393,12.181433498571547,64809.91240121126,0.7785300144661923,5.558459379482689,57694.173469969974,0.8390360845868513,0.5856853901036992,0.9046764223034898,6.649678475533576,0.5634471899628497,0.3171048267765611,0.27918343556339836,0
Trading,5.154538493270786,15.408071699750623,11162.098877079723,0.5732429114775704,0.6264505478480125,2363.8549099035386,0.9522861461101079,0.7657214570041035,0.9121220112578518,1.6074964898213047,0.5701949204926551,0.5996608997108419,0.28358149159343443,0
Transportation,3.187768041621739,27.794054977167868,43569.81488852194,0.545386658062512,3.097186360990809,37861.071097525404,0.6878409941102386,0.8396684000343051,0.9062200768309511,10.556081167623997,0.8130600055888056,0.6879302226000353,0.17819627035816962,0
Trading,1.1481577818788673,7.701582412157519,6756.857213095291,0.7914575366385681,5.932474041560826,17990.738858360208,0.5981833269037237,0.49603109290646624,0.9236067414834114,0.7438856062551238,0.7572273904001469,0.38179398043419704,0.47718406517939,0
Craft/Artisan,1.483850241548103,2.267043800888999,57903.96444961854,0.9105617465798138,4.1679398686901905,3520.2748424619617,0.7180957427301594,0.8524515989082583,0.7301801913700142,2.6757065714611947,0.5751819915436737,0.6997204961887544,0.05254826588281633,0
Transportation,3.0417478113790177,35.34011581249729,8746.613384887742,0.5713746144147179,9.378773545128038,55574.412330315026,0.5947706896511111,0.6849307716601106,0.7685380436288434,2.025393665157994,0.33486185393965623,0.5329090526864447,0.4651207417137421,1
Farming,2.4986392303917864,20.498986295360602,102746.1899527486,0.9412851952309063,9.892457299338503,19141.917456350133,0.6338237353492732,0.4413241341374517,0.7661045963995529,0.8753912489541442,0.7339158288216321,0.7813131967883461,0.04514543419503972,0
Trading,6.91996174284705,21.635306447348484,21712.158752491145,0.9558474362644157,2.6388420515879174,2563.627358449428,0.7676040937848071,0.6570701585596728,0.7328521125538392,4.982906921080849,0.8307647840375872,0.4466693600898368,0.5527309009179497,1
Farming,2.4132895774280434,16.359151958400055,54705.01594729096,0.6822295305796905,6.179264241240031,9939.583018380852,0.760229604153218,0.7639296150555336,0.6946788489109117,3.366782484136417,0.5494455433186957,0.7540064966796844,0.03747778352432457,0
Transportation,2.3024752262497046,21.72627938974419,48839.06641529411,0.6586345280095586,10.748152453504659,19421.97294297574,0.41538230993213754,0.863792314057646,0.6076680999636875,3.616026509468627,0.47943502181744596,0.7673760316038547,0.20196340993273854,1
Trading,2.079292502539174,5.8863529332721125,21161.33553037154,0.8106758454484103,5.597346284350988,44323.331751444,0.368059667724705,0.8823292405692114,0.7163357260408791,6.672896075073154,0.28495174212032587,0.3766086822791281,0.3295233787470232,1
Trading,1.9442904701719064,11.272635465118162,22073.607211321614,0.4070503896427384,4.779061574040845,10031.91004945689,0.7784299959021987,0.7711929518976488,0.7014725268727974,1.6945812723818507,0.6655537625900143,0.7705198483017013,0.23033496306938026,0
Freelance Services,1.9942375516232758,18.841263076180844,16976.11389955514,0.7780716164388427,8.580662880840652,2094.693306907405,0.5320082641818191,0.8536191474819718,0.8824940584359982,6.181631879927358,0.4857349532704867,0.9026769002559333,0.031845066594603254,0
Craft/Artisan,1.3021183769634577,1.0,41483.60597998334,0.739077188124655,5.17739460534306,37097.8550932088,0.7205282296400005,0.6812013908746221,0.8868344241381804,17.28074265354762,0.6999160184476042,0.7255327302987895,0.0827407812877068,1
Trading,4.182803542955287,15.579859089486167,21313.42729836032,0.9696063313097321,9.812610549478624,18934.510929539498,0.656612887038702,0.9259367896643292,0.9017854144952491,2.976704045451558,0.912528242311487,0.8386100733296971,0.403152436431574,0
Trading,3.3812359355643915,15.086685037324742,17146.66648368953,0.8770387739569304,4.215760414792371,2799.545191411684,0.5481976207765805,0.5363879346574851,0.6851480950302009,19.2411937325383,0.5750411822694589,0.7487941072096918,0.2304508673140467,1
Freelance Services,3.282234571053404,15.57847814439711,36152.515367958695,0.7358428830236862,4.576236197574029,16981.627464992158,0.7411382800557272,0.7916819185537267,0.7058410353319116,7.602724923029431,0.5775874264212436,0.4839891943947457,0.4500242660859453,1
Transportation,0.9483446846193996,13.59134553743215,16424.886895770294,0.517567944808396,8.3704694012871,18287.92952927827,0.8455318128283716,0.10275609668814799,0.7425522531177892,8.399286267565998,0.7894679642795054,0.871951421313069,0.3321951234417259,1
Transportation,4.862933221931772,10.032864593004023,22450.31085306871,0.7244668061017865,6.301631170445937,10643.43533503017,0.9324881468174763,0.7000208753525052,0.8665391351816023,4.985110690752148,0.6217879490635456,0.12110710936849538,0.20074210971071166,0
Trading,5.189217001399374,3.423745197832641,28535.61472781982,0.5991743015679074,6.325218171358693,7486.839822054847,0.7736217923574874,0.601725288733014,0.8728531815457294,1.944050328261077,0.6239814083631464,0.6917092603137153,0.13411550009829468,0
Trading,9.462790117902056,19.157976377339295,18895.210966171366,0.718546569699259,0.2720055672375228,8718.374348238529,0.5927070983356799,0.7737753271299971,0.7783110661095762,4.124558456754786,0.9295110030619801,0.708896034123467,0.7560373962643813,1
Trading,5.005528602149604,15.599008105630054,20530.117339161385,0.4759655721736205,4.939760017330566,10638.686883841561,0.8795003973813913,0.7675268905053324,0.342319619876999,7.474367250699322,0.7165022436565887,0.6698567519406435,0.3278491384190579,1
Craft/Artisan,10.674476975767217,6.997747627450577,62582.48719163598,0.8215670302563884,8.59211236847015,17125.16488191766,0.8186818461699873,0.8150703265410618,0.9176256152026028,2.3897105147019557,0.695219393303683,0.7607084342545317,0.2545449324792661,0
Trading,2.2178014201840717,18.500267302670167,24044.718341679287,0.8003464575436214,3.648870053597935,23198.709932751564,0.7721845071523786,0.7401801623363066,0.7965180483200927,5.717203732493632,0.547837283314826,0.6652954154629773,0.829840890528058,1
Trading,9.784592224197622,15.640398439418352,22075.091537419037,0.9215379985451815,8.10200419691942,2970.596230143643,0.7026121363972379,0.701217924394088,0.8544185880997823,9.955366239184004,0.7103987727179369,0.7573645205438624,0.5593596217215099,0
Craft/Artisan,5.113216873421183,14.31180838670308,24432.785418447977,0.933558549597686,6.80396946594729,15981.39118115973,0.9082066009533213,0.6143830124470541,0.6994852152028774,2.7300254109928037,0.34722556157753137,0.6505980591914363,0.9024919471317059,0
Freelance Services,4.693822637165406,1.0,34542.65595088497,0.64331461405553,5.400854677456315,18799.067307294583,0.59072000710438,0.6127637641606598,0.7271410341909407,11.017100224019629,0.6524972664440621,0.7775066132318661,0.5266217536433936,0
Craft/Artisan,3.2232007062038455,23.462140098463145,15235.369957666057,0.5017164491015254,10.073263988807012,15038.952786330932,0.6125238991489617,0.8977541142797725,0.6529646187775484,2.587153021128545,0.9253190673769203,0.8028100847823973,0.47129770627801393,0
Farming,2.752726018016141,8.135591679126959,34029.0030294305,0.7033315889111177,4.980467922760272,10062.802629406757,0.790874353645748,0.7359440424830871,0.48217677544820203,14.220372684912832,0.8021661619909642,0.6776037778770514,0.3609556759784824,1
Farming,2.3480417420408743,18.506162038729933,30967.73405647713,0.7877001109149669,5.189558896370338,36093.47114109122,0.8169694561779096,0.7514357165996455,0.5573757805676087,7.657320537854254,0.9443672676859491,0.48463365688111976,0.41249262610257026,0
Farming,9.994547750687687,11.533852452538458,10059.166011332722,0.37062880376103435,5.366590846951734,34237.6713071739,0.75607574168937,0.7674404377198696,0.3429455679359084,5.442712286612405,0.8957364346750248,0.7594633390991129,0.07233574629853749,0
Farming,3.1504967452421826,14.890187859616118,72174.39209734039,0.5267233591323535,6.241574723995296,10338.718247720588,0.8532331579512065,0.40751218104712383,0.8309676319170688,11.34291130604773,0.45919944366896664,0.9086753561104344,0.10358851239803418,1
Farming,5.174137802124795,27.21833993399929,60080.9115395782,0.3688934827442092,8.300872706144329,12604.956742769544,0.6097259329209669,0.6136865291081702,0.735353624155998,8.505727392655803,0.724974168853751,0.8101539867422805,0.08123436303230212,0
Farming,5.935345441285947,22.25294560642699,17321.267954825846,0.6691462977105188,1.5823344170818832,22931.990299223075,0.5054416115638883,0.4261530863628761,0.6998342397841087,6.727827482948662,0.773922428065165,0.6890211590120728,0.3470839620238636,1
Transportation,5.8805140834140515,27.04031957031576,14511.04560488549,0.7947805389801392,8.604135804813875,32788.71224675804,0.8552928348618379,0.6560686826650163,0.4846649102059712,2.7219517372334074,0.7368211162020954,0.5999287099291857,0.34817845819396614,0
Freelance Services,4.195850740883455,20.643083956972585,30498.364047311574,0.8417367727327776,6.204294203111487,7548.721899463337,0.5798041858210983,0.7358317805462178,0.5967222755806673,5.632491553222314,0.4378546721728504,0.5250388514499313,0.4025877369933822,1
Freelance Services,9.670920548941579,21.169148674726245,12280.589331238447,0.8645524523211571,7.662103739404006,6423.128803073457,0.4795267518804833,0.5945164795555136,0.7860930895701129,6.762306058771767,0.6110327768077408,0.8267296311130371,0.4603538660903632,1
Trading,4.907938560806963,3.750887998190578,56974.303224074305,0.7726610554098747,13.175551249778573,16186.183831494458,0.9303744780080444,0.663466379035819,0.8982576579865288,9.190234976819006,0.784035707884039,0.5516978520341471,0.48646768614093006,0
Farming,2.303131956032173,15.459800049067567,20792.558668062306,0.7776570008981498,4.465018796537535,6084.467434489335,0.6279097218331549,0.8801405039317228,0.7075772165455022,3.604078434630156,0.7813738973833277,0.9198651988580644,0.3741298584418137,0
Trading,2.8474975678118195,16.200728545211135,65643.49643173102,0.8671312348207523,2.32598828623348,3423.7843542675573,0.7925380401663276,0.2502168633510366,0.7363539546001162,2.944146422151248,0.7333528277382226,0.5675113623071019,0.40084260890176854,1
Farming,0.9983095972933822,27.7893185628158,17095.629863444246,0.3385882034853343,6.581397085475339,7523.124644501684,0.5417144605466537,0.35252264744377093,0.906130295911586,3.27143755845666,0.5607186463040054,0.9387893583074561,0.2003708735551967,0
Trading,4.509065788243337,13.950165376744573,25293.14913675743,0.4176279646411029,7.056500509165431,17890.31049230686,0.9213391228605804,0.801213919327728,0.5745462794597785,8.560743629475722,0.4883671409282074,0.8441495232246071,0.08130156458620404,0
Trading,5.462356781877669,20.11887607244898,54012.292234694345,0.8285167711318812,8.614827988176778,39637.35308227498,0.8600681156893711,0.6329387660856832,0.7764389712107889,3.3013705585989124,0.6320851598104749,0.443520444509302,0.21013148553191163,0
Craft/Artisan,5.77418860135238,19.80605874467802,22521.333312310035,0.6509641827328158,4.384869768053324,8134.460798703981,0.4966360843721978,0.6200779040580137,0.6493651006746255,8.58925858741928,0.473487849285335,0.4747202988016473,0.7557161016812048,1
Farming,5.113280798292591,27.26140128224582,31246.11910294267,0.4502566238417623,3.509679386842287,12246.720780719139,0.8514017018228428,0.7685704092069945,0.8297495500489964,6.595133519838404,0.7352712164013988,0.8055091914563647,0.09720629843098325,0
Freelance Services,3.231174972174425,16.93004734155093,49067.99732325553,0.496741928076513,1.4010874406331482,14896.499597435406,0.5973730137676729,0.6820072229452057,0.6364424616290435,7.211525566968719,0.3764011229155377,0.7095484414431784,0.19076158128454077,1
Trading,3.6723930796371502,24.622295589545175,19814.591744202153,0.8572457528584139,1.8975194133662612,8484.365872760034,0.6429182242461444,0.8422833316863346,0.5924860767274138,14.980529001330709,0.6597594651171801,0.6985702202553454,0.5002197371099223,1
Trading,3.6798687448760536,4.361078926899804,13440.710808270474,0.8117811221389661,4.752113336105355,8030.3652977403935,0.7392852531099668,0.7548191809271518,0.7711338108417358,9.348471807616184,0.5531423138147425,0.7306351666795936,0.07823009240380976,1
Farming,6.935611764813364,5.087844536448467,12060.720024593988,0.8854689001455069,5.650245192242649,16890.210377364736,0.7442700970510974,0.8204230333290271,0.515796403815254,11.53271961241609,0.6518032209299034,0.43778498204867455,0.6004418944567663,0
Trading,0.6701736280135686,1.0,37082.039178378596,0.8463372637530058,12.195402499190523,5777.91328252266,0.6650147412819977,0.6094484292557119,0.7319528400786655,3.313635244790553,0.634435790329964,0.6461732463329726,0.02323589400694863,0
Trading,2.6166858600478493,24.287879801066666,33317.168472360936,0.6021787923347179,0.922250052845472,7807.268054465652,0.900137502062,0.4022281830427802,0.5483141715378864,1.9086273084879293,0.4518048333299197,0.7325995026016833,0.2324595190792302,1
Freelance Services,1.656543735617929,23.389335502309887,48238.59690180547,0.6177680979048579,7.006203981549104,11593.367938787942,0.41391973650625746,0.7295076060849927,0.9223280284707155,2.3963010465326366,0.7475991387177645,0.6603631279678478,0.4063640430230802,0
Trading,12.156482962780235,25.17462059119426,23139.014345200252,0.6246094827347202,3.8221924400912504,16742.78692988529,0.8043797702594759,0.5828532525857344,0.6868800491121236,1.9152383233196435,0.8410536929786133,0.39060009822039693,0.6677064472702979,0
Trading,7.822421964012393,12.581105314350456,12247.7130447513,0.8146984216937507,6.668600170886584,4625.442844355484,0.8794723268844349,0.7470383022732827,0.7850861462667867,2.691071783667684,0.3568720950479061,0.600022372464041,0.23081376116865954,0
Transportation,2.698993777607126,13.491618739722671,7375.996063494037,0.19435141060529382,4.340292380470276,12190.694598597865,0.9356577491363536,0.6416524724173578,0.48393700058605466,4.527063691871824,0.7597199814947394,0.38912039363463696,0.5159798053224692,1
Farming,1.187215793994517,17.031618858701513,130271.94041239316,0.8065224545840061,9.106153761137222,5412.1461144721,0.7449559126007087,0.6567318940751865,0.7336534183512106,4.051296569132531,0.3727516746129968,0.7304917874087178,0.33881638202134035,0
Transportation,1.48745601837071,29.549594423581247,35947.24263456964,0.8827455145938827,9.087571182916754,8275.539891237275,0.6507397414654197,0.9087974732578464,0.6601020298560931,7.7725542755394255,0.8338427732594422,0.531021406696498,0.46536805265370645,0
Farming,6.875470932105338,31.55062502097641,29005.346842271287,0.8736295598245775,5.660696891430726,23203.041839596524,0.8631602502381299,0.736240074897115,0.7114124788399383,2.8523865572365663,0.9162632613100135,0.47690948929744625,0.33331251662242367,0
Craft/Artisan,0.9712918395734296,24.350467918730903,31358.852047702134,0.6692190155967145,10.31733584156089,12686.682975487223,0.6698197438417232,0.7087703380438747,0.7717530271034706,3.6402050521750544,0.7203450871294452,0.5368123547982159,0.3609452915422773,0
Trading,3.7139666754811826,20.64815779842801,12243.660581518176,0.5025627756772116,8.280326011155783,42973.935254626296,0.7791783019398482,0.7895960093441106,0.7461631680148897,7.33115389830874,0.5981553630681766,0.6967081757882351,0.6638844636091433,0
Farming,6.167895004853941,28.683061581601006,17375.568771895312,0.9496151331352665,10.177676890615938,12701.326734980315,0.5454525350380758,0.8128643359771283,0.618304630616987,5.814904810874274,0.6383318986061011,0.7836503565331591,0.25474303272452825,0
Transportation,1.3681127174827732,15.953260342803533,70180.90681974342,0.9140947188062483,5.870588361036099,26307.490195871673,0.9521373845281988,0.6918732499563435,0.8901674171826192,4.038311153191311,0.767160510041761,0.6855164291045268,0.4043313698274187,0
Craft/Artisan,3.6862940033671823,14.87246775614164,38641.843901991226,0.6976907609693536,8.855396244554246,23303.114401222112,0.6170468203972287,0.9028019302991407,0.602527496657382,13.357161193486373,0.6330613798722626,0.5040047469921508,0.06140828498880516,0
Farming,2.732177640056151,16.967823035089513,17677.02916298628,0.7299253236935725,3.69521073904205,13236.663619794677,0.8227233996886586,0.9692532349760414,0.8685261994780505,10.262866295746097,0.2719344101895008,0.48848097254989364,0.42344901391981743,1
Transportation,2.474917294184394,10.170285044643379,13701.376340141474,0.814271025225739,3.3910228966743396,5319.013547914545,0.6459448347119061,0.6740273239599354,0.8400352492063925,17.744380016922605,0.503794127481973,0.7078024176421401,0.07926007707348733,1
Trading,2.1689536252612434,16.5999250850271,20259.280018541816,0.7688008588766156,12.539476920493726,12411.90841667994,0.648793615429898,0.9439450024845898,0.8925623645993231,15.392770560530971,0.7026874363737553,0.5903801606452435,0.09761526220170685,0
Trading,6.500020476120274,9.060735649728478,22618.2672467324,0.8540116816902107,2.742384334849298,9200.936229416691,0.8636053984242968,0.5619134139086075,0.7956272216475367,1.261848132593804,0.5564739588794139,0.4250446543562115,0.5069993009698011,1
Trading,8.883406827204311,26.200062551196627,83036.06576727827,0.5189477795110371,4.6916831019288185,8955.353039605538,0.3775784906242023,0.5338789578411498,0.8803539604683607,6.428601422198133,0.6522190293544862,0.5919663586699463,0.43759814329629093,1
Craft/Artisan,3.0512252219569107,22.349499128264142,24256.81634399869,0.6706600860551466,0.30597951325357453,14899.37721218027,0.8993729714006622,0.7380467649191529,0.9036792919163582,4.640821113442869,0.4315925596667486,0.9274905143340257,0.11894073142721273,1
Trading,4.707437126607956,29.436499180382604,13985.082694819079,0.6406998942804507,3.462410635645371,4843.051828342697,0.5197767612343325,0.8574943534296595,0.6697803811158743,8.248532193918432,0.522326471171737,0.6560709263415692,0.15151113316570272,1
Craft/Artisan,3.7456570512264915,4.965737576686484,26049.886756544212,0.48671912048695465,3.017293307582804,7246.75593242211,0.8682201522283213,0.8868001727825345,0.9428572015842344,16.973380687882212,0.7185694907813786,0.8443401754753789,0.11443649966222816,0
Trading,0.7606140044498109,33.21357557537658,31113.159932122337,0.8547793169975149,3.9891278819139875,6578.452576948047,0.5184007600218866,0.9022300921288237,0.668036897751483,8.197494069186478,0.504956678244774,0.6386820111362433,0.7722574227859011,1
Craft/Artisan,2.9649458394007904,5.420196689652478,13302.39512159348,0.6841681338855774,6.899651338180836,11181.800710314918,0.7472240363366387,0.5368514477135607,0.5833019575294965,5.310264561630797,0.35643692062522014,0.65295409433012,0.5715592170709265,1
Craft/Artisan,0.6210954301652759,8.413535399334354,33563.38581660661,0.704156820943408,7.623106146803796,7803.183553565025,0.8746824471332001,0.9116858075880423,0.5398333064259623,4.784674752714536,0.5285585987497131,0.7543486992416778,0.11597768505891606,0
Trading,2.5655921274026308,13.033427625095278,52307.956674503075,0.5196524575669356,2.979571424202593,8170.618280641148,0.7149889897355182,0.8406015914076116,0.9669851239624385,10.727359712232055,0.5397129953704324,0.20181016117443573,0.34381738336677875,0
Trading,3.615601178108449,28.461765535758918,29035.346331016175,0.727151425715152,3.631000358112761,14688.562224796751,0.865859420710505,0.5224547065948848,0.8962668864768456,9.147137572207782,0.7106760161314916,0.6053116349028685,0.22027326565924285,0
Trading,5.850940242372965,19.804587977828586,17354.622327841134,0.8019943508470911,9.250530688316317,9779.274608464522,0.6854013973114562,0.7595376517174587,0.656966368849605,4.494922329699657,0.7259177300517736,0.4474971675097404,0.12696532502382996,0
Craft/Artisan,4.427242722615667,16.049365995827426,20112.99211939015,0.9582857178613282,11.115879206329478,13404.750001055756,0.6673664027344378,0.5424091722175425,0.6191687601929885,1.5494354266725834,0.6131310029473769,0.6400411386712399,0.19884140178564397,0
Trading,6.608437182803462,11.658980522838716,10803.659656925935,0.8968911936795587,9.767750575741134,6118.127222690215,0.7409833547117652,0.5144918786392965,0.5380832564665562,5.829212388681662,0.8177693105215738,0.6343465989517689,0.29222327459657793,1
Transportation,1.9045847674350838,6.992518794714401,24993.988657672282,0.6104176470878575,1.0610066417575137,7480.870189933525,0.760687795877259,0.7663378522507742,0.5886408241324115,3.2587851119103743,0.9059914898215067,0.4404049171949744,0.07825947027298147,0
Farming,8.184239563635282,27.061018589544084,31918.11437188875,0.5515205669930597,9.568221427170048,55747.05778855442,0.40697931324047015,0.7069288842623245,0.7079167700060895,2.8372174619979793,0.5088968594362973,0.8608804621077017,0.16927600236868479,1
Craft/Artisan,8.889330738462789,24.389114088389118,16429.800660827885,0.7374929680224093,11.561066569543009,8199.403398353286,0.544791372519148,0.5279167550803837,0.7838762284834734,1.0626830586257772,0.31624145158626715,0.76882193295888,0.6596385929838552,1
Farming,0.5891126637673851,28.819603016738803,78185.15564988216,0.5961581354622768,0.9121521377740462,3057.9502383655636,0.854272228231687,0.5756007625375127,0.505085594938875,14.20307591079393,0.4166886915061993,0.7277160301402346,0.5721327496829819,1
Farming,0.9196553131364475,21.174545015848995,41595.76850717436,0.7163180839099973,9.248101670511309,16974.87772196514,0.9302472987674751,0.5551231334767944,0.5792167646449666,18.51852601116187,0.601845269848815,0.48012948027645813,0.3566724846707481,1
Freelance Services,3.5561451329108325,1.0,10036.386956399461,0.6697112842633288,6.675649845208637,8138.992633779513,0.8755115524197389,0.688143110288123,0.40993082616081655,4.185388910989131,0.5974548671516526,0.8144084978082211,0.285818572374296,1
Trading,2.424144200460518,8.043336538548383,10150.270078354875,0.6706483413913884,5.018586871206512,15846.324032210705,0.6146791016749021,0.6880922512272998,0.7301877763401488,4.822788381387718,0.8622927855943402,0.7035279887422551,0.20382150293632867,1
Craft/Artisan,2.714504985029301,21.71897044677367,15658.777611951591,0.6902561677417378,6.318548543247585,12548.112127581171,0.8163193935586623,0.8244122536475352,0.8691109449953743,6.033346717881843,0.8911609804907737,0.3449496184570823,0.4773154384082302,0
Trading,4.400095039272542,15.04226379811184,63911.33260598587,0.748115785253826,7.329781708811757,19631.945052401134,0.6673065739142504,0.8089137536348477,0.8660603903386188,4.049491417975847,0.8502535070814342,0.4914772527287071,0.09267460697109013,0
Farming,6.778006947970388,13.529264264574985,43914.81180058832,0.7298734082749746,9.472755157001528,12459.816123852539,0.8751581421406442,0.48994610268287797,0.7794192290216126,6.91583882826132,0.6624511046534286,0.1663593661293384,0.29252599097301274,0
Freelance Services,1.8254182061858086,9.17418588088377,65712.32010763518,0.6363648104127314,9.318043588363757,11400.510517789864,0.5962946178384338,0.7483088017152576,0.7851328948477125,7.375959931827146,0.15037032790922025,0.3566495469039669,0.027079149869918037,1
Transportation,7.5078665961014925,25.58071653931632,27054.675275195368,0.8446094283156172,1.4792180432904711,29838.187131505685,0.556407098274133,0.887114311121927,0.5616645791199651,13.615043375554984,0.8473522636014914,0.36478968771228026,0.17987548545561413,1
Transportation,2.138964687312918,21.64954109931446,23975.33492995133,0.8371157298268745,4.053983243475955,2827.9305810533947,0.7491518968649524,0.7582916239861733,0.9473603952143788,2.048211616684578,0.4962348960180925,0.6947485641640758,0.34254050266953057,1
Trading,13.182743179657908,22.00952978326498,13546.31431001886,0.8599700727661514,6.280696562724649,5282.5203257307685,0.8122597892419663,0.7188183211631594,0.7521033472372669,6.749826359158783,0.5369752729791095,0.4753444662452709,0.8916794769980083,0
Farming,8.221582762241153,12.931182009719542,32608.431168058232,0.63620801461874,10.71665621077341,7498.314597692054,0.9140127601631814,0.9233837602876457,0.5989359801669232,4.3296865305269385,0.10349630771654944,0.7055206336532434,0.3697536360783204,0
Farming,2.3108993366156843,19.410302071198476,24151.638611713825,0.793163501583239,0.0,4084.7232784836365,0.8394397131589346,0.6623957308854032,0.8691990662098228,4.024018969585557,0.8685176051636313,0.4226020096750216,0.4557737739101723,0
Farming,1.2109879818994247,7.297880590428152,23645.551884452743,0.8335444250352617,4.167493781328611,9551.268202076297,0.6607335435167588,0.78001994335985,0.6092047510853867,0.6905882778202832,0.7992509204814331,0.8422246291944984,0.715872847011099,0
Farming,2.2703528172722858,16.96137615323045,65508.02692440298,0.6252049740351726,1.416327979238683,8913.694824835937,0.6368297879825601,0.7389896337513814,0.8226389475886147,2.9010902228030555,0.6712065352341203,0.4884280667459295,0.23829102235521593,0
Farming,2.0362619920829603,1.0,25097.158672777503,0.5715108671281721,1.891867325709308,26430.928043731343,0.8266536402109965,0.5845816931476874,0.7470434700981379,7.609977187102439,0.733365239095056,0.28295327019712363,0.10664580848975165,1
Trading,5.384691710250632,5.45507088692356,55940.270049339015,0.6673077767277744,8.957205286328257,12559.21075817771,0.7808651004179264,0.8310153928210738,0.4801719827680773,3.0384540547370777,0.6003020417936941,0.7726601473443622,0.1710719091721091,0
Trading,0.6048111075035615,15.421505245983909,11232.413458719933,0.8991274439438101,4.4043432211711355,11509.086051741802,0.7478218093237399,0.49267790689081953,0.6123721727203189,5.914752442780702,0.45705980432686655,0.38884767807983645,0.4037388130395957,1
Farming,0.9304205872755117,37.00094517019946,118002.5753340658,0.8576194208315518,0.0,10240.57481498564,0.6651721692146568,0.6866316303434742,0.5800710895054402,4.569158760731001,0.42940735673991937,0.6080410818369753,0.20122849260466563,1
Trading,5.284456652188924,3.594055412601085,21910.061642667417,0.966770309021669,5.524682849301675,6397.118301813295,0.622423573725368,0.6219343867262651,0.49763838114260367,5.696298857010611,0.7464107629452225,0.6049683101554976,0.504273349608574,1
Craft/Artisan,1.9686037206366247,8.051355259681097,39693.83689961463,0.7129805009454109,12.107578465382078,24923.233663806463,0.765136359213589,0.9262373135093266,0.4644125165279041,2.783395525869568,0.8909666064565532,0.5149519688341972,0.35302039565449617,0
Transportation,2.5904418632456343,19.73419837354248,43323.48308775795,0.9387432188023824,0.5799264095285919,31165.09137183707,0.7708026305928909,0.7261333545423447,0.9069085659877719,4.267577252504484,0.43787237984213656,0.4468757772863978,0.12264173795576958,0
Trading,6.149787403555281,32.15538324811682,20464.64001086202,0.9147299703044672,7.59881212641441,5718.625735838362,0.8525159781777909,0.7013442135805665,0.9378260166500247,6.447607116945937,0.5976007931440488,0.6040902689104815,0.2246279465235016,0
Transportation,6.972799902153339,19.617379975904587,42212.28407680396,0.8411754876514375,10.70311143544125,41524.50847036907,0.648375057133711,0.4377486924316439,0.501700295577528,3.665788737593573,0.5667080392035103,0.6835614870922295,0.6405150299865502,0
Craft/Artisan,7.972163707413135,23.61713481843325,43436.34218072542,0.5950983160105516,5.85173196096789,8352.466746631697,0.7261796091317163,0.7391127433326847,0.6915760876675789,7.360856078798929,0.8149432171722074,0.17848475191162963,0.30136927696245325,1
Trading,5.818879377237153,15.299169994588182,18174.422444446787,0.6974808991981041,11.784000959196362,7889.1081074173035,0.86315997248819,0.6648911396415093,0.3134666632157025,3.304345824820982,0.6658607077402291,0.5658063164847262,0.6729097637510698,1
Trading,3.1541336666914837,13.915027288484985,18293.203505427475,0.4837732612532728,4.020567543115556,18600.72002903155,0.9671226792989166,0.6942048796212819,0.8117723618497237,8.97140372609227,0.717304869322467,0.8790932777602815,0.10428710123429555,0
Trading,2.967625065344482,18.657474816542052,27582.002423970393,0.9562206452821298,10.337820114839198,19799.874890956537,0.6991950098648013,0.8346278404877685,0.5363300234098495,1.326460471362945,0.5362456867333701,0.8850343271112286,1.9346843466041488,0
Trading,2.7212202376677177,12.733684874991166,25247.396709466,0.4124019435460114,9.629811664607336,12709.62821495406,0.8257098293411685,0.8261486969087322,0.6306461809649374,4.922097315946458,0.7448623622394479,0.35743787297558083,0.29375903390502783,0
Craft/Artisan,1.3725887367207026,23.79415470974196,57885.462507478886,0.7461978820865571,5.902401963732348,10483.948788237894,0.582311441072698,0.8447404441263658,0.492957681324709,7.306724006231491,0.8670782163805408,0.8575900017643838,0.568717338788635,1
Freelance Services,1.7664442203639397,5.149824808435328,39595.37120784579,0.5164188102789948,1.5383875337625472,30352.89011274951,0.6812477518077611,0.8313543935732166,0.3933958049065635,5.081280461314201,0.6307800991654173,0.46203089386534874,0.8336310944479314,1
Trading,7.3203871572722345,25.11989626053467,25881.06856016968,0.7232467556400586,2.994810225219393,8635.96301524664,0.746480772255596,0.7520552615820743,0.9154631675034585,8.87712669290293,0.47667649099966836,0.6718983904847843,0.6676476593753061,1
Craft/Artisan,2.127150661165994,18.314504098422017,37546.779102786175,0.6956292119693703,0.0,12731.84552104165,0.5662822230227389,0.4821463764661216,0.8018936652642343,3.938650639994071,0.8374060846438582,0.36763612675328977,0.261561694905264,0
Trading,1.380087352295423,16.282233051193092,8728.430123810202,0.7036046414070469,7.7824497795390535,43723.9475134642,0.5853475832140252,0.4957516172117898,0.7998943995205263,4.067004214781387,0.4542929413049442,0.5335449394537015,0.5095072259231028,1
Transportation,7.710643407745383,4.8561235185086264,19179.14873502024,0.9698525978407451,7.422901527526153,5239.816266878982,0.8051015211538077,0.8008058359826982,0.7786968501861296,0.9237436860187843,0.726784722083673,0.8504690410313285,0.7411620439188928,0
Craft/Artisan,4.21926069643338,10.161690624017043,31517.604905226643,0.7136493617464259,6.237652355861159,9690.926661829866,0.5032388868938051,0.7852182806401383,0.6515404403906271,8.780733370740299,0.5358733200113108,0.6367538013520119,0.5321887384024357,0
Farming,10.131057649641203,27.58921178506543,49684.63582893551,0.3483371817913541,5.631858460316602,27380.72789151742,0.6270233964669254,0.6536307328561052,0.8674461019067465,9.948262650558007,0.7844990874524527,0.5487275187724557,0.12218106242714671,0
Trading,9.462362602740772,16.331208015733075,30027.626915461806,0.48731263916487566,10.072775240359615,19333.604547238865,0.7903490908202225,0.7562879422231863,0.6960997723781327,9.303586324859062,0.5208209978037475,0.3196802281452194,0.48366179120031516,0
Transportation,1.485179735616391,20.22718772698257,59995.896667325884,0.6851672396510727,6.893394503828803,24979.53860503545,0.7339483661646987,0.5621606206760006,0.6908073662803353,3.509981616391144,0.4910417957555509,0.5432680242374076,0.3348558548507759,1
Freelance Services,3.3925996369962608,10.963743893477229,43363.22115194531,0.6978077104171722,4.3360645283863155,5292.155884375096,0.8543097059018486,0.5963982382529793,0.5603125962811809,1.2550117886123304,0.6531793948090581,0.8937715002796476,0.21406825080064382,0
Trading,1.6607834565035555,17.767562910196393,20566.49998551995,0.5030564024238838,6.441684776140365,16727.01762433973,0.5002629356466604,0.3628494270607667,0.7006806550823779,14.779749619077915,0.6677073210481634,0.7865629818845898,0.7234537782847212,1
Trading,1.6488811027808163,7.022783615040165,24908.967164860413,0.6456085381793905,12.142515330295934,10941.9063553072,0.6909071024593051,0.5255339311532887,0.5367562573756703,4.692839501064034,0.4033190259394406,0.7207957978610318,0.0816005865320103,1
Trading,2.663134569336034,18.799058034303098,33679.07243441742,0.8741114341810486,7.866500669524793,65558.08868572756,0.8078001559438294,0.7825320773709264,0.8248450853942677,1.5820030107806735,0.7338323132594837,0.36109226969077834,0.5422506375094154,0
Transportation,5.488646361386398,20.965127178161637,21020.437252036892,0.6817980489835104,4.83024535690244,23542.54442180356,0.5405003982752271,0.6127324574369342,0.7861082337365168,11.945516908979624,0.7692471654098726,0.7950760610269656,0.27682892707625034,0
Transportation,5.510083758278431,20.564917817480143,62455.500981926074,0.8074185037519813,5.866582669588034,13152.629397904071,0.7595292944629327,0.7479937282195628,0.6252080059708756,0.7752477716705892,0.5086428082886518,0.2787972133878145,0.6399588915158317,1
Craft/Artisan,5.0683468993673895,10.771321356078705,14620.802555281636,0.5946297509138913,7.390136202377051,16319.711450141205,0.46188342019851897,0.8085448091331952,0.8365207376555033,13.975192305360382,0.5429895958093219,0.24640229102188838,0.2135155718512815,1
Craft/Artisan,3.147143467818149,15.263592127195988,32011.757870037836,0.5956864277989479,4.736741891311443,13877.18533709201,0.48694561522641805,0.7743019283426656,0.6064730146084086,1.3064411053574005,0.5937041352111925,0.43063730590807214,0.5234848924490093,1
Freelance Services,5.705000853403131,22.297553167853053,40315.67973129116,0.5809739131540473,4.471366395632883,21792.26796729525,0.6251133791322319,0.5800859969974727,0.8291291333589483,4.587696656282592,0.6431288499343756,0.604456009568136,0.15804734825747113,0
Craft/Artisan,1.3625188484765232,16.308499237775212,22642.95750872659,0.8891693720268231,5.966034088589851,7336.297731032524,0.9457080635115832,0.39584990187864283,0.31216261266839607,4.62807578812466,0.6400565173487945,0.6193663479665321,0.32902515974236285,1
Trading,4.265639597054249,15.701556941279119,20003.456588801422,0.7305417949435042,10.557270345545849,34740.17710805258,0.6735996013919265,0.6251904708453546,0.7514586674855447,6.0872279537137315,0.5984151667702565,0.390350582184623,0.3008884099357423,0
Transportation,3.697316095094176,33.22774086900445,25800.65832230286,0.9183519277834948,8.372929539491599,5285.332956927824,0.5826591572162115,0.7765740091317842,0.7842748119386319,7.370686050388988,0.44411045399757854,0.5483378861589493,0.4869014249425206,0
Trading,3.012105899838243,10.392087049071003,42049.3489293635,0.7412411023700513,4.771413415617276,15421.696767686492,0.8153826996207978,0.7254710445423636,0.6983276214131536,3.28638282296946,0.6825656826880704,0.7179115863075852,0.3158708536939432,0
Farming,4.378639564561202,26.64334774471186,20436.618625659266,0.4172272549037791,8.607038781844043,7502.594250219762,0.5401392686960625,0.8325560538024328,0.5076412419543248,4.097275556043831,0.6148326172872082,0.6696060344287341,0.3073422672769906,1
Freelance Services,0.548347650132004,8.762554691960556,14944.421228448513,0.7197382036750097,6.025720235521062,13766.305036498303,0.51527514994489,0.6323445398937938,0.7832477686432918,3.2345540737404668,0.6721746719767218,0.965052616946435,0.1736158942103898,0
Transportation,1.6876671572676503,23.238248686171318,50656.4389191933,0.47700815818311226,7.033765042968372,26678.495844007557,0.710926239331206,0.8839558526771609,0.5002244465055108,10.630851750374026,0.7372835454676259,0.4652393131797548,0.6728120079289843,0
Freelance Services,5.201553120435205,23.665220464991787,33510.465101359245,0.8117243760893463,6.760871464357021,4029.341352033512,0.5280055292808009,0.8901229043414379,0.8775669054062265,6.759772600808187,0.6014479953889211,0.7787400890569676,0.6753778232370121,1
Farming,3.630296003262018,13.917078759543635,46831.98022929307,0.6845454339725929,0.0,11865.201854512803,0.5106694067219564,0.7396673642004011,0.7938458024547976,10.357400979423861,0.5724734490690251,0.5756850762394856,0.8555407986005935,1
Farming,1.0138724925850648,8.26018517710315,40848.78889343386,0.7807685450588355,0.0,4876.4369735739665,0.6935250908242082,0.8023109599545791,0.4908668664343647,3.8024136648798104,0.8915702413036044,0.7914346301655527,0.3172827692133579,0
Farming,3.572019973378328,2.2365343695726594,89227.01393775574,0.7448394861030235,6.6798642624252755,10986.606941265363,0.6486244087334004,0.7139087894331129,0.8915840569588126,3.801163302763978,0.40615300479670163,0.43490700885908523,0.14243135671203636,0
Trading,2.4426909336501548,13.079091928597315,49673.88491624161,0.8366491718804441,3.441416196489045,4867.446640764477,0.9312469836819434,0.8558114100823083,0.6804949502396486,1.6390262977399694,0.7689042578424516,0.7080962438082937,0.20358805823616685,0
Trading,7.438313812049454,22.20974918361859,18065.44435726308,0.5928575714279811,1.0822122306768858,14961.716780717214,0.8452338134678239,0.818918152097068,0.5337747136142634,8.651183916575441,0.9579539726405584,0.7440094739160638,0.6055059504145034,1
Farming,1.449171541462169,9.378974743203372,34844.38840957733,0.4132070774743189,3.533972033497616,9913.780818191159,0.7448277443024893,0.716585731103438,0.7497425014403963,5.36552091213637,0.5322792416425358,0.6554897895564215,0.5586494111627552,0
Trading,1.4936009502134024,18.775588647389824,19798.890968580286,0.8276994069944937,8.773927586083783,22538.624850781547,0.5780223341848718,0.7507056969557373,0.7053841666578583,4.812934987365795,0.7179273675325433,0.555052574316926,0.04390495235570395,0
Freelance Services,4.763053350867184,6.188561616713237,20957.054728632495,0.8536866558979275,7.073477060471076,31570.887007984365,0.5732686186022149,0.656971872542351,0.9077352857905455,3.3895720507156044,0.3598377595566506,0.6651675610336366,0.0471421374180522,0
Trading,3.2384862413563433,16.128894463168287,12371.179093773724,0.5792622769114458,8.315283608459744,13459.677942567043,0.6935112453073169,0.7359533942584177,0.5629401322353381,3.9587694749135443,0.7426290350536136,0.7945227098965707,0.08985871656455832,0
Trading,3.127469577924019,8.823648766410153,22985.93416921773,0.8102609640992494,7.359286673096891,24973.199024764253,0.9200676516449526,0.8170495364488776,0.6910690901503532,6.852544582377778,0.9008372802479676,0.7186696142217578,0.2072921322221534,0
Craft/Artisan,13.230136331664136,17.376155984844583,36307.10963156032,0.9357343226192221,3.2435040438045686,35161.993580178605,0.40769744079498005,0.6945154869586759,0.9552733146923633,8.190689640214096,0.7732015293056468,0.309276143121555,0.21341510267494107,0
Trading,5.613542421060575,13.991364243139744,25943.803194473363,0.4998806562478992,8.329634525823378,7006.039602602166,0.4814405279495032,0.7560468588467182,0.7481782680740408,2.8284719491662837,0.5838103110142208,0.5874815599194394,0.31814828777023785,0
Freelance Services,2.8454185211927876,8.4770709100992,14696.246179435024,0.8100136796118523,7.75721899596514,36478.92209586481,0.7800181867761437,0.5982901567684555,0.6904787461424599,8.017046999709429,0.519638020688022,0.556896799012233,0.17955942022200155,0
Craft/Artisan,0.8978605321116467,12.729012176888475,11641.590666451955,0.9178915942311949,5.647550058198961,13018.70715439094,0.3215143630813293,0.9096754604683566,0.7918336637675982,4.984491790607876,0.7315495133474322,0.6271190488248188,0.21414407826608622,0
Trading,2.7279580673594497,10.526745102064055,85949.50610721906,0.7051944912694335,6.17652056573588,6735.425912224891,0.5689879378115199,0.5857784601196475,0.7235171405456615,6.4472553598179285,0.653844944150522,0.8549779486911506,0.3342105179376314,0
Transportation,1.325137886119929,7.4886023981006975,32171.569739338393,0.84183013016406,8.377397570053567,16463.871802350208,0.6504020661293577,0.8141595755815686,0.5940433850866779,4.272698702300203,0.9387737386501647,0.6292192000292886,0.3652992453564811,0
Transportation,1.7771379414248571,26.66196660231534,17098.772507380003,0.5526478789842819,3.7516520528651323,12702.237106520153,0.4352626802799239,0.7801941288838152,0.8432998134414605,3.827493152709807,0.6309516417274484,0.348618210323713,0.23254057679457496,1
Craft/Artisan,1.8259421577469561,15.118601084392601,34682.166594627146,0.9671349377902904,9.263648894946225,4989.503754922353,0.5754113236781822,0.9161067469308438,0.7300252845467445,4.25371583507871,0.7388344500265389,0.4753198646358259,0.09735102952308752,0
Craft/Artisan,7.061301490892331,1.0,89684.41999196127,0.20547708783971713,7.69528189394513,6181.185442210153,0.9197495083045831,0.8327820040821632,0.8354396385422892,1.672196141028501,0.6708293151415342,0.69704797173393,0.6341859359831077,0
Transportation,1.0934086768430982,13.013753539242515,37845.005603405836,0.7333705049904935,6.0067736901167965,42029.205784280115,0.7181667248341439,0.8486238736382512,0.5744250098859135,3.6062411971305735,0.7780790773607998,0.9671762895621755,0.1892660738766694,0
Transportation,6.609908640472445,25.317693710546116,5808.7034815967645,0.7061026734660876,10.593709213683391,16236.261751966631,0.44915285930340376,0.4437487206827834,0.6667251957403887,0.9127196244464577,0.585031453241716,0.4475693697873169,0.6769205966602823,1
Farming,4.910277020652497,11.90913093394099,115700.5224110978,0.5043729521123843,2.11700529504896,37693.99108271025,0.8892775705505882,0.8586425741736979,0.6536571929547198,8.358020564368445,0.4986048293093238,0.6161001329393887,0.7355210844857258,1
Transportation,4.861582875932936,29.98195102506903,9729.467400801346,0.7751493765851593,4.619445682894808,9980.60312425392,0.8504988489543232,0.8493273752903064,0.8111342491135254,1.5369116264196057,0.4870595818324286,0.6725937463965738,0.4870638296756211,0
Freelance Services,1.7190918157902468,11.146703560307287,24021.23308414813,0.6779426460631627,3.9532476031952206,7622.500105583712,0.5505968605259133,0.8105384737005099,0.6803842906814068,7.193764655992785,0.6843650135082247,0.550750917935121,0.6731509539774477,0
Transportation,6.047444914316128,22.02726444653164,14423.695225524727,0.6474963839283854,7.074273139222994,4112.061617398732,0.42654510847355015,0.7730131703625573,0.7811727966850895,2.231658948909758,0.46004530441555724,0.5149753745491024,0.34588530252276406,1
Transportation,1.5572890448081012,26.293108676728096,17907.928729057436,0.8421946559902707,9.547239195302534,26306.82888638334,0.6672777851750352,0.8899469767308453,0.8063802335492647,11.693556141803306,0.7441693917384499,0.5188192746471446,0.3296047521138151,0
Farming,8.979042885957156,21.601551778491466,31458.52613755797,0.622509662344934,3.0509341829192054,17808.7038487602,0.7406433677457367,0.5447796587161092,0.7194819352946759,0.7595857914379116,0.7841031702075337,0.2883413256582954,0.4853289981515754,1
Craft/Artisan,7.168847543158572,7.004048202871756,8612.217125695142,0.8517917003132954,15.916494201712977,10043.875701329735,0.5887027056662867,0.7809417616611317,0.8199971614748064,4.51004900255717,0.7080503120159715,0.6401757138454629,0.32463425926531503,0
Freelance Services,9.967848898675582,10.460251384627483,25600.44282016445,0.814543035564425,4.01173110993463,7670.509412122897,0.7335010577120571,0.9158160114198147,0.9821584428774929,11.97623519855452,0.5905210318033391,0.3602137903969165,0.1720709249461835,0
Trading,3.7109306939123994,27.360567923092653,50566.18405257363,0.6641922411589668,7.082050418224851,29401.727668185726,0.6340800738931293,0.5777332280232798,0.6417912546658385,7.3925894511546435,0.44244599756154385,0.693427303651935,0.3580482611149927,1
Trading,3.236826156560136,11.56310834934418,16919.427915989017,0.4871694974207703,6.00805890752776,11800.571111078165,0.7555080106330792,0.42595843347183143,0.8039617630799394,3.6129554830417914,0.8021931644394259,0.7985175895443292,0.2686051034606399,0
Farming,2.672843105070221,25.80541211121764,12523.26279124729,0.9010239723222447,6.138469540649033,11889.712972708807,0.6796264971255235,0.5363821688705959,0.6273189414658009,16.460224907205458,0.3414236320468651,0.23175026851526925,0.7504448050518533,1
Farming,13.052953840189478,14.557722225480449,24918.909049031365,0.6667713051624825,3.6227655467399043,8773.231706999279,0.7977529075840224,0.7665249932447368,0.8283362443948429,4.364282316471765,0.8860954169795306,0.5259496132931476,0.20539727849919742,0
Transportation,5.456054820371211,19.131498553753207,22335.043479263473,0.9136496857373761,9.202639423576896,10044.478455332472,0.6879257331292549,0.781849221930249,0.5684943309864524,4.25126230216939,0.6602244177263706,0.23762716530842576,0.01661597790054232,0
Trading,1.338197853328099,6.911141783832388,19392.17244309895,0.8593009226878944,3.438236236060584,19635.33413366596,0.6259944666893612,0.7769451894694068,0.5097391721587266,9.495131633784037,0.5556534029711715,0.5355143346901573,0.7045728221535477,1
Farming,8.326447358405394,13.133859402300015,13994.359829961708,0.619398462707827,0.6932127478039982,4956.681975257686,0.7650307940160906,0.5214674998642516,0.5963660222224921,4.064434760799213,0.422492843392122,0.6248345511657839,0.07066690473686776,1
Transportation,3.147976217327987,10.997548956482225,35794.57124368926,0.730620827914751,2.634007703317652,14136.509764218568,0.8930259838855883,0.7206264267994338,0.8231837905930208,4.202833055377312,0.8786595023096357,0.6597830979063699,0.08266264349447887,0
Transportation,0.27239948363323724,19.804797204465387,37324.115739628134,0.8966294888196079,10.33594685790726,26079.622498585846,0.9322943242071732,0.6974423985449114,0.6306090033540893,3.118773749050437,0.7617148618311904,0.8460214799711099,0.2178718583779923,0
Transportation,2.0305182913946322,18.74558063772706,14971.359616708134,0.8227405275911985,9.751410563429829,12590.13555935414,0.6667581635257548,0.5941850023890458,0.8024132427940135,6.895787486125943,0.7066429837812748,0.7260614676773711,0.11029073948989775,1
Craft/Artisan,7.165744975532163,21.701199169965076,16155.413851317595,0.626380136107296,0.0,27944.016653435083,0.7170600414564804,0.5862987381176871,0.5436678381492877,7.767241666313776,0.62830787695974,0.9244376652125844,0.23536999165281874,1
Transportation,4.921543462569491,14.075819975258618,29000.565149808313,0.6910325047291287,8.441188794961732,34146.637652036065,0.956603166789513,0.7901057297078742,0.7933706133638354,3.025574181123205,0.6285674519276243,0.7874629644386295,0.22608535783787279,0
Craft/Artisan,5.591021730415182,10.558159429643375,15823.72362342489,0.877848981205961,0.05420122918039638,25147.345962719657,0.7412522463045876,0.46677941824361857,0.8900454687706079,10.90996100698384,0.7509137927801802,0.2757301336569725,0.8508353946355618,1
Transportation,8.274192133524965,19.461832684354462,29681.050488822846,0.8071155656999293,5.918316445559622,9172.094633496268,0.7610876255066948,0.6591274101078841,0.6012949801610433,3.1202075132853135,0.6285884447226268,0.7653718633291738,0.25400312431979466,0
Farming,0.7553333202014381,9.763288775943725,60320.397392907005,0.7741282149624273,2.3767453211099943,13032.390954575612,0.48467285589641856,0.5844546737342282,0.8925347785109313,2.5034947342346725,0.6989501048108794,0.7299256057721336,0.9043218424033831,1
Transportation,2.0502088593634356,26.627380211380704,26032.408597980117,0.5775835914254092,8.672344608514866,17018.20836104319,0.5390712361768007,0.47646536337106726,0.5955978317782156,1.9337126635576696,0.7699413723509911,0.45890315068059717,0.04535579994022995,1
Trading,3.770074052063054,17.083820907287098,13801.202401710974,0.8747017795430965,7.663982709957734,9615.918530705268,0.39689199235314343,0.5948270621241543,0.5553613451619256,9.991102239285029,0.36433528158675593,0.8821828870685382,0.5425773650741469,1
Trading,7.304095095518089,15.390919122360351,33378.15501525568,0.9358565268719559,8.93873777345461,9393.993225438222,0.8607943618649395,0.6179846880821411,0.8444924763234166,2.1713190217784692,0.18845178434408366,0.3395135369877722,0.212413544581126,0
Farming,1.549886610190897,21.69740498200169,24398.81632329498,0.9717389468270338,5.114280566735637,9006.309403945339,0.5012720867754508,0.6807623345499066,0.8968674959951976,14.845028844075024,0.6988869551472329,0.4063331256882415,0.5731100235496172,1
Craft/Artisan,2.8327517894132326,17.38908400454627,24770.621905630127,0.8523214291721131,5.426013181074379,79260.28168961869,0.4557944234095992,0.7396974934240084,0.6489515534338515,1.8224402084368458,0.5289333370264733,0.5298955862949225,0.6391759153704097,0
Transportation,3.602177339201732,4.735586265318428,34941.39750199861,0.6903243006271976,1.5022626330671942,11050.561239640945,0.8074817122620178,0.7680392529026534,0.8895554413714271,4.403586029799529,0.5878466538384555,0.49364589619760235,0.42628476610097166,1
Trading,1.9701901687774104,9.508560804884532,39342.890793080885,0.6011716289825959,2.9085462033104186,28228.091855073868,0.6384316516033268,0.7482752153623491,0.5529407328191445,2.113964473064197,0.9756502354938611,0.595981089820701,0.82829173030137,1
Transportation,3.573095725435498,26.46166963091692,27433.6650870032,0.3425103814165277,8.845600304549976,7269.32270181934,0.603613134520105,0.7569007809945822,0.8240053494237546,3.382829197786651,0.9088348604275538,0.524287849675801,0.29635714145167225,0
Trading,3.2253163188168346,18.671074782756662,26020.132019138102,0.5956453734050468,7.101794891412742,43969.10583692292,0.7076532966577992,0.38124741984233257,0.8162090665882515,4.7747202797107615,0.32620973709092255,0.4002462090407469,0.6851795488515484,1
Craft/Artisan,2.3970044552180103,4.54745758109247,83696.11333701278,0.9150373952190898,6.313004985681695,10249.690348658389,0.6690974614571313,0.6329455781326183,0.8557420371897753,14.395659976419608,0.8269221273771912,0.7575697015660784,0.22936658056852655,0
Craft/Artisan,6.037290323750962,20.81689653372133,52067.940841031275,0.6374943194981928,9.786341280495416,13864.457570102355,0.569888379938498,0.2741966508147601,0.6450302123778315,8.548720503878995,0.745409323818434,0.3080704452729972,0.22777073091324704,1
Transportation,5.336625471617892,13.52592944104201,42550.64808119081,0.8062306292866448,2.0995734435110127,3703.7239292303466,0.5185531551119706,0.7774463680427812,0.5710500167273879,0.5607680143591234,0.553008070229004,0.35099736392366,0.6396982076550101,1
Transportation,6.215270246130095,11.004000379929744,28916.373484762094,0.6906745686953555,8.16044369636627,29191.144911203857,0.7701642692326227,0.8128027813419136,0.455942593193426,4.587437734308611,0.6328061828759796,0.3296220517536677,0.11383850684260459,0
Farming,6.577631811793639,8.841018194929232,15472.835550241589,0.8581196962040466,2.462530142916121,33970.70720839952,0.7742652086994563,0.5351756901122867,0.4466766851613474,4.7289376720241965,0.7200783142069044,0.8816290482108772,0.375726388800435,1
Farming,9.622327475417054,25.9994357705495,50014.213412498844,0.5250887023776003,10.433621611738063,5819.152327365197,0.885239648619759,0.8502744553895294,0.779471873534851,3.5114396234610785,0.5423783508268775,0.862386849642177,0.4141412466330512,0
Craft/Artisan,0.9779817964606878,2.2760130239571996,29125.279305047978,0.7954266983623763,7.633422518320708,30405.018483238655,0.6587938576385218,0.7724032318876325,0.8735627470691651,5.847997194944958,0.5062274205312642,0.5911091043057557,0.641586033043123,1
Craft/Artisan,1.0840359250588045,11.29974340448408,19585.740254472825,0.8810257463714479,8.893504082095504,5239.066818557074,0.720328402163696,0.8519317766405317,0.7818497725725528,18.848691838830053,0.7307390094761187,0.5652665834619498,0.20704020973416248,1
Farming,5.702302127236793,18.96101412728994,23535.677739893323,0.5577169511412292,3.895059708671906,20794.56691698579,0.8001052269843771,0.6864329084969043,0.6595211403464569,3.128490788451084,0.532176461051169,0.2509471572185041,0.5699355446897133,1
Farming,2.5700072830992973,30.626904551227973,15813.18854024566,0.5694471356395389,12.546294675813655,10920.76342466646,0.8966870701998358,0.9366838536834963,0.42269018079205783,7.2749429032699835,0.6190833169349433,0.2918134107352393,0.15486367574456056,1
Trading,2.3276147687011304,22.430865570802553,48123.74405264801,0.8061209735135537,11.99567367320564,34042.93201800853,0.7269910063236393,0.5522402016071786,0.6960102802847788,1.5607410910525803,0.8043225107553004,0.30668091140802006,0.4872285716226093,0
Trading,2.0626228622479266,11.23180307573758,39170.15546827532,0.9151881584162161,7.291137061521028,15905.719291907159,0.7788273565501675,0.7956017484810064,0.6791609971847006,0.844734118106913,0.3063675693132163,0.8289131841846757,0.24848000500477088,0
Trading,6.3583719663037455,30.23482763285452,29729.581935173846,0.6483453880700867,9.525785139283052,25643.047645157418,0.6734112762684494,0.5912982793894881,0.6766321360273957,4.424188482350114,0.382812049616111,0.7452705775127013,0.21159408296578178,0
Farming,12.53484081179195,7.15901280236022,26277.489378862425,0.8717167261947067,5.094339623826409,31774.82754446478,0.515719771919898,0.7363832372854675,0.821579218092336,8.34001865252268,0.9067554926165545,0.7495835485356642,0.5481399968005607,0
Freelance Services,6.55495447325351,20.122689322841236,18501.963073399656,0.7459449130753398,2.194556303221669,10897.382893373366,0.6823829281570202,0.1563768990839405,0.6035850886344596,4.277269227370603,0.8860493048857379,0.37410863969741315,0.08099960210855343,1
Farming,2.4822844725871622,21.90227716601772,8337.011067559932,0.566427778933767,8.38737155269334,13092.145046913081,0.8653340747109272,0.89253867972985,0.9422973269371192,7.981217274621116,0.8091897530594147,0.6936041594667528,0.380834256969425,0
Trading,6.147640414071885,10.95107533439647,12368.277491681594,0.9834345844722078,3.242069736000111,6137.500012687945,0.8614364870810385,0.582529248791189,0.8187412793889564,7.98901537719396,0.6016744634551687,0.47145354742787776,0.06862257877676388,0
Trading,1.0531812901064679,23.580744415106032,17881.913522305033,0.7297743631997133,9.930660432552738,10828.99971241445,0.8648520163554914,0.5567288326799213,0.8367537995300636,25.804904397676985,0.6487758402480307,0.3016485954563517,0.25885184100337366,1
Farming,3.0626144134745195,13.888878968472323,16462.963324499717,0.9547797705081863,9.143574415160616,51480.1239721403,0.867494662011323,0.89699828057722,0.6232840203306911,6.666340497538878,0.6046685274600275,0.7577342147003268,0.13167762028266788,0
Craft/Artisan,0.7563853169157891,23.561139420143714,31544.304968278633,0.9588801512893267,6.705667951613457,22675.668036675877,0.6974200090863454,0.6170789713413432,0.7063954007451015,4.554972844051177,0.7329619104136986,0.32749618117736384,0.24272269935039623,0
Farming,2.5736776633611864,3.2832360593103296,42037.67664349315,0.8677613067511138,6.53788764811009,6430.324752474593,0.7272403953329302,0.5429918293598411,0.6282013187330214,6.97764438671745,0.6218202585958581,0.6794531683797397,0.17992723468527866,0
Craft/Artisan,4.064668393265369,20.679808721830995,25068.27620725993,0.8965271739412739,8.967865450648866,41856.8124758096,0.6458595562237325,0.9107653746544024,0.8818005690819937,2.859374661767528,0.6547026037976751,0.622000975419158,0.21720790717833172,0
Craft/Artisan,14.003041917509057,14.703146618451159,58390.2565101226,0.5752661662455714,6.8236920692889935,17541.104335704946,0.8531890183464804,0.483178465193156,0.4213528353178314,7.742622681977745,0.8964301110459061,0.6312713581596445,0.12535372273515402,1
Trading,7.685845424135321,27.197630263742575,17490.37929600791,0.6431218255064366,4.78661481810234,23891.95658312,0.6339432996889758,0.4921824586097217,0.566728880608602,7.195564001468215,0.7872211820694026,0.3318981390341765,0.18234220823558636,1
Transportation,0.7720429478513257,17.648154161832394,24970.604206765212,0.3584477008789186,1.4564783280202152,18833.079879695753,0.741269756796745,0.580381649713586,0.6290554021068887,12.435618648367386,0.9394139751022331,0.8492583620087112,0.05560964133903455,1
Freelance Services,0.8482120571845159,27.993836269760955,26159.221642392775,0.6198577113866729,8.87669918825178,17922.835437005542,0.8490411262198974,0.8377027047815588,0.7886117875564,2.3516220687674187,0.577052916367527,0.4187622090827182,0.6135042620150887,1
Farming,1.9810255024353502,22.060902120264416,49055.24940907886,0.7023005556571428,7.099317001123572,3299.7444671648814,0.8283509973650275,0.7802921937226499,0.5829921263641133,5.531185911586932,0.8002433900667556,0.5377919850946735,0.1262267187240058,1
Trading,10.769907807532277,16.97993232761474,28516.49284365425,0.8781766369699243,14.26698023081655,28994.793738109707,0.8645199417204273,0.8626258636803108,0.6007995813301477,14.784167160175297,0.7218562238016878,0.7457961005708267,0.4693817523105163,0
Freelance Services,0.8082634138912919,24.301354476914362,28953.978582530923,0.8198355425894002,5.71226653050394,2757.1841015878954,0.7281244615713761,0.9655643999506403,0.6950238936757314,3.2447111951644896,0.5918944909044466,0.5926914695608174,0.3541203189979562,0
Freelance Services,2.075327793475722,24.352467716216974,10827.411362732459,0.9218397108814532,6.9061081592521205,27205.971115028286,0.4242617445215682,0.7646051571782512,0.7516586643907239,0.36318251886276465,0.5759076795091351,0.5026098135954216,0.01,1
Farming,2.0665098781807147,21.77528003592971,16400.24101816845,0.637415335880112,6.9765106715371905,14324.069955400602,0.7206430387685859,0.6969803599943412,0.8689212666876683,5.314338911803462,0.6113626044702247,0.5647239314840077,0.5992916486797965,0
Transportation,4.757088628405668,1.0,49156.96135964272,0.6618272036216731,7.952269074045012,23976.39284247619,0.5643951705213852,0.5645227796253582,0.9528512622177112,4.934104994641903,0.6522137151521437,0.47951917002723216,0.4099320919097707,0
Trading,6.251547941294609,10.139516073884817,8591.784672339032,0.5736919346340383,3.0993632208160085,14926.308592842595,0.7000463108621761,0.8337518175041573,0.7735329431929558,4.834151852407764,0.6645804135524364,0.6019522113045525,0.39231273545639556,1
Craft/Artisan,5.372088211155914,29.072846772047388,56311.044030198835,0.6111276795102639,5.768354241665065,27739.879529253554,0.6325291028108442,0.9133610976264301,0.4112330280583278,6.119785469776797,0.7478532755492573,0.5091613709555292,0.2636820865758003,0
Farming,4.308648656443035,7.952433156517873,35412.33443937314,0.7570057880601231,8.482978256635183,13511.597056542052,0.6149570431009048,0.9572687498378702,0.7755930246366564,8.238201295866046,0.8596541978037081,0.6381059448007016,0.6032817170791531,0
Trading,1.0129381589991515,25.059689200526456,17834.0221624167,0.844289456310084,5.001709714741725,16263.013139050494,0.9128023528703428,0.8065829029782903,0.7925577593667059,27.95990944382664,0.7278014248799717,0.6414585459642973,0.23936889585905485,1
Transportation,3.8497636324388202,23.65162125423735,17023.892252629554,0.7498541009832795,8.370566231358675,17735.650900868935,0.6663897435253152,0.7369265891396395,0.6291095657277856,3.2168528346415277,0.4471569361882566,0.703423643973877,0.4207194354188693,0
Freelance Services,8.42642006330226,12.193981107343765,76326.49577960871,0.6572392491158703,6.290147903921239,49764.12368520857,0.9369649999326374,0.761811201859524,0.6080014218394868,2.807069311092146,0.7352017483701019,0.6652933235399984,0.4080631408573424,0
Craft/Artisan,10.268516174052493,2.038146983066204,58470.240452169564,0.7399982903397703,7.205613202664783,20336.906197229186,0.6306557834059837,0.6119755725503723,0.29595174916021694,8.043406862841126,0.4584229946950848,0.7957500736281697,0.33781376435062965,1
Trading,4.6699055897544435,13.448699216416587,25192.650286219283,0.782277510907687,9.45340924074843,5314.546752000149,0.8288748831735196,0.6607781278373349,0.8529773357212438,2.574731882699594,0.4848284592814894,0.48347313459745117,0.09441128880570693,0
Trading,0.7795909542686473,34.624120349064086,28970.27117308303,0.6682845706338251,5.317933214845605,9002.108972724513,0.4502404717469955,0.8802354686643467,0.5876884251746755,3.7015657369315598,0.7972985450438524,0.5307241952475861,0.382966852214668,1
Freelance Services,4.724766966445877,11.093781662325163,18856.26034439032,0.5278276252751315,1.6444463677402537,20304.6013767571,0.4919875883769358,0.3560023534530265,0.8654379226161703,4.038414599461822,0.3001469752042252,0.6450746629405855,0.20753434768781023,1
Freelance Services,3.2179273198308147,11.645941243205836,28973.334553171575,0.30405781464151665,5.2009802089170725,32267.704893182825,0.6356740669344594,0.5499500241346666,0.9106249811122379,11.847321060684688,0.5046600734866938,0.8562577352879704,0.7530342643542267,1
Farming,0.9065372274637207,10.019340717521386,18570.934409086432,0.6210056200537905,3.523334456737177,8058.451799295538,0.8146501349195652,0.791779052497227,0.6309905587712867,12.856174505516751,0.5729655900665215,0.8206592804039428,0.58680617993817,1
Transportation,1.473009900897201,27.718275812396158,25765.74915253353,0.8818603840857193,0.0,64081.7141429838,0.8864747603659465,0.5605946525703269,0.4140411595561136,0.7559281105093534,0.8203657208027523,0.6661451886748063,0.5730503646079909,0
Farming,1.718414144994403,16.05667430699915,72815.28412132952,0.6388734553283001,5.679955118482287,15107.138560303967,0.7841976202976918,0.5994518191652297,0.4721499777023811,0.99027396607999,0.8225420483650183,0.6426055232770286,0.24002022650238847,1
Farming,5.715567507897281,12.99275016840689,25524.965065600183,0.6646236319833494,6.597091977148429,17932.987659503015,0.6218373871979804,0.7487868910351563,0.6173287275324839,5.0598615615929905,0.914356334849385,0.5998177951048559,1.0326320171437915,0
Trading,9.99303845649186,29.307792137562807,15117.192712000538,0.6294471543269293,9.062284028425942,5553.305161928872,0.65943704785429,0.6952430871156418,0.8556577364498551,10.193158586266508,0.718079656402934,0.5813637519133205,0.28365525370461725,0
Trading,5.139513155102717,22.635952703484293,12689.058600619124,0.7141243571138927,2.5820686312320342,29168.178227047218,0.7315701927558469,0.6716214813104032,0.6530942694233028,5.322109399583146,0.823647245047754,0.18933056245621765,0.18066697828592454,0
Trading,5.838071354459231,10.645678066317924,28851.427954957948,0.783982081973982,6.265578073565536,9778.594860465222,0.5122820745830995,0.6730890907593149,0.3848012996710552,12.718439375299361,0.5247875779490889,0.7372484582430671,0.2949871188049451,1
Craft/Artisan,3.3859598373158177,8.211328711505757,17703.32342443752,0.4739720201386064,9.384273996151276,7925.82756609696,0.812296640204266,0.6732583469140847,0.8821981003662487,2.838596550087053,0.4135024861300131,0.7464885958696198,0.18762592294070818,0
Trading,2.2990987300027066,27.265359719039786,30811.144196800768,0.675297815638844,4.276058389860586,10699.635522484867,0.9313780984985469,0.7292071508576484,0.5902745861252582,4.043526715254833,0.6969989008933054,0.6877743289792332,0.3934030003477105,0
Trading,5.235680707647337,18.134305309933726,11039.92248786038,0.6742306228622584,7.608665277840973,35169.842884835314,0.5686101050896143,0.7236548097316929,0.9379271102703548,5.833257755127762,0.633516811298663,0.4875922776657053,0.2755309502593649,0
Transportation,4.348578990145687,5.607487841151098,39325.85910688335,0.7304750234141426,10.793154025058856,18509.13932392993,0.7597515995280486,0.6860322823670947,0.7611332345966751,3.65680533462357,0.7707567439176349,0.4595094565710107,1.0663541193091244,0
Trading,1.853587382430283,3.7350745048516085,15016.566748283592,0.7199311541589898,0.4127571702515418,7169.852306293052,0.696737776470951,0.7857769537913619,0.5807148013251253,14.546473033073013,0.836327011634754,0.8229684648811111,0.06905787360316083,1
Trading,4.147509296795127,9.071690278401931,27597.031528411266,0.8196952365085761,6.817962963094249,9216.353320393213,0.8085903328454409,0.7289201052101153,0.7494341772916812,3.734047372115921,0.7083152395094614,0.600484263889672,0.5916457242474845,0
Transportation,3.5490617742830257,8.084123295175761,22335.513635453714,0.8444997495500347,9.48866963408676,35835.5824689549,0.8053916592736737,0.6650091883991734,0.7615895048444531,6.316395440671984,0.6345995291257615,0.3990911681985107,0.9647863294682845,0
Farming,2.816026697378226,1.631384232788509,69224.76333495865,0.9545375061882854,4.947861478448246,11322.342775963598,0.7982948829900238,0.6824337975094225,0.7662670280063044,3.280459009032116,0.44159513860610683,0.6710120932679654,0.16344300590136723,1
Transportation,2.2357668033060873,9.203944106812031,29564.188071436125,0.6785985340868885,10.160279913663862,19777.27423083318,0.8827886984830035,0.9677268581224269,0.7917416951523343,3.4161855360740705,0.8250404911736906,0.32596460754700873,0.48346042659627014,0
Freelance Services,4.66693537140411,10.64735550684917,78433.74788719887,0.8120877134617118,7.902665354386761,23472.958254174366,0.6458178719845873,0.8891512162950327,0.791203813648971,2.2408520061857127,0.49686324632270823,0.3787717211032798,0.21891675941990815,0
Trading,2.352634793312328,14.298549692923437,36622.14239879595,0.6146241919249843,11.30807149533857,1220.2958856847574,0.6974730152826447,0.800144729461893,0.7607170129848624,9.410898606430735,0.6124125694438375,0.7037482841348872,0.23537640958013428,1
Freelance Services,12.5453804466924,31.5432803610217,58922.20286526554,0.6784879704532335,7.747394474655657,32372.7941933964,0.7773408341289003,0.7884998093936116,0.666861478193092,8.032091156999211,0.7170254282453384,0.7332691828158179,0.8852095875063771,0
Freelance Services,5.022303618639016,15.86525382321381,23984.45009096556,0.5733809987255852,11.557616106919848,7356.605960719893,0.682168835678909,0.6531139647930329,0.7038501561031445,8.5146603609722,0.9483219547996818,0.287512055468206,0.20445277645184404,1
Craft/Artisan,4.72111492584071,16.659401298046284,32533.534828721444,0.8678054648360313,6.900000085895768,10379.503207397769,0.7671900758410484,0.7289086665794182,0.9845108896639596,3.5160002067058382,0.860127446052401,0.656004338158362,0.4255089906615985,0
Transportation,3.1252234489447934,22.07404291039154,52588.56470054492,0.925781839177771,1.8966130978854965,39242.80986842639,0.7321895306111337,0.18005696899056636,0.6938457944302108,4.1358256163023075,0.6809411403357636,0.9280295456274418,0.8209244261369921,1
Transportation,2.6316873240623067,16.10145543146752,44255.191771414626,0.792108371418221,4.106998859339175,36785.068236595376,0.47140714267859557,0.46222076526796557,0.4864647446990941,7.404184343039124,0.5888821864977151,0.15992371782632486,0.7264515407656778,1
Transportation,0.6050313321963092,21.201223711093668,36027.80581312969,0.7569939924514022,9.055090395472536,18862.779721687704,0.6913491934929551,0.3549035181505585,0.9159659610613202,2.2563561140284603,0.768292973111006,0.6129547452474267,0.4310415552064219,0
Transportation,1.9568827062452545,20.244919015613867,22463.248257990686,0.32577226510454915,8.99606891191399,22245.772369600785,0.6563642784041243,0.7513127876280531,0.7586071450091155,4.506915992978042,0.6429398656589286,0.5838142495581572,0.4376546616851728,0
Trading,0.7621234552488466,18.980708524793947,24653.4697054322,0.857066665859995,5.068195650864674,26491.341055162695,0.6729124887286507,0.9301582866331575,0.6661941062626843,7.42868823696948,0.8114025656486052,0.39598129993149783,0.07556709147643972,0
Freelance Services,0.751565144651791,40.13172867535167,50297.67203376168,0.5810951734919216,11.412902445178243,36354.583229954886,0.9620384322521194,0.7412163734790338,0.7393403982756099,2.9034432212651557,0.8095117450029197,0.7751619107642015,0.5116209040427693,0
Transportation,1.284726758848126,25.289006752354815,56401.50868163008,0.9516580844584208,4.9380970863377085,39743.15980865027,0.8305450398881262,0.9467380620207049,0.47101385812030594,16.546962813666198,0.5290001428452601,0.6580945836377051,0.1904751026859209,1
Craft/Artisan,7.861078490367909,9.346224122346156,19417.412594308378,0.6209175494454953,7.385930975590863,14405.87750176179,0.8651972976613752,0.9328828137626577,0.8060485557106285,6.921605337147996,0.9114190549168971,0.8026188437982977,0.27927632630573845,0
Farming,7.836284849274302,20.96177748951331,17870.964218862035,0.7588718319083212,7.302849750416057,7973.39345205416,0.7089863611545517,0.48146187689290443,0.6565347384499147,4.755398966257696,0.7369912776235599,0.800204708867641,0.6528610326313972,1
Trading,1.9946959352158222,11.666105546722239,16362.156493096907,0.8370369736071581,2.0085894204134522,11174.53826340822,0.764147816696055,0.792437621587576,0.4430631881692398,3.7640449633872866,0.4984987849066476,0.6258509070416185,0.28183329052045647,1
Farming,0.9899683733171204,21.57000611247883,42460.74744670238,0.8575127543950813,5.668524231403112,14603.84378545509,0.7817008542708449,0.8532328048663779,0.7661867808682981,7.790458921947345,0.8762934645761079,0.5515579483334446,0.703442101273891,0
Farming,2.5410230221294006,6.998500663133841,16135.687904242815,0.9128648965042981,13.140988728200234,12872.555454504218,0.7842482684214931,0.5938965912482363,0.7852425989460061,3.0894432479135547,0.8206882458491666,0.5839319355809663,0.13175982214028814,0
Farming,5.676678806114894,9.137764415328169,42179.1740932824,0.6536093826321964,3.233199331744108,6577.7278433105985,0.5775835637829578,0.6451180474580104,0.7294478239293294,7.972621684379096,0.520687542227376,0.7987039742122943,0.08620232140070469,1
Farming,6.8343700002827745,20.751260499921017,36320.21269059097,0.759418785986855,7.8754727318524615,18137.845062750996,0.633509485300532,0.7955236032078459,0.735713404834307,2.005552422806765,0.6833741714278636,0.23736332883803724,0.11247065075410376,0
Trading,4.105642387202195,25.981352908784203,19934.34665669785,0.6702793612585832,2.536852312116575,4458.415126532461,0.8006837899347389,0.3324171873163295,0.77185585100605,4.74540707423654,0.441866889347794,0.7239111760306753,0.022848493395062383,1
Farming,4.62640952749263,22.021154790024106,63584.348267476555,0.4610929864288901,3.2019324745838316,14182.601315328673,0.8821236811635972,0.791707441948393,0.4543514538809602,8.971768247849171,0.8465741818744641,0.6948398519802158,0.05197053780150741,0
Farming,4.318970113567942,24.832938676281746,12037.205619771383,0.884743904643405,1.7571367886825104,14833.599464467703,0.5739336495547366,0.639001005411775,0.8757088945563769,2.868716158527986,0.6575550722212524,0.41037925149975124,0.657026037817946,1
Freelance Services,0.8185645046212725,20.990548470110767,67019.77002635183,0.9651893880657666,8.823212921489866,14482.097561120976,0.8543302449451383,0.6757963850455586,0.9094248916572348,2.8755777235021722,0.8754750631801397,0.8839745457148692,1.1757125122566279,0
Trading,1.0849521492742231,19.379968792258655,32060.73094977007,0.9133559693900279,3.385837174112712,24242.203985963664,0.583157434125396,0.5940317804667009,0.7819115820343566,5.087583254544196,0.5134816038928326,0.8089943085827147,0.6178492151250157,1
Trading,10.257222588431588,13.970453805932504,8600.653810578167,0.8314823601707605,9.802482436995298,22093.179983442595,0.6939531369528666,0.7670508124751244,0.6163954002655302,5.6270232015767565,0.6645291326145754,0.6476306240103251,0.2405160984452818,0
Trading,4.091959182287564,24.504014469734376,64571.84763766844,0.4774069983671476,4.4060396116798035,63314.82846454507,0.4027387956592922,0.784729245980413,0.6983682639224005,10.128325550809867,0.45732903178931916,0.9150167685180608,0.19815871976117783,1
Transportation,0.4542546909048015,26.19903386261313,45922.794148366855,0.5106457766912013,6.38399778285772,9298.438402432601,0.9401125510248626,0.7852442031021963,0.6392184316109898,7.856237062174657,0.7771905798693172,0.5460001286379996,0.6474204093863027,0
Farming,4.820586767176451,17.4950744693618,21257.89371088862,0.788352529004043,7.234142480906664,16244.882500545882,0.5645215743130627,0.5186763075372588,0.37332796538915175,4.2875971397607975,0.3983140037949491,0.5550471142547359,0.07362865498262253,1
Transportation,1.64975623552216,17.064591665770735,15825.909047417876,0.9019783576041009,1.149371031195706,15532.12503590304,0.5746270536535688,0.44775979924490433,0.8501424143038501,4.415090261504375,0.645529666993384,0.9037685870241963,0.2122864547368811,1
Freelance Services,7.199416729063732,30.731246493777896,11350.457050767684,0.7646784037958986,6.6109477507802215,15028.902437301032,0.5395294177991615,0.7437750358369933,0.528127068002267,8.327866074371954,0.9279664169300336,0.6175629813355342,1.1002119690143972,1
Trading,6.700029300425455,17.836625761470216,101569.17668323132,0.9257627135712643,7.049693352560657,5511.554775810269,0.839499169864771,0.6258416417338913,0.8691621224574063,1.8850621261142486,0.9173062637839945,0.568599804636692,0.1701582655616255,0
Transportation,5.46589182373532,18.605486962927753,16189.853036578354,0.46537525460055956,9.420050961915804,5834.634266459197,0.6617250478137774,0.7484356870724581,0.7665025624652898,2.4492969104153355,0.831315242591,0.429410371355664,0.27781921724666025,0
Trading,4.058819764957926,21.87380726202316,13427.045743541124,0.603299437975689,3.121489831800483,13420.33709392094,0.9147891137596545,0.846734544102087,0.5046170232751089,3.4467193755722976,0.5923787275807677,0.5391428029516208,0.12381089788337198,0
Trading,8.35944290240698,17.21754995236677,31174.49334316461,0.8037957575891724,3.548934457600562,4433.188063270249,0.6801000631979364,0.22678486098500591,0.2427623142926392,1.2717312524185151,0.5076946658793197,0.5755256635523047,0.3241909243996643,1
Farming,8.915870805614983,11.437277418055238,10928.819756098224,0.6131051503128422,7.978643887349877,10572.97241231952,0.5868429929992866,0.6756099189552839,0.8587778074379173,9.736318531414211,0.8035700527523134,0.3929655522161479,0.38207965345103684,0
Trading,1.6865428933490418,21.023724604188175,15680.111123786939,0.5659401965877214,10.237175925649257,8490.662248795092,0.819220475609019,0.5481531849800213,0.8279190723038833,1.7558845844590056,0.8854988779929257,0.6389379958921806,0.3369805978623363,0
Transportation,5.42551794863885,17.689959919821426,46501.184147472864,0.9040180743058338,4.2224924820176,10844.526831888801,0.644287459651232,0.6801460432237215,0.65117797054573,19.62095087294457,0.49672342921673573,0.7932506520230441,0.71551194797753,1
Transportation,2.2557880628484575,32.73799805179597,34728.495578042406,0.3881655788151107,2.2943890324412513,29514.261580696704,0.8550632446110362,0.6401916379795102,0.4957602582020198,7.2506175036667235,0.545993803457273,0.8797386750482875,0.11678362768433966,1
Craft/Artisan,1.4837044667204526,24.307588402339007,21752.77298913093,0.8270525176389254,5.049815602545409,6280.250020472714,0.9165883357668143,0.776303787374989,0.578651895007668,3.49488758698247,0.7970682467553606,0.6113224347145365,0.36641931965485053,0
Farming,8.91086219977324,13.236141708455989,27175.433665448643,0.7565992825375231,2.960030977102033,24559.63217084845,0.5201332138301429,0.8339208301640967,0.7831227787479118,4.295960930739719,0.6539078079093475,0.7438293393439858,0.22370921643278657,0
Transportation,6.023344495218937,23.832481753523005,21091.83353710132,0.8283528521475848,7.1933432980593315,8956.175886373796,0.448598432595302,0.4995934374912935,0.6258929009102672,13.475268492561614,0.5918608016742273,0.4093795591845122,0.3606681739511669,1
Farming,4.298917950816209,20.46292667784784,26001.284115638224,0.9592140383792226,2.76049567016888,9771.967337317747,0.6902312257230198,0.7628968464436616,0.7143888640326881,3.8807851076260373,0.38020918256568326,0.5293489496609859,0.061523917829094416,1
Trading,1.8272941566965442,28.475410415564102,17694.404516869436,0.8372989598679487,8.918714133009832,18506.586212430346,0.6031550912964068,0.6211217753811639,0.5691334169982556,3.3960242393257176,0.43713717597607005,0.6040988998548062,0.18593278603945837,1
Trading,9.08097505703222,13.804366297367686,19552.694348595454,0.9374335711463508,6.637850079944262,11026.933398836045,0.821492855705127,0.22643791485199505,0.47106892521534593,4.191602254326126,0.7732904458551246,0.6740489088456979,0.06903837069988869,0
Transportation,1.6293158684659073,19.509409186876194,19228.080668092905,0.6508492846533207,9.012299824828162,7152.895812341435,0.743365511239124,0.9066820947333809,0.5923859329013396,4.018713558600728,0.5090191579208628,0.2832670999333563,0.358880997023693,1
Freelance Services,1.3262635215764003,17.207250807260063,18047.754137047268,0.7507441563718202,0.0,10309.343376188357,0.7132500200155567,0.4934420249790202,0.8467672381371495,5.306824353972658,0.7745102262405188,0.8434626152889713,0.18895444367550504,0
Trading,3.556810464409117,18.467835384466394,47769.90167248559,0.8603809869657979,0.7255478685936474,3852.0333462944045,0.45216688351728385,0.7183530730058326,0.9567349898451506,4.0120428861704385,0.4905174469582473,0.43018452621807035,0.05143974182853894,0
Transportation,5.675949329709891,10.918408407968405,41091.828698945996,0.6355628582067896,9.878017873442147,17445.363038403,0.5929994219778847,0.46726858826061624,0.8938734968229164,12.035510113249066,0.5548624339625798,0.18106268495455,0.30153521435292385,1
Craft/Artisan,2.7381163896498646,22.607293343305415,16110.076139486773,0.8461945082529254,3.8414370568643736,1523.4076487061225,0.7716770442780896,0.703704418570306,0.9036530397449147,4.7646099477416115,0.44185367121495017,0.8340502700510581,0.31842357393560655,0
Craft/Artisan,25.0,21.343714206795976,13947.888504402314,0.654038182450185,1.6008517443302956,24874.87925892414,0.7590743491939002,0.5117780563259217,0.7933232943143625,2.564543843033868,0.8193172086683769,0.7874693375282334,0.21013592922721305,0
Transportation,4.012366372158009,28.28178893537436,24673.81518371611,0.7191001008842187,5.39190478034236,20551.379893529753,0.521288153261298,0.9663546788734015,0.9051619665729616,1.5421618659980383,0.575266508883382,0.870421094785034,0.46487367490224096,0
Transportation,2.248278680516574,17.919793184105753,88027.81992921156,0.8097032865837891,6.727037241392164,40986.75955768542,0.7353367197832539,0.7752143416528209,0.5099838169462367,1.9136053411266079,0.6488304285055531,0.7863576941446515,0.536793430264042,0
Transportation,2.4547753644590022,14.70528393401492,15287.062141259472,0.9513982736672141,5.525956441728337,61540.69729704306,0.5758601934218736,0.5441589967514702,0.5363355645057544,8.395859309158585,0.902159484869346,0.6758907611028652,0.7579549221273753,1
Craft/Artisan,11.004106286945175,24.314355023552295,24620.300019285067,0.6586244195252037,7.404042439478433,25720.398493589222,0.3424543038352281,0.6873831118051484,0.7523524635258433,7.195650331434203,0.8851957420206266,0.6287057443383598,0.7973408920432647,1
Trading,3.3159210345602674,11.646364947202526,28248.516658850836,0.8683176129925448,6.997500558149952,8611.178610728193,0.6675305601000854,0.8096298809918884,0.6574136300562523,6.003050908975135,0.6233257602342497,0.6343301254496215,0.578436480166113,0
Freelance Services,8.709769245776014,26.67987628067167,25342.72040515261,0.6294033126327623,6.840454030287963,61134.74673035514,0.6338224832084711,0.7912460242750722,0.7977798034283206,8.3832566861545,0.6879271925397438,0.5762080325545544,0.5282314279268209,0
Trading,0.7238200720834231,26.662735979309623,20910.03715201352,0.6193875338858269,10.045112964533548,5792.079837729234,0.7734597826536335,0.5822581990877335,0.7310717475326816,8.446290581206885,0.613260286076954,0.7674001169862859,0.4690412393786832,1
Craft/Artisan,7.295901217224564,28.058231209075267,50781.8346866411,0.5750074409688126,5.957459020162578,3526.663282007747,0.820293107863413,0.5836960225269264,0.432777817777001,7.263643690639711,0.37127185217923625,0.8485905890740344,0.13649233414481518,0
Trading,1.903087121160778,21.012983877435946,34542.7249998031,0.7888088877002104,5.869259242426112,48860.5088540347,0.507852080517217,0.7151021259419099,0.49499325436006614,1.3807816461588485,0.388744913720215,0.7344091521578707,0.4908552993451325,1
Trading,6.1215547075147825,14.10802893921787,42838.51791149651,0.8417278548493912,8.408434468404872,20355.180495806137,0.9209974638431991,0.428737599624797,0.8935923277340148,1.1196332935810265,0.6682774217577278,0.8105030276675924,0.0999022018436838,0
Trading,1.8898878634403555,18.8735018104429,37203.53164008533,0.9448540827995207,7.657979123119363,3593.6644907014147,0.8485871946250896,0.8074629797482563,0.5627144190900705,4.609410420579933,0.6913021278774709,0.7934969247264803,0.5801578287281265,0
Farming,2.5942813401792493,21.04055116063365,43987.974863612966,0.3997144663796167,3.2914252722036195,5173.209451949053,0.831842185171597,0.842518574849484,0.808186869068319,10.663049604682909,0.6941357195217436,0.4353795049655708,0.6692213108582652,1
Farming,1.4452864961873528,13.518866838496992,64306.963932697356,0.5767872236438284,5.723658758743712,19651.314716878078,0.830066191547312,0.8785103041889845,0.7171866019253125,4.511826505361243,0.49401980777195137,0.17039729219114202,0.15994237706293116,0
Trading,6.200767364274288,28.664930311401726,55942.19372886198,0.6454393305358199,7.314687295038582,7266.46068080096,0.4541749904942139,0.5752367118271858,0.7360236609175429,4.831987312801281,0.4871559312215752,0.488851503517779,0.2801953987086572,1
Farming,6.86380216257721,22.640673340548343,96629.77260904394,0.7328995888557909,4.239515579294034,8036.072701487702,0.9231492379620942,0.9242920431897476,0.8800555626811646,7.830893927964841,0.6929836103989242,0.46402483224935515,0.32269231931657755,0
Farming,1.954901129814572,10.86221635742396,52550.910618928225,0.6955377119330014,4.382473632016478,52917.83484605098,0.8375080814684321,0.36740843532980066,0.730961736666391,0.36537915735441173,0.6257493437060225,0.38515199099704894,0.422420189798964,0
Craft/Artisan,0.9265741041874759,33.062989411726214,18616.513211616922,0.7872370752914982,1.825624504353538,60098.24270998284,0.6615255819652813,0.6845021969185318,0.8729512936299679,4.834923967650469,0.6458888271198499,0.6594405555923509,0.5389567682958826,1
Freelance Services,8.628967278548311,18.779114201361416,42874.03268766992,0.771111653941869,0.0,14805.199012593526,0.8256668051494184,0.5900693624107414,0.7699679901677972,4.243648594643565,0.5423064107077292,0.8114971970244352,0.7014916136839517,1
Transportation,2.1516300943528845,9.24717565720011,39764.87836105089,0.7659992288459488,4.877764074854799,12023.935396852217,0.8887286619274358,0.911479883154647,0.5465185512293377,5.031052466874492,0.6542137999098036,0.5785171472202595,0.35599313141043776,0
Trading,3.1882648073624056,11.357967018021807,77355.13171436849,0.6006297045839956,6.381857393411675,25127.51211561436,0.6828602553488722,0.7154976142669071,0.8057740839925301,14.930563308632866,0.7030416090043997,0.627722353659306,0.19003404746023328,0
Trading,1.6738334667442973,29.902268777322757,15804.702729369052,0.35238991276951437,2.7137574385955032,9017.075755300884,0.6286351480979335,0.6706621788629801,0.7508432725697355,3.7466929690130932,0.8577801241424438,0.8933984626324987,0.3393522876351584,1
Freelance Services,5.803640325003469,32.59987932973458,36565.962296000085,0.6011022832598989,10.133616434853291,2803.5237380988638,0.7001437991908093,0.6268788461939988,0.8489533852473933,7.980341466137507,0.6967143779491037,0.5315721082416495,0.19511319814627548,0
Trading,5.902368212656529,26.075880427847345,18497.878158958123,0.8097494145764637,2.8598994768108703,1933.1949344904542,0.7644865188716733,0.5082198444156338,0.8007710576775531,3.911890662062325,0.719074498393962,0.8593056413041883,0.1895749697615123,0
Farming,9.565588858348189,28.554469188697084,35664.09813424678,0.8339612304172039,8.73759167185827,12688.878293282878,0.6391280898245736,0.6768975648452207,0.9293710475688002,2.6666765865669655,0.5533669302529597,0.67288884690702,0.27308803724243075,0
Freelance Services,7.437303967184482,27.73292367038889,23906.109538313372,0.6964047419240087,7.256010115147175,24768.179252033504,0.6642805208725225,0.7055779706310131,0.8660664992066194,4.293737989006116,0.9125111459390997,0.5475311256556659,0.12242690892384854,0
Freelance Services,7.102200688180997,22.45532922211253,35021.163960352234,0.5704943703447027,12.529006176172155,13510.196399761984,0.5563029527528732,0.2930042147993242,0.7504932912177413,11.272819919809708,0.46806168987170427,0.7695592315715767,0.4513174107036052,1
Farming,3.4104474545244674,20.632334302487408,12385.89987392789,0.8111609729706885,7.619517968271261,23552.153474509152,0.662949855127917,0.7898831958232363,0.5467352467211698,9.447981897037979,0.5687141261955104,0.6278185100295043,0.5215336176653698,1
Transportation,3.1061058613516193,22.31890555581286,41617.438988272705,0.3549686942964914,1.6611718076566966,25257.628534978678,0.5071171577371111,0.38456394211949757,0.7489911058980318,3.814062578817245,0.8661383859632806,0.14061760607158605,1.1984669736186364,1
Farming,5.748921671749633,23.888123545146357,30131.690377415533,0.85566609798358,9.163099817249853,35250.26998625133,0.6627984109076572,0.8331917804966738,0.45233986746817056,1.877383772689337,0.784324906166496,0.44905376182861484,0.2618508734294588,1
Craft/Artisan,3.2704030027444144,12.067215947788814,29252.08361941006,0.9162085380401783,11.092745504894191,15220.297616510887,0.6846024749418607,0.5136857328503687,0.8314297936076545,9.004576925014366,0.8126823596925741,0.38118197939161086,0.1248942862017254,0
Trading,7.605571308270893,23.85566983449688,78639.19866995212,0.8150864842010027,0.6833631917736858,16205.60937625552,0.7973375774067265,0.5387988875605189,0.8900367831726231,8.683816763175685,0.8065885415069143,0.577772920074721,0.7031241365958659,1
Trading,1.584365594318778,29.66893477837614,21799.321641980816,0.40523232739239085,7.917386723347203,13019.979383424023,0.7233735024842368,0.4430381582720862,0.4656865495530254,4.856647415748313,0.7112750690832699,0.37405425307091755,0.35918870625664356,1
Transportation,0.7085515563287283,16.349020573367753,32475.654120823656,0.8564975338293985,8.5809445442431,11149.143841735777,0.7410032976651038,0.620546409506466,0.7908246064653315,1.8516859616366814,0.9128831683817168,0.43091183069798067,0.011425300440217166,0
Trading,5.297525553320945,15.494017717425624,28428.541004906907,0.8575761855681028,5.361515459858607,4445.195047570196,0.5940554668310308,0.49758320323102795,0.6106267501233437,9.442460036841606,0.6641113859235553,0.6426660702926694,0.23166554793931765,1
Transportation,2.3733205109227566,21.81237047390933,29999.06633917231,0.7773023113407738,0.0,30345.055368528014,0.6809571224812613,0.8091204479733544,0.8600119930476299,5.505707985533377,0.7007041901288851,0.8332513965712383,0.2579097110706456,0
Farming,1.381459419062569,12.80273959673491,91307.85953087691,0.7519353186060198,5.11212632853472,10212.500963606757,0.8367455577713523,0.9327610728811525,0.819555557227508,5.36540182244018,0.6643125331124865,0.7544460053702093,0.197951537490655,0
Freelance Services,13.463251137265416,7.46545106697995,27864.086065946874,0.5033332940919913,4.2567923562528165,9811.065616820517,0.5435467832691664,0.7444186583222201,0.7949257383846278,13.722466793170938,0.40647268968982536,0.4973835492202374,0.631533128447694,1
Craft/Artisan,3.647814403028154,27.181752320841426,19692.558658215392,0.9470131124331114,10.589327589190692,9144.130152408314,0.8006509453669709,0.48745290373519096,0.7578991438747685,5.546057311493186,0.5771375184104451,0.8647335602407947,0.1706289146123071,0
Farming,1.1112788608247708,14.392389919812537,75282.01476342024,0.7277602652784073,5.734226120945401,5227.709559229284,0.6694606769354325,0.7957338220800305,0.8040030288214255,8.971556254489366,0.9439877681260292,0.19268932447918524,1.0251568648755591,1
Craft/Artisan,2.1531572036392226,18.147588629761675,22714.781955560746,0.6807172978578577,4.763066499800013,12583.223729974276,0.4536000507391153,0.5799372600744874,0.7320824666703363,12.004346807660031,0.7027770989527691,0.6944247463731,0.47840829673433,1
Trading,2.910778391141658,13.118999671935477,11127.24649779623,0.7079040909047127,4.2404625931065745,19177.586405139078,0.507625809543725,0.8383208869906379,0.6207005811835872,3.533103794008153,0.47015806672635635,0.9333554327801494,0.30572711278041703,1
Farming,5.222331913674858,28.21403851930399,17899.64146006244,0.6131491138390823,6.9772428503746955,8154.284231116736,0.8074720369265488,0.723712688317748,0.8123869137886605,2.3794926229360938,0.8187426717961401,0.4675001697938987,0.04122539250099333,0
Trading,2.1621760062698403,24.825409266272114,13553.185328518477,0.7763338325689229,6.170604577494396,27620.70011379813,0.5736247444563084,0.7851190850356298,0.5415042847837052,6.447107017714412,0.659478248060546,0.5035814367193399,0.3564221812507095,0
Craft/Artisan,3.2242373817860503,16.074083670770396,9996.786731873899,0.5925035100279723,3.6301652175910664,10322.817854252577,0.6202965809608187,0.8829702867485492,0.8298036734825748,17.886712098471545,0.756491381876878,0.44608771571586187,0.4448826928692795,0
Craft/Artisan,4.404590000636142,8.560821081897984,22033.994572971726,0.6981922901482279,6.792061873066863,4569.422338576731,0.7032126745554773,0.6474835071130368,0.7741456642160648,4.932141376153599,0.43256979648972543,0.44775015999753287,0.15401133748040036,0
Freelance Services,4.996570971285287,15.224561561134397,25884.02388893585,0.7210296962665551,4.328235199552792,34947.03340771884,0.6126258961489216,0.4147878222394713,0.4290978517711873,2.475397521677359,0.8584705918183951,0.7304741888201189,0.2109483496523611,1
Craft/Artisan,3.401750266030656,22.561221599597708,51497.59328969435,0.6917568305091041,0.0,15350.815408566059,0.6494882843544483,0.6592276481341415,0.7683405037495732,2.7868542618704164,0.5813014597194287,0.17682518003671344,0.486540121525735,1
Freelance Services,10.892355650878677,19.509085632638122,38031.532096481475,0.7979158166024286,8.004068709897862,24447.86692126324,0.822474049532714,0.7991830037182338,0.6810643507562864,3.974937061284011,0.5484599444247998,0.49345759780093956,0.41141833627364605,1
Trading,5.845628528050622,18.872784355615895,37090.229921145256,0.9238282004502862,7.719552303756596,24854.690290695267,0.7275055442717143,0.6245415539346244,0.6899169444158467,4.903216837298276,0.7722851878049088,0.7227411122587465,0.20170005708096914,0
Freelance Services,5.627467500615549,19.693590075758493,16460.75755453408,0.8443542237835479,6.5992173785316695,6889.288779159239,0.8721540356291899,0.7639615599849897,0.4749535205184811,7.859952036709126,0.563089496326029,0.5145290493357599,0.2862091262025066,1
Transportation,5.4879202011702874,24.070369851985276,43770.4098596172,0.9692857206615991,4.672596832225219,9271.128245561718,0.633761123501141,0.6953020711637319,0.920410491611556,6.963616541359448,0.6562068764581797,0.31105530877022697,0.10842426295598152,0
Farming,7.644306989508813,17.665126367479647,57825.090954151055,0.42239035389609014,5.78381950480763,27556.67997932832,0.7886716708707954,0.7722671557898858,0.7670593395877343,12.593238655075929,0.7361994425742991,0.4792285553594522,0.1994060158421674,0
Transportation,4.198330271132551,21.600107603676022,33423.482151073884,0.662911581531011,8.45784794220515,48274.18673519105,0.9081709875400146,0.4714313267940362,0.8597476904176071,5.267031467173128,0.7467379769926866,0.8243226961970498,0.25680902910020337,0
Farming,1.561839547087265,10.104646338039213,33941.191524516034,0.7398578545047605,4.104565015200857,13964.875302832825,0.8154122996829579,0.8872200725429897,0.7589037098709024,7.483922403547526,0.20555317597384914,0.6143133718796024,0.20643091889605192,1
Trading,4.832166772230057,38.430806215802605,13418.897251969904,0.8222185468767095,8.578937443946916,8612.475630637618,0.6213115563355934,0.8480806278725281,0.7492444273141601,13.373373239395434,0.7598354963511378,0.7465890183312597,0.11519306042313444,0
Trading,5.26371164340222,15.729125445469963,48047.226623685456,0.9085529099703556,1.5754570754616992,43374.86061256299,0.6919778816560157,0.9432337707026703,0.7432141790749724,5.883865184349494,0.7627539387817794,0.7720499667541607,0.9217546559647953,1
Trading,8.435458449908355,19.628744063071817,71643.43490828942,0.5706596658765073,6.504487811841421,8615.870517336964,0.7672475189077181,0.7857538272522667,0.46531198169303595,0.548404285583753,0.5716298863022108,0.5407998269885194,0.09286517772777915,0
Farming,1.4277854930080887,22.531724198289687,32132.518042129825,0.5885660148254727,6.077272350115121,16819.250409241195,0.8021427536105307,0.8271238043323554,0.6776212388320696,4.558952612942909,0.4425281920323007,0.6372801649506935,0.34474097150743277,1
Freelance Services,1.747658726021569,14.713675900795675,19401.458000606428,0.8573229323695198,9.008054963311265,9902.593720807467,0.9134754951176945,0.6191968164736271,0.8974639189887071,5.073254493480949,0.465215579228487,0.7542481199769722,0.7585455482063772,0
Transportation,3.7347823235514093,18.062598353995703,24609.869218416665,0.629214067235691,3.243211711797218,16128.625295666674,0.4403593521046749,0.6186416614383239,0.7520666986705572,2.564948596754254,0.4570004136212738,0.5201619968704052,0.16808885529897627,1
Farming,5.595164453274596,17.9654021972542,21349.179921393115,0.887582510628421,3.5705695557044823,6892.461245924676,0.4364704675948965,0.7376034222250273,0.406205498139735,1.4675028181448369,0.7116949276975905,0.9430583721764756,0.029271046616945236,0
Farming,1.2024822841755964,10.687695259412983,22065.105229519868,0.9599453626777941,1.8165170308201715,10277.756906069762,0.8530721093664806,0.6743383585640792,0.3826614775256006,1.7565904770115215,0.4061195895243678,0.9015428589007969,0.3195454688111092,1
Farming,1.46254708172252,21.50871540431711,38422.199558367174,0.5594118996987796,4.299796631472027,8611.828413142464,0.8586299796719082,0.6021020255272885,0.7712036205530948,13.642787945832014,0.5618977880341043,0.38741928257043534,0.19135060114419236,1
Trading,6.518323441883005,4.806225293930153,31373.073163060864,0.6416761495403476,6.766253914452857,21238.412565695882,0.9602859047966918,0.5813662191286821,0.6988941364891568,8.170204293863119,0.8425438056060227,0.47275910972350965,0.1948673930477805,0
Craft/Artisan,1.2484096281523356,32.02166753933291,46731.098055271235,0.4212812740240924,0.6064696701773666,14976.687665794872,0.8361895010886821,0.3830920151940073,0.6162484834518843,1.5731868089712657,0.7709672031682772,0.3007353566813413,0.5086160715856441,1
Trading,1.768338134045238,24.343767079827145,32991.20862416302,0.6037785127558417,4.671262470801826,24739.10640387552,0.678925719673895,0.7246444230994057,0.5497574705867344,3.866887823931491,0.7215163065533818,0.5416138897652972,0.5017503018538485,1
Transportation,6.796582834289419,23.112978861227013,16726.534243169353,0.46342563858338837,7.832371058900615,7494.824783499378,0.6834270926973235,0.8076796312942085,0.43476246512085726,0.3762072479967359,0.7629375733395425,0.5751348522526982,0.24539680031048028,1
Craft/Artisan,5.5395019870024,4.106863100534065,20427.133853090185,0.7558391434751774,5.691361827929793,11545.884238028279,0.5861593982403447,0.6464593257163237,0.8775937272980447,4.363416321753407,0.5573970761177047,0.6551223634648228,0.20396367747011612,1
Transportation,2.180449027101242,11.659770613655835,19740.692826527502,0.737736465216087,6.225616587166415,20692.406651380774,0.26132557713593874,0.6444992845015455,0.9081273725888759,1.2993127053803153,0.8069174807831304,0.38439370290178204,0.34720332724247066,0
Craft/Artisan,5.110419091640696,29.114760966440432,24280.806417417767,0.42422977838975384,1.481702456521007,24369.56033511639,0.5642399867194997,0.7065520577592125,0.7324368949332246,11.36876113690873,0.6076823767303015,0.8897176528500157,0.16413773746213942,0
Trading,4.4528694982278365,51.20993117631681,72192.57861111684,0.879411081865383,5.699863229599407,4855.906563484993,0.8461481430024159,0.8999997153252157,0.5926730110745968,14.490418989488386,0.8619868678130204,0.5775869180424915,0.2509116380873272,0
Freelance Services,3.3039558522362555,27.557539720456248,78841.49908901313,0.8057916095528496,6.086056607300669,16688.200722265123,0.7339845208419632,0.4947078034277424,0.6170243293522889,14.968094689224195,0.7564475460487495,0.6095581593763825,0.29035910860201986,1
Craft/Artisan,2.6854912032488123,26.295547282007607,42622.20583783489,0.9452321724969796,5.508809984258126,7560.743913559023,0.8013606894680119,0.9373988729610764,0.7891590576810686,2.207954288201883,0.8527564646977291,0.7780011820949155,0.9173146171156275,0
Craft/Artisan,4.972167207553194,22.199793824913506,28719.169001589053,0.7073103033232259,6.458405381752424,25248.2133309459,0.7578878789121846,0.44584442328444746,0.6299897475244063,1.5066570654036453,0.7435753390379198,0.7142002170950738,0.17144671259342778,0
Transportation,1.3500913813623112,11.220022434318636,12722.040990780451,0.8033129431514225,5.07262364285017,49136.30696385216,0.7869530355229523,0.7882843392449181,0.4732118841343669,4.106197451364308,0.7304162614134314,0.5647505330787843,0.24355274263181032,0
Craft/Artisan,4.932797905588449,25.961392665602645,30363.744731377046,0.6711454166137226,4.6318876923238665,2146.6361147458206,0.4764251677118765,0.6682777947972453,0.8976669839502694,4.013412540498343,0.8655912805265255,0.4884614636017108,0.5298163781539723,0
Freelance Services,4.165490607489762,9.190341303224567,17422.120779841043,0.732392187052329,2.880687415399159,8440.833116533126,0.8263540878714798,0.6605379989190564,0.7352967433291298,0.6521106856496454,0.8196764193904227,0.90265092081519,0.5437757011648626,0
Farming,4.380512733970217,8.315318678881171,65958.8962634668,0.7481604581393272,8.923384841845245,16068.876154728594,0.5680439721743864,0.46790220367001656,0.7012997695001908,2.818045845563481,0.8018526772181905,0.4997507198033139,0.2391343310604288,0
Craft/Artisan,1.7032686743987158,7.811765396492081,11121.571398273387,0.939514903980139,2.3200249617625106,13323.824438749887,0.9291641331963439,0.8370541958516008,0.8087858514094329,4.401178750570356,0.6315368051424345,0.44016562182067764,0.02373252238933466,0
Craft/Artisan,8.573857670191476,25.805781172012743,33238.57517673706,0.8712192391413129,6.473841000832239,25790.349298050038,0.7192348873718699,0.8351357869497149,0.7800541477857447,1.3007504898053233,0.7048941878890902,0.5752316821940603,0.6017495730685879,0
Farming,2.1865431760764498,17.540687560579986,16633.405675529877,0.7953814845188399,11.439591224014816,14119.965859315647,0.6986958053041703,0.5498886939100619,0.715250074307587,2.1990053101458065,0.19418258728633533,0.7286526451802533,0.624433337082806,1
Freelance Services,2.470437346141707,18.806864799235044,26762.760001256076,0.5966942795833786,9.304305085770892,9220.470058957138,0.7637930992893398,0.869096652827147,0.7813970937329907,6.041322432890585,0.6483333079128621,0.4771293376062549,0.36074902542121345,0
Farming,3.207527100761295,17.876768503594526,38806.28529654645,0.6807653704254757,7.52809421308132,6540.494982293959,0.842492537225071,0.6615103181201113,0.6776135402109121,5.936870292764979,0.6887691459221118,0.7721036385602155,0.05778824634270568,0
Transportation,5.53073259524608,8.994267670414201,47196.86636653354,0.8956262062089739,6.749226496698356,5814.011614701088,0.7746213665680806,0.8062803530441467,0.6418451361290373,9.975850529676407,0.9569481334820106,0.572241981322018,0.20475396923649686,0
Trading,4.288058015709274,12.634152751860768,26019.9905656996,0.8915008945767295,5.616686255231505,7943.228946426769,0.6436177902816659,0.6618562132655041,0.793113067771769,0.6971014658279187,0.8091741892167877,0.7521924629854098,0.13849543952228377,0
Trading,0.8933947073298364,13.036590349972379,40891.15676343262,0.6689306643819468,3.2959514369508525,8995.065334304289,0.7768430266090176,0.46149285807325174,0.7221405998898842,5.330002948967153,0.3377411953103007,0.399890238734309,0.16796361002212964,1
Craft/Artisan,3.609678481579101,6.7578284221971145,18688.085220004472,0.7201268714167334,5.238505881124901,17476.74937134795,0.4708602969470319,0.23839910534479386,0.7858259536089423,7.874157535076975,0.7325486332094623,0.7759083208740739,0.27171353742565657,1
Farming,3.8315410152525238,13.96631923759719,30793.105965707906,0.7241882743092043,7.724626932991389,11971.584388093008,0.7179549578083938,0.7933242706806566,0.6726451309720864,13.95790962481304,0.7152755098292118,0.6519278102362802,0.9100955827168355,1
Farming,8.709651882827256,9.34954834883009,46686.675322348645,0.5172926230561169,7.169144843444614,8470.748861425824,0.7647374185024485,0.40278661609056576,0.7253197451780083,3.6515137371907063,0.7094309804474976,0.6512168026604531,0.19290294039659758,1
Trading,2.874268986406025,22.62140503093594,32294.580636336854,0.8724697739898617,8.36616747991064,6591.120134816187,0.7064240629516461,0.7095261035595162,0.7464481092316695,4.434322237100563,0.5940474225162917,0.32003808898310954,0.6667732171516882,0
Farming,5.207696803987667,23.287768511734594,20107.757542861727,0.6897688638175524,9.65901559513369,8169.476748642524,0.8153314099545812,0.6810315698635168,0.604256832733716,3.607953506146619,0.4348885416396846,0.8093576779973951,0.6018272092089599,0
Craft/Artisan,17.444273535238743,7.650887018880882,23075.499313075685,0.761438131397223,5.524628481365221,9001.774740788618,0.6435783872801888,0.7050648717734258,0.8900689488606226,4.98086942503056,0.45196919707969935,0.5628088354479258,0.08985220596268494,0
Freelance Services,7.754747912746416,15.626945886015996,47033.28560527467,0.83251492285771,6.575554455996494,7913.39370758773,0.5312772459128433,0.7020462093273391,0.8522264449348752,10.429765941531304,0.639317863192409,0.7098186108146547,0.05097750581383769,0
Trading,1.6243581791852093,32.848479050533626,14757.186459208991,0.5484158437564528,0.30278591061811166,21400.700810794533,0.6554947937924335,0.6294312644010004,0.2484948558552153,9.392113498273307,0.5440502731793349,0.6465866144103135,0.20337984436633125,1
Transportation,6.0362696482772416,10.153896818573656,16004.523440485515,0.8119142542213563,12.768593325106405,34808.99358378415,0.5413175810486953,0.7325886626450483,0.6482858128373183,2.5204085149152173,0.8963484216144965,0.5045153032401707,0.458059716504568,0
Farming,4.94718879972228,21.413102542360527,37454.1882283965,0.9631785221558233,4.758453269412819,5864.990603030643,0.6918116802702646,0.534850597467443,0.7204692105332069,4.642363625740057,0.6981167469632322,0.8970146334157224,0.6007739052632011,0
Transportation,2.8022306079344497,18.844175472023075,21130.463013913868,0.46573743849746235,7.955077581036217,29245.404907322787,0.6181844731139864,0.9237278627860819,0.7631739799540008,3.560650615264258,0.7739714033451863,0.814945728485377,0.679485882061217,0
Farming,6.083502898025337,26.743100462727256,12098.272974376729,0.7240218248194297,4.756418283220169,21704.300870561074,0.6112814311505429,0.8262071770013885,0.8555847687794796,3.421519987421155,0.48572102024780606,0.46752890457688207,0.32881960752765343,0
Farming,1.603534308750346,20.36373473085925,56553.94649804491,0.8565693399026948,4.686763907812184,15152.306398599925,0.5449261648844506,0.4551779934237534,0.7282754501850224,7.361367529607692,0.5995697247046256,0.4696587091551572,0.6249193626056248,1
Farming,2.2225776321367405,14.549636176609999,14694.371990457297,0.6423506040804952,5.288994255107365,38896.71080490109,0.4357872114749161,0.4870856529939087,0.8237897961129664,3.667551810935099,0.3462366333243391,0.31700655853586607,0.08539499809520625,1
Transportation,3.232966760228451,18.53411297178308,24108.34903986873,0.29959856826048986,2.264643989707691,11858.642917738758,0.5958551056950773,0.7314761012530402,0.7848402370727231,7.529015304122439,0.46788242323531315,0.49979176618198534,0.107912622950776,1
Farming,2.703498410510494,18.65095955162989,19134.794263734755,0.7412288790783109,0.0,17700.142189272578,0.3055792777287977,0.7258138672772151,0.4671076949261924,3.766699453140678,0.6284846920619933,0.41454500664304256,0.26262398604585985,1
Farming,5.648266012394683,17.26643854173741,22840.123774473515,0.9435020231415263,9.479070208829047,14568.350320362713,0.5774992229611594,0.577736292720744,0.7496156079864843,3.1670034610891546,0.2720600059809817,0.8796826484609713,0.3990227225755149,0
Craft/Artisan,3.53776775682347,7.44710835740786,16538.715383359784,0.7133255101569087,7.6371076710011145,13829.319171394425,0.5754955020128182,0.8233755387166257,0.8973096407169494,4.507235108836565,0.768201632901243,0.34599423539466645,0.2295089345024573,0
Craft/Artisan,2.4979760371595976,27.944708860783138,39849.03948762066,0.7570939314393988,3.2524354253541072,18421.96632297678,0.6020093467046941,0.8828363805726002,0.7660418972117095,19.848397980630736,0.7091650218686691,0.66357324666065,0.2042658083821546,0
Farming,7.670872861574217,26.531468702914598,28594.021553584622,0.5095687276476616,7.3557313665468484,13800.985306283752,0.7046204873583062,0.8320917248625774,0.4607715024828527,2.2770769862584377,0.5400194315406566,0.8258337310866835,0.27483647587651283,1
Craft/Artisan,5.504784825877493,9.64648778504114,46212.67903316827,0.7843812426498694,8.471801990966929,18513.996166794663,0.8967593731110836,0.6786370797859173,0.7028302243521719,2.7830065670576825,0.5484517105894318,0.6193306596232395,0.31985820378544777,0
Craft/Artisan,1.0692826727169538,15.594194942529974,19244.055438824485,0.5363856323119068,3.9209391518308223,8359.266227543834,0.7478412734752097,0.6207839217112934,0.5328273038859265,1.0361860272825485,0.8651571408051499,0.683968790589116,0.9210142140518857,0
Trading,1.0497728013019114,16.19931464516627,86956.38703288656,0.5085834899664432,7.23554386985871,8544.081533788556,0.8416218147532155,0.6721506528771355,0.9436827201411988,3.0651756412046227,0.6262771734956418,0.7072444673277364,0.08842188969228329,0
Transportation,2.511843755965825,8.747849596003341,9437.469558595849,0.531155994528516,9.020409856761148,8332.749839719761,0.7760370155103943,0.8968102239757004,0.8124476763598655,0.836476060295181,0.6163969627528995,0.5142464158096562,0.17428821489784357,0
Trading,1.1959123316487172,3.065629857901863,11250.58943680548,0.9024049396847614,1.684943000049766,10348.964177204856,0.7328004711035199,0.8000327462052524,0.6593577172655491,0.8665264211935557,0.5945155489088239,0.6585007101443832,0.20553362737514771,0
Craft/Artisan,6.882250757868864,12.63525878470131,70558.44597286415,0.43673085131124795,7.600233550891231,27154.53068876226,0.9670778738971084,0.47147968532989637,0.6184750023004834,6.442176038589778,0.6756850705830387,0.6119787961524873,0.769520905259273,0
Trading,2.3078694214032285,15.148781277990466,34916.78426547305,0.25003765940483075,7.093161507645151,9666.838829046947,0.6953343174337115,0.7640611771279323,0.7676919085259193,8.197560065452738,0.5104695346692221,0.41832980059109415,0.9269533476739927,1
Transportation,5.203237555545874,6.470133333087848,32459.951459750206,0.6323229641501873,11.641352008701794,21093.550503254064,0.7979527358852372,0.7591151293799304,0.8439617114006966,15.84598118893079,0.8548050834887991,0.7768782893889271,0.7684446840921827,0
Trading,5.9798265600766864,19.41582211268383,34105.072948493216,0.7739123144664593,7.671105761228974,16087.733788004018,0.35548825535306505,0.522767034759482,0.8628937545015103,2.3470996702565357,0.9602473907032669,0.592564028648877,0.22390861161495487,1
Farming,0.6121650838764993,27.302850426530718,36833.5354498398,0.8914413814042194,4.767357151700256,9808.502168565647,0.7645952418796952,0.903567893198013,0.8574500054031842,2.259017210097133,0.5338270573718226,0.8307865412946586,0.2065761201494696,0
Freelance Services,2.3921155651760824,24.736929169322142,31725.37923200586,0.515744046828354,5.1144330319436895,33403.89454646427,0.5614270269995624,0.7984323036953156,0.7317069244171996,10.831913989451046,0.8633520019617256,0.17886202137072238,0.36273074878802364,0
Farming,3.1241585590505427,16.986514774730253,15815.60721065429,0.8444801140650952,12.070181047615709,22365.566044575404,0.5055836993220544,0.7495326801681303,0.7235647321273817,5.298983749389139,0.7617903881235032,0.44528855037547976,0.9903750181113932,0
Craft/Artisan,4.422287182734638,3.276706427830426,42192.805419085795,0.7018341347897679,4.935448474746089,13376.402987383572,0.826613671779261,0.6129149011717268,0.37837352142753233,2.4239401655714374,0.7191420674330379,0.34287849524055786,0.429261887088234,1
Freelance Services,6.628421256139243,23.725618725272383,38691.414866995045,0.8832128865224042,7.7584384045610495,12622.080595669715,0.5460936719211009,0.7022955653870515,0.38757477285408676,8.390807781504883,0.6852603134657479,0.667403672029934,0.36910599584676945,0
Craft/Artisan,13.84503926017343,19.171137352516464,59020.323560919634,0.8338564038270501,5.284858346605773,14265.632364494179,0.5510016586977552,0.5536927000775982,0.8173432586776875,4.834050872258475,0.5946429446799669,0.7417082432201796,0.25871105955797963,0
Trading,10.20782379148643,21.394808873744164,70992.71834874836,0.41583916208331495,9.243786028862878,4579.401763293736,0.8838285130102882,0.8443799714129486,0.7653621297088988,4.717348643110205,0.6553376355359972,0.8311462444464048,0.3964213788758992,0
Craft/Artisan,3.507036084927092,33.48882240242011,32265.758669862727,0.9551930890433941,9.39201018865063,7499.01662138785,0.794109559270005,0.777148006548311,0.8141810019204915,13.17144252200266,0.19084911869003593,0.5166094190839594,0.047669105769798374,1
Trading,3.476647488671411,11.401506963754773,13695.848549384318,0.5545898477592027,5.931996691994195,18467.37337209616,0.7602356814518676,0.8477632274766973,0.7185289529499069,6.764167133605077,0.8591797662515966,0.5867084209711835,0.5338759291115273,0
Farming,9.531426592539948,1.0,71316.8291964171,0.8945864234932989,4.77971645127549,4411.4216461720725,0.9592177839094722,0.6985995188049416,0.3478780466759973,6.921655175797448,0.7619784408531126,0.5699093527141205,0.30982638544556534,0
Craft/Artisan,3.648351679505044,9.572363377521944,15367.613212285716,0.6812864099555702,4.708175835239582,7916.1702856678285,0.8211876435534754,0.8088689678311004,0.5844390450569935,8.339973349871054,0.9835357364149477,0.6853216493751392,0.5607915451523497,1
Transportation,2.349694393661534,21.888360546142568,32398.918011622918,0.7969572786697419,0.8182194562767631,10149.898498953358,0.6944349852391737,0.7752890738783613,0.9502772394141019,4.658883501291125,0.5992547001818099,0.28615414107987097,0.34910798353559214,1
Farming,6.957003397353139,18.215407213984324,23360.37150933005,0.6362721781855,6.301676797376926,101982.6774602011,0.6628744581969431,0.7438805137359934,0.6131374479624004,8.238121621301318,0.8043808878741541,0.6241819383739873,0.8660039570827072,0
Farming,4.573231858878073,8.274910963210546,21229.692224574494,0.9168619385460988,6.2411887672790325,21410.057654604658,0.5690153629816158,0.7561540667791318,0.4536336686366835,13.622756703395746,0.27134408535936877,0.596658041669685,0.1415373867108306,1
Craft/Artisan,1.0343789747821928,6.642260934588556,40960.56554390583,0.7611422099152285,3.551604161508802,28800.248020435287,0.778310610246422,0.6701040730167991,0.8518408991895279,4.732662007183032,0.7999369094263252,0.6069220842784726,0.09011495078535556,0
Transportation,2.8934846626711996,15.163127873460837,30774.84084887549,0.5464499997896024,0.49556661898568954,7603.7509102401345,0.6669591887277206,0.5246194496532957,0.7658005220454666,6.290423234678663,0.6886258474576944,0.8319883990450724,0.17410720935025353,0
Farming,1.2303622760796828,8.031242640945555,35677.76056168735,0.7586064794755861,6.618856487939507,17213.326327270617,0.8715238699072927,0.5691313594409777,0.6005695528273808,2.4693459511389313,0.8663960626048385,0.42659395938993866,0.18321315939209626,0
Freelance Services,0.2716364385839818,22.165067346036203,17177.78984707602,0.8042628494871221,6.997869023141138,3896.6708682436906,0.6742867196944821,0.8358445721086983,0.3494066428561736,2.8758914662456756,0.5263384643839824,0.5468204742054542,0.5868291562493728,1
Trading,11.117834392142358,14.708584890989847,24446.90174906384,0.8160094156596459,7.183935720036536,10599.580669623627,0.5828145644841389,0.4891342575970586,0.7473432002983845,4.164022776176259,0.552326532794095,0.3768776370245189,0.5464273953863493,0
Trading,3.9924848875231573,12.983056925346306,17619.39849161428,0.4477305392487104,3.030184619438641,19029.69912389263,0.7710126569696538,0.5570897366743346,0.6527688473361989,4.401740118786424,0.7401727771563064,0.6537061471300679,0.9162412337620537,1
Transportation,2.9757555266835034,11.933788776615948,24113.102082135934,0.6193780665291738,7.1903192562929235,4952.7362739501705,0.36600069477342706,0.6032341412340287,0.8349970487218612,1.1779783384504285,0.7555721062510061,0.5547284491947494,0.11029153321588822,1
Freelance Services,2.4967731428632347,20.104981812644755,25202.05395485033,0.6757135260969361,5.464252467771521,17591.93536153114,0.44692599373536623,0.9223530852203875,0.7197997897771247,14.200448194278817,0.5576714329927569,0.5347248784406665,0.37832521862096036,0
Trading,3.6985855330159736,18.340873790080288,74188.71252377726,0.6761789068464039,8.593463709888365,18643.44714547937,0.8295495851865854,0.7089528951058536,0.4692048221336155,8.603428802567716,0.3446172358350396,0.8231497951984693,0.5003986289389054,1
Trading,2.4721879796558097,19.61565815890075,23326.289705848514,0.4472950168426244,3.07553706932796,8762.598183197764,0.82703671948683,0.596147064977674,0.8589259065377933,5.839078734595472,0.7200176725634794,0.6843578748678821,0.049302508986417526,0
Trading,1.6496299800265661,19.441035550446493,8357.552679276117,0.8456153195103302,9.450609636273994,7447.52212251204,0.700305877218682,0.46797956316513983,0.8765321033925456,2.3558973775496543,0.5042490230946723,0.8511464470070432,0.1325632842490361,0
Craft/Artisan,2.5873062490542806,17.42243570722635,57947.942623679046,0.7236610502450989,10.52995914636956,8097.662739407424,0.5532212471249666,0.9195334308635469,0.7193841207922667,6.151797720208084,0.522194698564394,0.7524413886480079,0.30520745915495406,0
Trading,8.93565684663706,9.734955332335275,34444.08817324842,0.5776422166166346,6.348236101550734,10479.075445317161,0.412736369681484,0.6501911075321656,0.46222035219281943,3.876748746017763,0.803351122593292,0.31502533308877234,0.0678164734948202,1
Farming,6.852934900418524,12.156958986149903,25032.850492841568,0.7241337103866066,7.211022030065407,10702.773436978709,0.8838593330853944,0.45441110025724263,0.8019290216805854,7.3226749126229915,0.36899365701879894,0.19935344397553584,0.6547022369499771,0
Freelance Services,2.58990914795467,14.842600758888505,21152.884290006077,0.7318287793047601,8.35167771764729,19086.300878008413,0.7443926087128248,0.6883381086379139,0.566260040035465,1.777045459441967,0.43628442211886664,0.4154162465033172,0.8284404206720638,1
Trading,11.840747249499412,34.52156190470657,15981.560840400458,0.504522751098225,2.9228938431165754,9190.432063556766,0.4979498938359096,0.8136662038174511,0.7762437968856277,11.297060493414222,0.6001421555964519,0.5673486928939202,0.8194154880794368,1
Transportation,3.4765605508383866,7.209309436665508,78114.14656325775,0.7332698701943792,4.541205951626544,41006.599704058055,0.6893918164183146,0.5462032592907603,0.6519508222726215,4.3569195574268695,0.7201666609660655,0.5994859570500239,0.2565549516767645,0
Farming,1.9728586050801122,14.648187973464875,27681.364077199432,0.8054762808687282,6.552673566459781,40798.96498051114,0.9453740348398926,0.792364388343396,0.5779659093090374,10.755977670926777,0.48052048384040796,0.42715091278871153,0.0263548366244379,0
Craft/Artisan,4.715163331026466,18.78613648088391,10344.775318407816,0.7148249392746838,12.080683549097763,15761.7421647161,0.8772805986617148,0.6210382833117046,0.8173432022708447,21.441914121044462,0.6764268777930283,0.4536291764218138,0.11494919243241905,0
Farming,9.854379174994873,15.57333797382006,32217.24084812242,0.6006559923289663,2.4116811101542357,10496.069434255436,0.7142660711768477,0.496346230163303,0.6055872960344884,2.3368618748034216,0.34191812886586753,0.4785087776175538,0.20854227119109897,1
Farming,8.663732625808644,26.5917563315019,52229.06585855065,0.7530629143627652,10.913173664975597,9197.648117434703,0.31443011514264985,0.7083555834510421,0.8183473250683938,4.309089081497554,0.7113013051046236,0.5788150824622547,0.10102030553474985,0
Trading,2.0534012155077788,15.53201655597707,29320.40789076845,0.5776082976996441,5.420320852201503,16676.08656060779,0.7723915039775922,0.9205199459507752,0.6502567958713457,1.801941807555255,0.39736621624160756,0.6532302547015697,0.5136724860191509,1
Craft/Artisan,1.3773102617137065,16.123668806795123,16385.03324781479,0.6944314231514079,5.8966890559076015,18848.721712539736,0.6654122456183029,0.6845548295248994,0.8340814007290943,2.9226499917265976,0.764764897570035,0.7446501180784929,0.03772534985511278,0
Craft/Artisan,2.775066358136689,24.51702810893054,15598.174118263756,0.8222905192044964,9.65413305654722,11606.225832619408,0.7063909484209847,0.5564629575200782,0.7086813395186301,5.652348563491011,0.5293329000345923,0.7423226518739947,0.17659627106831682,0
Trading,5.268423663295482,32.485693303347006,16243.93016635319,0.7090464595865602,12.064348445224425,10145.74152770912,0.7007276989045992,0.6577679924941514,0.9451346663743613,1.4851665833996517,0.45781889505650225,0.572428574219169,0.1634570931926426,0
Farming,6.259328803174085,29.259986991586622,62125.50538749517,0.8081973991177622,7.268537374922259,17101.480381652873,0.6066727884371937,0.6712206172383899,0.9208387579505557,12.860685609062369,0.5977679843042083,0.5377586824037508,0.8309275487229248,0
Freelance Services,7.880686481175314,16.90676892712685,25863.416778923005,0.44712160893606206,9.494240959148282,14021.246248617163,0.766353839816627,0.7239601801805778,0.6396705269409408,3.43094206927327,0.5567021397700705,0.7728498430999993,0.1757664518729008,0
Trading,4.149199351932382,17.603886306140772,10686.126302951367,0.8128895683254475,3.2390770660035324,8950.943848397505,0.6148579427052584,0.6945299454169759,0.6608820844542127,7.1938106496686185,0.7795256589684798,0.27888346060956365,0.31060783879519743,0
Trading,4.245800135972258,18.373753958273632,33232.1699189258,0.6970953063727838,4.411595115141319,14459.800021414238,0.8027394930319012,0.7590835054376553,0.570722852772253,13.60904112024416,0.6303121315003403,0.8211354363377441,0.3062788513566423,0
Transportation,4.041896374836619,19.175995267700685,29073.14666385135,0.7846718996080344,1.942657054338043,8745.648346891501,0.7396423193536348,0.7842478802407552,0.8093693047135934,1.6948333212703437,0.6876405276383957,0.721139344474177,0.31557540843398696,0
Farming,7.223984551758453,11.22121508521748,21017.432538235877,0.8772769940886523,4.453235746242639,7893.847507441767,0.7462689415415013,0.6471055918408501,0.8153841696078589,7.717182079362415,0.8997802444708277,0.5778167805144462,0.5615740860439277,1
Trading,6.332940897498064,25.49275039084351,15348.549971427026,0.5068774334090348,7.695704376306069,13313.261886956743,0.9562529788071621,0.603121027293115,0.6399691017541872,8.871512204432282,0.7617611952416377,0.7297123171655148,0.26475996538348756,0
Farming,1.993872414435307,19.65287302178229,14985.791609140051,0.8310168382696029,6.636436378649336,8935.000216697441,0.7264496408703324,0.7145137685786909,0.7524880867562272,1.6158072970227946,0.3307818471061928,0.5089172876167352,0.5172879999457602,1
Trading,5.825691555597765,17.64115048947749,48905.66896540376,0.8774686319718924,11.181308118684129,7997.633497580644,0.8234235645784069,0.926044873611136,0.7979493167127024,1.9923868702396814,0.6921659399316118,0.7110956350005728,0.15887278486019307,0
Farming,6.9212653938827104,7.830836987527418,30826.56418218752,0.6964216450468957,12.164133106743005,27778.00543464035,0.6062163539508921,0.712914613728138,0.6717742833319791,5.741210353453109,0.43982493603881223,0.21366296471446916,0.3344399560233149,1
Transportation,7.286180377760745,18.4982896679249,35005.274025557235,0.8532256864422083,5.5904867540229946,10152.307619731737,0.6562093322678562,0.6394292207630303,0.9345062845576705,12.734538755756025,0.46659463925259037,0.3862609751113602,0.16522633200677414,0
Transportation,4.576812003544651,2.854301574233558,30779.905747973567,0.7011602070833736,3.960946769636924,48550.179247884415,0.6233190742712273,0.7693993061872071,0.8994774828145501,9.665072147405132,0.6263702796822538,0.7649010503648619,0.18116220631809185,0
Trading,4.405142311751796,13.346805247742143,32216.331348747506,0.48560196352438734,9.480107698188917,20715.70264452887,0.7889536557513199,0.4858617584513842,0.49269535123907393,2.6754487546487242,0.8972781593744801,0.7789908781605133,0.21246535428266422,0
Craft/Artisan,3.5871394013534115,13.49521834816641,20793.234224657648,0.8453113665622836,9.792670919275835,7521.400430843232,0.7801001658097264,0.4934687063575295,0.828755527555047,8.547734065058537,0.8320967356671343,0.5783036202845263,0.572890811178372,0
Trading,3.8614514182693918,20.29596154470095,24023.64553744169,0.6061547968789459,7.323744395357741,30086.4964558716,0.8768534320031434,0.7285629289835854,0.6447769484992255,13.185036112857935,0.7288304997883472,0.8971685969409986,0.05084203491722633,0
Craft/Artisan,10.700207638962059,33.03880019956237,51057.181677517794,0.7980126887137124,8.116683186446,8089.857131606049,0.42135186451932616,0.7140587920271634,0.5948802419192666,3.054753952327603,0.5183090719848392,0.8700907438965358,0.06189467292410598,1
Farming,3.954536316173336,22.575259725323498,58572.7348855509,0.9003756834811518,7.64745808461346,53174.97960257127,0.7758673606001941,0.5701194167240485,0.9228909230521143,3.369226200798262,0.3875769792441338,0.8578541901257752,0.28011612355970794,0
Craft/Artisan,2.1251270110083227,29.587216581084906,13737.016558684985,0.8269520403717192,3.033729931011992,15651.705202506831,0.5388699130245356,0.7682131038343241,0.6112807965544736,1.265109442640092,0.7930983514311725,0.9577923555614161,0.6071548504316758,1
Trading,4.644192807051607,23.161697384828614,23991.566261234777,0.8212293164538671,2.3442852259077607,19531.760873746836,0.3833777806790848,0.7140851644753611,0.6764319973762984,2.3145891201606266,0.8306201300337367,0.4333336604263465,0.3960217057066726,1
Trading,6.1776173245186285,27.00042791750092,42685.17492357841,0.7205607527985913,5.847294303316364,13652.350242733837,0.7416852431997092,0.6932465339194893,0.7551377302755125,5.458365914756122,0.5439606151350848,0.8512423881413173,0.8895504386987421,0
Farming,7.08984697637342,32.85701882354485,75746.22239223454,0.6470690082691388,5.397253664362058,16092.6481368514,0.8511669424133882,0.785924728129609,0.71758758027951,3.0707353446447003,0.7464203106737837,0.9296012828651509,0.28706940180522506,0
Trading,1.6336659170094603,12.14530534158196,71687.93699830904,0.8735443436745651,6.830831420537269,11380.119704263414,0.8595547064184967,0.6822241320179101,0.3849141662422215,1.1928528890263026,0.5068379429699218,0.3373077602745334,0.028681571659473104,1
Trading,9.329098756257178,11.623164526947974,17367.105401203982,0.41823021231462154,5.606325517961873,6987.891525852089,0.9668426851523234,0.7020670318908595,0.85045926307322,3.0543263820319133,0.3304055510226828,0.6312616025340911,0.4721359272640301,0
Craft/Artisan,6.024357747227459,23.35048720381857,54245.50251480721,0.5515458177324404,0.8902058973573359,16945.753638234906,0.8149011116741882,0.40589465917833834,0.7427741734883869,17.97187318327731,0.43257817815012795,0.816922181797035,1.1286310443281817,1
Craft/Artisan,8.99352234132728,17.970572367502033,27784.95500069625,0.7382157975242698,0.0,27374.290694962117,0.6184315046860176,0.7069879289382076,0.5653466652216402,13.055854582739666,0.4069233775140724,0.6853535312059996,0.22302796040831932,1
Trading,1.1536808734563653,19.762830662455684,47783.18848976219,0.7684041152464818,8.212291249107073,5805.438104973036,0.6807384119638391,0.7986393075959435,0.9340826542325888,6.752612113311805,0.6678895029318233,0.6311437590901483,0.5225086072802315,0
Freelance Services,7.467957651293113,16.010664863141116,41504.33980856516,0.8486131985706763,4.011628594939703,39274.53708594849,0.591768114497424,0.6787608661078335,0.8900503262580122,6.381469246933159,0.9402309506900229,0.5937790328142117,0.4158447331206366,0
Craft/Artisan,1.5674345323561134,13.229930263802261,13424.273152752254,0.6886141560738949,5.303626784012058,20349.182820642432,0.6076995613878645,0.635685534087974,0.7729593951870305,12.524031595438666,0.7318391137567255,0.23368977186750745,0.3404084922708996,0
Craft/Artisan,3.023433141386335,30.9661173502002,36405.88353517524,0.8248150641433794,4.326076050786604,9839.540325972363,0.6609214596316569,0.7223087441476889,0.6918522373522616,6.921479457187033,0.829296950658469,0.755383509208145,0.3003250684945982,1
Transportation,6.155418101143809,9.201111089440685,46776.35527852209,0.7605130945506281,3.260852693204473,9717.227835979493,0.5964484974685497,0.7981545808992287,0.6305477948664878,5.442351087511838,0.6346325119458615,0.6756195037187074,0.35306553426778603,0
Transportation,1.4386311982375102,23.491138073932355,26606.60067689587,0.8093111227121269,3.180444453709994,49262.26772049237,0.7846301821020387,0.8840760276151173,0.7390591620251163,7.723555766701587,0.9352561749909136,0.6064108427527387,1.245842313197668,0
Farming,2.457281252395258,22.1938262858436,23494.60184405087,0.9268244353322892,9.059509120405622,25773.633504836824,0.6039376436717461,0.8216058105918087,0.39647813101591267,2.6560177788052757,0.558724861035562,0.6525004167560036,0.045831255039275785,0
Transportation,1.1342591185451887,5.367893619438048,11334.255151559164,0.34513907435591296,5.282549044463542,29674.276255375466,0.4695635410441801,0.7572590071128948,0.6582878384373464,5.528100463342288,0.4854791435186031,0.19155324913662758,0.29591667977032543,1
Freelance Services,6.047538220982738,11.353757360051251,39182.66208167695,0.4881349408335463,7.9042928877979195,11206.584605519676,0.9178720571880769,0.4930704583984661,0.8187309906894643,6.225199372157126,0.6858485306317098,0.3157590399700262,0.07673525146413732,0
Trading,1.9669035127363657,12.69847551240106,30176.28416464011,0.9099836774122075,8.30725471695239,19709.600225800776,0.6529037427114205,0.7006732699472777,0.9419435972493225,4.372113246530122,0.5779524240999205,0.6494836103265339,0.4436036434679402,0
Trading,3.7765738090599665,22.51667290653273,16200.523684625618,0.5627734910148298,6.949692438021793,17061.2489702357,0.9241479012895283,0.5092922536525835,0.4643865003474752,5.730057020452528,0.4679998513577508,0.5182293014000995,0.1325556177800365,1
Trading,4.953533481066021,15.063719152555592,22489.144423910817,0.375634749213546,8.40613042822903,11822.32329209643,0.8193571526958757,0.852944427820892,0.7528439208418235,3.714699355307915,0.3444221566980144,0.5260098281071508,0.1967566631335718,0
Freelance Services,4.607709805710191,17.315281547113557,29289.277928344527,0.45164446262743585,6.04292755985865,14421.565626905185,0.6869852778947586,0.49253828446051184,0.8766694277026326,2.0980563393529934,0.6608953637645303,0.46987176559975935,0.08792856602729122,0
Farming,4.322419637772762,6.3388211441221785,19786.404036972992,0.8359642958650673,10.091446165467406,29057.613843361407,0.8142682751530004,0.5676777109543174,0.7267461892910917,3.247081650005681,0.5247690315839016,0.3073325233351763,0.5449436125468398,1
Transportation,4.31656417069619,36.607293733722514,26942.828044701884,0.6019888400636677,8.470249208927509,40933.90944514381,0.7004347564400573,0.5256792643684782,0.7628595058358412,5.905100191878322,0.7303121295723208,0.6641274078261882,0.47170842781005323,0
Craft/Artisan,1.2047471226278614,18.569564949915975,10275.698771781535,0.6954214814702113,8.869329577697254,11203.172763589164,0.5096917999053877,0.8167800937698801,0.7549945593612859,5.41066681632887,0.8469695262107975,0.577672462574806,0.24226677626652157,0
Freelance Services,3.1483903851404027,21.99200717837555,56510.51088914058,0.735005268180744,3.18444698465739,5328.689539428258,0.5803666368596337,0.34773364476776497,0.5286886015365763,5.924897332826719,0.8313095773364131,0.5611128471866729,0.3160870993284994,1
Trading,4.28968460150987,13.67499609147822,27139.624747112302,0.6795990617658255,6.789731360714779,42214.33152560051,0.6907428276100877,0.7111027399404634,0.7211114061727046,4.178573093675464,0.6206234116750213,0.7323801541258194,0.01629416992440104,0
Craft/Artisan,3.969830555300173,12.77898138345719,14696.366589463934,0.7225279532686509,0.49493060939242106,42587.26509097447,0.7247475380040864,0.8632686454917501,0.6675938575025294,0.953275533571641,0.3257675381799957,0.6316351865002519,0.382194758033678,0
Freelance Services,3.4209771357617096,33.301477239628255,6954.610732792235,0.8185858298936795,10.203068819649465,17681.448067077177,0.6570824295060874,0.6964610469380154,0.8936485252571925,7.235265176447815,0.20797873719506313,0.49549328120172753,0.2584499264391333,0
Trading,2.1870677671212566,2.6662271439469674,47383.25700629957,0.9248735035937575,4.130019560890244,46856.343266569165,0.7454444318179092,0.5928794214021913,0.6359584200306669,4.841196722336601,0.659722514980963,0.7330915310383539,0.1279979724233429,0
Craft/Artisan,4.538752381167621,20.22917654744621,36568.78746329406,0.8869597391114525,4.545894009398977,16803.30256984279,0.4003324005421402,0.9018496492013486,0.7821633811142942,7.276009938018809,0.7556206903406797,0.5428757561493923,0.761643965163777,0
Farming,5.13067427247732,8.307968871136854,30208.45534259454,0.8243117317105344,1.8979108072065989,7070.3041064154,0.6405262442266026,0.5532402838382986,0.4204761615251473,5.6078353456449115,0.6401227878980273,0.8681618018420018,0.2120137613849206,1
Transportation,2.7146266473793514,14.75999076482396,43260.9820645607,0.9122973190806666,5.89118503651838,5332.145896407498,0.8567506128221928,0.717678808785036,0.7352837697997933,3.2607033693393976,0.962568691544733,0.30290587902617144,0.023072947023719762,0
Farming,7.121988779892553,12.895244258607832,43195.60867238551,0.7912465137424215,5.195243363210305,5296.588550885822,0.6520135524477157,0.6767106122282219,0.7478053691797962,5.106192718516559,0.5392496879716727,0.8991077883806484,0.9936586574859002,0
Trading,9.453779840018795,10.112178532646016,29939.709001255498,0.8016747311043315,11.46809299901049,13402.40942299751,0.7988165736023287,0.6620598364689153,0.5141448448857165,19.484924691572274,0.6023096710807555,0.36894952551559695,0.2598123627796736,1
Trading,3.8302090652015934,18.28353383765062,23392.76769028673,0.5016909104192255,8.57770616089891,9639.53397948478,0.8847128180087653,0.727914160101928,0.7141784051966596,10.301097853677819,0.8824985995554027,0.5924132209245457,0.196324461007698,0
Trading,2.0296798314557876,1.0,21387.71820838992,0.47702040577535515,4.456046660853121,8908.85554554424,0.9345141568132549,0.6940599172374925,0.29683633456093833,6.328647774510809,0.5724789629373721,0.29290178380059734,1.3737843983666571,1
Trading,1.4232177356274662,15.476092144650423,33911.79314134389,0.8653712858342024,1.0013011436624275,12396.449280148485,0.6197685889761604,0.6233566381490909,0.5433434617773916,24.418719010687255,0.6411500613590484,0.29692931150105556,0.45925302974968857,1
Transportation,2.990948503415812,17.277680197200198,58009.80089398379,0.41202973040374025,0.0,24357.13106634202,0.884351861764996,0.5624207444306457,0.8038077927818081,2.8495194612461985,0.6846317260910637,0.5612782601353774,0.34915138351247393,0
Farming,3.632272316863645,7.125787628751899,25422.83985307153,0.6424937048226134,2.9212401601544,9109.69223405806,0.7902796198836101,0.7324954007918347,0.6820713068744675,4.154901141321963,0.2118827610701826,0.8988234463836201,0.11146573380244769,0
Trading,1.3580797920645604,30.10574977159507,60600.75151718535,0.6808784629882412,2.006350357137943,8096.803077744859,0.6945381583678513,0.7483872385484842,0.92739008756502,5.423235980385866,0.788693492025961,0.7394761050281807,0.5259104897288371,0
Transportation,2.923204168283792,13.24433300162148,33032.0592209094,0.7675809446914011,7.045840256753067,9540.41761954754,0.5668683432884519,0.7313078430792866,0.4214599132083987,2.247361732740043,0.5378566043340377,0.3694985775491227,0.18985746695528866,1
Transportation,6.881099483369407,16.100126060281305,33169.30014503071,0.6063915839900501,5.565158922117668,25454.50030485736,0.6262365961858237,0.6694322588556755,0.682558631211995,16.775995865111568,0.5565065595388844,0.9565324172883833,0.4015760736914671,1
Farming,0.511469587992427,13.262246688682378,100993.3757489243,0.7900574199276136,6.0519788281462965,12720.720499165574,0.8704357921200196,0.8861190901184952,0.8460849592095036,17.840397958991446,0.4982424398226115,0.31949868924091207,0.28480148317378845,1
Freelance Services,4.0022112699008865,17.347471036555312,66767.58711389385,0.9282030696664866,3.153234274554197,16251.41737521819,0.746870777591362,0.8317378606871814,0.6128334591724717,8.31648798994953,0.5680742375583586,0.6328687256837401,0.08975881625186603,0
Farming,2.445750379706644,28.465152748048396,67726.6536926829,0.9499317183394181,6.456097184220984,39621.07605534934,0.5491878266168916,0.5903092663279367,0.8114602614149807,0.8095318386701282,0.36309100626663277,0.8836644427103981,0.6280817889886181,0
Craft/Artisan,3.713377515561099,37.7841264313878,17349.387599586054,0.6943190089592238,1.7387805574791546,97762.00384715277,0.7112123981252362,0.5493399061391686,0.5358523660118416,1.3599861852348374,0.5376044935200726,0.25956980890290876,1.4602052317203247,1
Trading,9.777864016376228,23.96511362960527,89832.3447699113,0.6118659052658644,5.735100272874156,20916.031282572243,0.7536365531522089,0.7193297801047578,0.9284939680470935,6.569615943495488,0.6521938345785367,0.5838724948324143,0.30732571481303445,0
Craft/Artisan,3.589881448771464,26.70395013577417,25713.740125082044,0.5921074054957766,8.490741488882662,19515.2143313555,0.7401135101700561,0.7383926663077841,0.7743500624190975,13.111791734535359,0.49644571768635476,0.6176526728988644,0.2579550480266895,1
Freelance Services,3.226034247366479,31.731419851816653,23739.12597984268,0.6315981438326627,4.90370165403374,5830.342760571524,0.679919443956475,0.7143338915047518,0.8972853162269044,3.679218900173808,0.712966678777686,0.4401185578296723,0.3866446436149258,0
Craft/Artisan,5.79250125012088,19.990968614131656,8204.297428534748,0.6873392911989362,7.330931472204867,17291.336612209583,0.9085620426617815,0.8238929676546823,0.450899645312675,7.06430610100473,0.3677767468634023,0.7621388010774112,0.42790895124759537,1
Transportation,4.581547008648795,30.562006988894957,32191.57185070198,0.6384687227229141,0.06940566428836803,13952.258925769233,0.7705852378798886,0.61056706605255,0.5089434545888272,12.057663201376227,0.6157036307542345,0.5564727913777016,0.196067200815305,1
Transportation,4.0142648828504806,24.339209059123228,14826.261648990127,0.8225690869618127,0.0,24948.619710169038,0.7251132656438584,0.8913980134823076,0.7749232640880584,2.686261502448444,0.4472731635647781,0.8808141647639474,0.3325984528076747,0
Farming,4.695331783494627,19.151898874492577,33675.96326769703,0.7242570973636095,6.981776206789248,10154.855020977819,0.8614625164612005,0.9511222023274662,0.6580120897327423,11.322843152755047,0.65128399224709,0.548241054820681,0.37926659550984526,0
Transportation,8.11492385155259,20.80272827561174,14202.015593481186,0.5638037552781349,9.14105712978606,15375.059224905137,0.4092426146570144,0.575185579499595,0.6387220322910346,4.174089284466985,0.49332770371042634,0.6978868027540716,0.2945148959382293,1
Craft/Artisan,6.594187585908779,3.4286642930574054,72311.2437150837,0.8806075575757953,5.285298079511621,20407.599367962877,0.57765019356688,0.8254142102369193,0.9272490864085233,4.577354037787704,0.6401943890900613,0.635082194345262,0.5416282277509155,0
Freelance Services,3.065764442340345,20.336954083569196,36437.9349384266,0.4207786830762382,12.4356252667787,50462.19910386601,0.768637272930126,0.7300812151296063,0.5485219131474379,6.2949620454835,0.6271374451502489,0.9324410713685951,0.61826043283227,0
Farming,9.449816911580278,5.65001983642963,94271.04473157697,0.8183294435425831,1.6698059677636188,39920.30037528875,0.8199870394836147,0.7976013813870673,0.6146567622005211,2.1111349595876874,0.46221838374503726,0.822538195444189,0.34928780476593174,0
Trading,2.561692201167401,4.99784678711114,15326.471605881905,0.22089344310615305,3.9600485746837153,32410.918950502724,0.5083131362503125,0.6866826988861143,0.7700904407220087,7.413826143669327,0.7566338124532577,0.3433048718077618,0.5919893921090514,1
Transportation,4.002594988801256,19.543029512201798,63073.032789556775,0.5467447153168029,6.420275094152701,22225.231782505445,0.6281488750215304,0.6055244159930023,0.756646495020583,3.046306310387395,0.6642668182177603,0.44865243600328525,0.5813869298683718,1
Trading,4.3275816595372385,9.087371238399566,9981.694761120089,0.8069190429059196,7.393124541505918,9878.060112967582,0.5141548545497217,0.8179833451697829,0.8797460527369125,2.404247596116837,0.7793887639264858,0.7990152539153791,0.190561621280029,0
Trading,2.959244056936863,17.94308998957298,30165.11828280758,0.6289014453663645,4.248291898425537,22216.201333293,0.9260451074734035,0.755895188842374,0.8763312626731492,3.9561503273005543,0.3440584967004595,0.8151107708837104,0.24254692663181046,0
Farming,8.80823998535844,19.107476154798917,19007.84911261537,0.9208811962283474,2.8222050017134444,7780.784518225445,0.4957367896101802,0.7412141892422252,0.6928513800760226,1.912475213226774,0.3680644164285068,0.8771729427120839,0.6955558610142206,1
Craft/Artisan,2.850695630809469,19.464396806537078,21028.289003941092,0.7737715164101614,7.860788595706181,11563.938583638994,0.7657937918613359,0.8110989361873489,0.8184396545078749,2.1928526318067414,0.8463433593407365,0.616917812849981,0.5897381340596467,0
Trading,3.3904097518911516,10.76702874366319,20250.342179604042,0.6907024296541381,6.399721967913144,46390.880644877034,0.8550327819000352,0.6228133895450852,0.6963896897669439,9.06419095382422,0.6319763480667003,0.736280789816333,0.19741434004997682,0
Trading,7.22716146511296,25.18945905984959,16267.200138854732,0.8515519205231525,4.966136933375327,19469.164926032896,0.8303158030018473,0.5818531323474742,0.8912877988290823,6.988704486148437,0.7391028305602911,0.5432167350417857,0.20219218978206124,0
Trading,2.634533860524017,17.286118108271367,13455.879557624101,0.4354190208556371,7.496443675143879,15660.691881832581,0.9169994824500827,0.6467476238011967,0.6874046844589956,4.596510791175483,0.9423830739998262,0.4514383104375443,0.0774245249401112,1
Craft/Artisan,1.3090737008807414,21.528605441369294,21092.340755345907,0.9761008741711009,5.59095645033529,17137.042090101062,0.7257882309251762,0.8056363181334716,0.6092679338230186,2.361232558307381,0.3845664909530785,0.6349437629819435,0.4144616512083497,1
Transportation,4.082999126637681,8.428483088424027,28675.994366170635,0.7989812378979452,5.580773450410416,12510.461468092004,0.8946637504872532,0.8878941021077313,0.8996037012211805,7.937531373127214,0.7096805605097951,0.7322585772157905,0.13183233677390216,0
Trading,1.6655522407819152,16.573379545632104,51023.00539347745,0.4560364580528558,5.470269206544925,2954.034435262614,0.8175503455911681,0.737250018143938,0.7662327022250047,11.050837156415104,0.7787408369998222,0.5333654320421354,0.1717616947405613,0
Trading,1.5137918877996308,26.77835586616096,31648.39508720945,0.8061015901974143,3.5368267395038493,5513.357129331844,0.8142076974144401,0.6030118385670729,0.6590473577460999,25.120534461951763,0.7907319244001564,0.5579787290536589,0.11147280676335518,1
Transportation,0.5247705631797027,25.76142105446961,51102.929877968745,0.7415647717204439,3.2317695540599107,20579.831972736563,0.7954478905862171,0.7055053111937168,0.8211311945233954,11.727623583180149,0.7380898101718328,0.7165449606722749,0.32649124461573165,0
Trading,0.6059744129959167,11.621658536604848,11932.281297697558,0.6916990503860413,4.422893041099914,7013.684124297948,0.8049451417970732,0.6176744830210561,0.7414270809428634,3.7035115609069162,0.9507330467304338,0.79403984594064,0.1477951768330699,0
Transportation,0.6562586314570032,13.635534475401236,21202.33989256201,0.45022529352631047,6.096212919012586,12390.557648576349,0.7109936512196481,0.8828182654594091,0.7036356337528559,2.035937913253706,0.6658281438194875,0.5208261815942182,0.1739911963443764,0
Farming,10.244330363648164,10.09050615948945,39777.340919873655,0.40111218393737985,0.3861794815228663,5657.796670810546,0.848390985551442,0.6382929966719514,0.8292643489896049,4.849429277291982,0.8585179654384484,0.44263911551437596,0.31971664651319726,0
Freelance Services,0.6535407870242405,12.748696653912946,32492.18622889966,0.5432493133716516,8.834234104603013,8078.380306993018,0.6720060126126577,0.7802680912999169,0.6728644913838033,11.01977892759086,0.5129341298543737,0.6517814202074476,0.35176317693148135,1
Trading,1.63054953854579,6.807459674347768,16753.352842735032,0.5956823644315613,6.055323772433385,13319.933178795553,0.4530743048447488,0.7527761123239106,0.7353478593373358,3.690913410274737,0.9405397660555745,0.5031859321240095,0.22999020612734203,0
Transportation,3.4317788015783255,16.89459302073221,44969.41588515792,0.7028303897470107,2.8047312862373937,25506.853139479455,0.9032092879980473,0.8930721142709421,0.8611561218382516,1.1206630831320976,0.7422756153718801,0.594287397470179,0.3632275859245538,0
Trading,5.6233313377050305,23.06510718546275,20086.43016583686,0.6937589767601303,10.849785516406092,29349.452143172035,0.7517196112872079,0.9446608547407457,0.5547635159071861,7.102342735714066,0.4826330003797311,0.44129003860150057,0.03686560689188872,0
Freelance Services,6.0102353465395595,11.719577089591372,17543.69738853509,0.8748337128539804,6.1253769868857235,7988.465248957488,0.6283326651345373,0.5780304997785863,0.716709644434305,3.9020094476806753,0.6843792137499063,0.40382552307744657,0.2759518117919645,0
Freelance Services,2.0307020791103683,17.275149738710585,35165.51761612156,0.6369232960673978,1.9945535132383583,16559.11967845031,0.6491904387727729,0.8073310362787748,0.7755545373651802,2.311514379713489,0.791590894971958,0.840039378820429,0.30003751556278463,0
Craft/Artisan,3.951461673704865,16.236012738949146,26994.627695124887,0.7729150073424185,10.715162741560384,4925.592748942345,0.6390139725953603,0.7690923036399413,0.9149315563257203,11.965442599530714,0.8263894196421899,0.8067212276562956,0.4174926297701659,0
Farming,3.3599499154974555,26.440949852785753,20179.00962676513,0.5422930110920758,10.064604489357116,13897.822046252206,0.7881877471443856,0.7893053781059577,0.49871844760777956,2.4583940426017765,0.7205378447708345,0.5678304111720726,0.4026830925353663,0
Trading,3.794896904978761,13.10726530556463,19805.64567447994,0.7420336501823434,3.2736569732791505,26038.267048638976,0.8215507660186596,0.8778589005786104,0.8999294568770225,3.597679535642552,0.4570758771826833,0.7925516233541197,0.1425034353416006,1
Craft/Artisan,4.156430426823735,13.398271138793188,14937.225920786697,0.7001778106307083,5.031059645712543,12747.198804378259,0.9194881320760493,0.8864463301784292,0.6777838572985528,3.1747580884910382,0.2558020201586111,0.5522946273311895,0.5798111738372699,0
Craft/Artisan,4.942235308449894,11.23183097366111,21640.85981122471,0.4744271546433259,4.627239251210067,33556.33907531118,0.649307051330404,0.6005019631975562,0.854045836496435,1.1857877878151588,0.9079372963187617,0.7104197350463624,1.5227463670690113,1
Trading,2.4107711711982134,8.899923839372098,49266.77459477696,0.6094529179551742,0.331593770692006,24000.825672742678,0.8601098901758268,0.4923406428470699,0.9739176416690566,4.493243915159663,0.47216004899604463,0.6948251086242356,0.2439857882179508,0
Farming,7.893328944405461,22.233479931575758,30776.378861396697,0.8553697983541552,6.974062517682189,15818.36971485278,0.4149583587321901,0.876237580394254,0.28203286867566435,1.0426200405913761,0.827221484341398,0.8242197667683897,0.5496626000440556,0
Farming,2.8669019660048334,16.919113629356172,45580.11128953394,0.8578052396004809,8.53543621624604,11217.234324461353,0.7884439816475692,0.701253249800277,0.6346537630303672,1.9525616596118331,0.8028756095426972,0.8636292392459949,0.2500349468515117,0
Craft/Artisan,13.471084741585194,18.438478878586416,35733.27818863662,0.6331806081964395,7.970666439314632,9190.900036844041,0.7408925967086197,0.841324579285533,0.9002998513603857,2.3054933443000984,0.8851039268193232,0.5427190671926805,0.12563358080163428,0
Transportation,2.525191318434991,28.197129249563176,19211.504785974128,0.5232656080956191,6.098261400643735,4814.671960595933,0.6080051978938396,0.6036476490661022,0.3547496728457642,1.496332474431963,0.3911080353647111,0.5417207351897144,0.8390752656592158,1
Transportation,4.000710576588272,28.656645807422972,10861.419553204427,0.8078714197655645,8.826477180862828,5395.874090170529,0.992807099826965,0.877261066276257,0.9301133858572751,6.725299652811043,0.7868627994484536,0.5179757860399328,0.21274891927027872,0
Transportation,3.3818628299723756,4.830125537321573,16158.962033515283,0.6469382501935482,2.5939624759500854,26807.963259924094,0.36172998417865987,0.6790909040924484,0.41582357848768337,5.6524133236421505,0.732872640789015,0.6399933142728873,1.084522207832743,1
Trading,3.891712029898409,23.18267738476454,18598.20414872964,0.880466694261535,11.45484477573905,38545.07306144217,0.5761929549437226,0.6974585235885127,0.5903175106756148,7.278956123461068,0.40503428199025404,0.42920576559748397,0.1660559663043,1
Farming,7.351061934116565,19.805175405689514,17823.612842195373,0.6931717564052746,3.6837536801049504,6268.386985699289,0.7446634869131437,0.8015559773591051,0.914861296321601,1.254146321014943,0.43786885417772525,0.7031691297401781,0.560864738220432,1
Trading,3.2435482309556187,14.307272006832509,46145.78761295784,0.5456235786672927,4.016977052479722,14012.861246221613,0.829914132835929,0.49813701305290353,0.8803477095113587,9.596868221437145,0.70715851036603,0.22512797375372748,0.6207903898205336,0
Craft/Artisan,1.4597719942862513,20.62146949622354,45881.793278887795,0.6774948312243233,4.274352712775954,4437.598399087841,0.4200329487252162,0.62427905769197,0.6287657929566178,9.891936286287754,0.39658022970656154,0.4633806832289195,0.10131728781704614,1
Farming,2.377345388902606,4.188934118233714,90810.82741620397,0.6680594084267626,4.055559855430705,6742.941301107311,0.7064372215704344,0.5161457306729939,0.4257300783459582,10.665459802981978,0.5333993823327379,0.8234556703081793,0.10571415135553779,1
Farming,3.248824058385301,29.701138742211192,17675.82835968905,0.8052841028992135,5.421827830583136,16024.603439407192,0.8131489851615731,0.3667185797585001,0.7363305016363182,5.160600259516394,0.9078570927387999,0.8520009684088343,0.16051808190782663,0
Trading,4.250098142736417,22.11955277657526,64769.919436433884,0.3287866003566456,5.305665548833295,9292.027703269561,0.7799642663562398,0.6915381543167662,0.5464747498222153,4.878969456559407,0.5199262690717387,0.7928736512607243,0.17589294558898497,1
Trading,2.0383829407869363,11.078418041338727,64550.10113963239,0.8238338043834401,6.388919953907744,3493.518006393959,0.6478230957140333,0.8418627275094013,0.9820277283911556,7.245415498435591,0.32924320505153,0.7771519018471648,0.7582487203102406,0
Transportation,2.2197964806423776,13.31671822544381,23676.89443149183,0.7698999744699009,3.543908581976279,44498.25870590824,0.8297802503077233,0.9030929163245087,0.8529151568872048,11.630728283844318,0.436861820452949,0.6673534830150553,1.4974288670625528,1
Trading,4.357276083287485,4.374828195620477,34907.44706284358,0.8650360454416777,6.4998130680604955,12907.932880538863,0.9451832215113694,0.7113428714583893,0.7691761424773188,4.8284722522079,0.7666809446903158,0.878393890461665,0.21703105835514597,0
Trading,4.461255735588666,15.488342001309967,53231.37659142356,0.23796156603499802,2.7287181183366975,6166.6814291630735,0.8481664001105035,0.5361480790224544,0.6304384927728157,4.120402406094385,0.48521364974688075,0.681214645952815,0.12622034412058022,1
Craft/Artisan,6.6924025715005016,14.138144182075337,26045.270019198815,0.8062658259070346,8.197424159957583,14612.373449960001,0.6394406403856414,0.8957278983607287,0.7562021539921964,5.987142019102572,0.5604099326853027,0.7068074119417522,0.2852152306302522,0
Farming,2.354508513861322,7.3991169030099275,24958.869338822253,0.7260740943805523,8.160210248111143,12624.478739029613,0.9757915350325174,0.6983578643545307,0.6458725552849358,4.869599832777566,0.7921564883246481,0.6145310328116059,0.7624729044138621,0
Farming,5.270696949889134,24.213617869678224,19052.70601284558,0.6358293380762499,5.982639268681908,17948.788657805133,0.5407232434379822,0.21179265518246654,0.6590984605166972,0.9560264437605608,0.9269646424825906,0.603300669190042,0.15788232024821777,0
Farming,3.386428598495957,28.214377517555803,7346.496520840447,0.7784718663511739,4.050908635941864,10531.242985674424,0.8422898704944821,0.5240051829645969,0.7326683942479131,4.2823683075649575,0.7407711250209933,0.6334528192402449,0.07449278783396461,0
Craft/Artisan,2.6199404535286153,17.78111607964418,27966.408962892605,0.7221894877261512,6.933399937953028,16646.927428748077,0.5278007460440437,0.8679222366646462,0.7159636048084203,5.290167363895899,0.7988762504627824,0.35044961091395843,0.3073943073415796,1
Farming,3.4663829309473906,15.554824937229057,18207.190362401976,0.7389156577482808,3.337058512217982,25862.392912530406,0.4756809829913215,0.7486775297992658,0.784883869311326,6.654939189205011,0.5843583427906953,0.6854087879262067,0.376214666308134,0
Craft/Artisan,3.816103395564804,21.47987681705435,14891.684620833643,0.869607997177318,6.103620694009388,5309.596391809606,0.6900712985008138,0.6005743378495512,0.6928186141281383,6.817462420147885,0.7559371826785174,0.5065621811504785,0.19484414982368026,0
Freelance Services,1.3262637232370924,17.842888300039654,33935.10853928635,0.588978591409456,5.544554152336721,8223.261310312173,0.5811850799244872,0.5787683118897288,0.6693026874757599,5.722867644520539,0.7963895391207253,0.7896748557444904,0.6905928964565659,1
Transportation,1.4194432403125463,9.34256627015051,12109.896229869839,0.7504146735667141,13.88972530099279,24040.21599230954,0.6762591298441393,0.4064053555022434,0.7913167092063861,8.609032760052788,0.8468837183786205,0.6309939281682239,0.2676372918282144,1
Farming,5.753136178672787,12.77857610730191,41912.69067841254,0.9605291495664433,2.3188424520457085,9081.824705979327,0.806901460464532,0.7284870770842112,0.47063650152096487,16.139942377082335,0.49617465700047747,0.747432198443132,0.5674528404997429,1
Craft/Artisan,2.8150375360225315,15.628511946015752,35100.81481872799,0.7735922236237992,0.0,12617.364178054593,0.6840631903052877,0.6624465994194132,0.7582135018245982,4.708276558204258,0.6873184990189408,0.9635658852112989,0.03991905955897063,0
Farming,4.271333647374591,19.985492755813567,21588.01834609418,0.7081155909168918,4.087258670682774,9611.592974795032,0.8385063698405739,0.9150044691565042,0.3385978308949685,6.755309436234118,0.3844265957568536,0.6959082389332717,0.15391907996347415,0
Farming,5.641630762947873,18.074693743011746,25982.522019475768,0.8854138905218444,0.8534051425692315,10040.50290747844,0.8069774271783574,0.800434467998979,0.7893124915985866,12.614372099561717,0.5381467797744875,0.7841079254836216,0.31717865391489963,0
Farming,3.4811375031405674,19.682955039896928,13979.935446483614,0.7765941386940063,3.8199154171531995,9461.114608001995,0.42233342861597095,0.5278354203923815,0.5989126570718933,4.652076800646041,0.9113038918998217,0.8427408630361393,0.31523299217054257,1
Trading,5.3348649838094655,5.801376133728626,40647.240644626625,0.8722883180541203,2.107187587082495,5535.3959294557435,0.5446897965736116,0.6467845004000479,0.8467647619445487,5.436056139367093,0.21359762901929327,0.4800877928067469,0.6153043748975385,1
Trading,3.8331341031068855,23.32174195267943,29823.45169357027,0.7573103355537195,3.2864980123971836,18424.523722783488,0.7281548028249047,0.6285102627389307,0.8589703521393849,0.9046157770968839,0.8412403554049086,0.5978309285173217,0.5592182956085472,0
Farming,3.9588578303951705,18.027327072068097,31070.60502072707,0.5665970082132769,2.8052710229677666,28102.455426805915,0.8466940381995066,0.8670140353588084,0.8222940776019396,4.104598593092271,0.6792569491722502,0.9099608422940337,0.20136438775018106,0
Trading,7.737182866921602,38.42167243320123,35455.714180169554,0.7602828374340985,8.88885444929187,11807.102631116613,0.7896893290743021,0.6494716703318865,0.9427089811338014,6.190714867366754,0.5821676133233933,0.5306819153184678,0.14905318180649896,0
Farming,3.2178952154160863,14.898925038588697,18895.35724312992,0.8818635181604797,5.854411567964833,25968.09767148566,0.6188086087224488,0.6045462141625741,0.70893614005775,5.893671198941614,0.4584418263575595,0.6871485531751316,0.2775840026715733,0
Transportation,5.79647754295311,20.587667960874978,11666.980469104006,0.7655183856303909,9.226358409425679,9473.389646478321,0.7164843141922747,0.782572882356946,0.4632901000313757,4.928941568556624,0.6392457397172652,0.18467206442924497,0.37735418023683176,1
Freelance Services,1.122025186704482,40.633753297668015,45548.1417579606,0.754824622250484,6.121444452511189,9089.897551479295,0.5599836711380354,0.8839526933531029,0.7625438162678962,3.6987443493959153,0.5782199095355053,0.5934256909424649,0.16272530574482366,0
Trading,4.166828965652586,19.55273303602543,39292.7431245238,0.7287342602823326,8.785769768892653,17809.50944421968,0.9124151081887787,0.6845164794089856,0.7739056022159319,6.097542369204774,0.640029269716039,0.7430638711731145,0.5807456336881434,0
Transportation,8.997934187906315,17.458955685791867,20041.344789282968,0.7661790111462032,5.093564689688171,18018.643552212834,0.5802796866849468,0.7727495152681474,0.8337715853384201,11.266386257253796,0.7641385268163008,0.23613219231932747,0.491503259352207,1
Farming,14.07442981346274,10.104624841994788,33691.82851106295,0.8546849945659014,10.783656091626977,12345.771434768509,0.7377423343366032,0.5622737329361553,0.7150823394278893,3.83144381924852,0.8234808423744138,0.5429845483576543,0.1768085024070144,0
Trading,1.1756408110473846,30.22613093767188,53738.52266070523,0.6854832946839059,7.412904536348194,21452.826286325275,0.6270924977039555,0.6494114633771497,0.6607659509402336,2.07871916921966,0.3587245704182518,0.7810232806719484,0.11323963480593774,1
Trading,2.804614326373977,8.72718731058744,50326.418741542766,0.6001959840806198,3.66053663710037,5426.861158508236,0.5547041465961263,0.832019784109351,0.9419409052771293,10.754817035311513,0.8024848962609173,0.6553167625484781,0.6396936367307825,0
Trading,1.6970605975576072,21.416967334784974,19722.051219483565,0.9374563490407412,7.857448805726001,10799.116004671692,0.6944169792047379,0.6139341100583583,0.6747337076384943,6.405063050773167,0.8686586452685011,0.7873426197747758,0.9681865709199909,1
Trading,3.310350395781395,14.211557429532949,11863.021749051662,0.7896119022953724,6.081295187725517,26248.719300228517,0.6628483887677072,0.31212357050085787,0.7636947924180372,1.848281067977617,0.7322980065618114,0.5045145364825656,0.47217167985581826,1
Trading,6.4184364733472,16.48530989937582,13036.803475994004,0.9351959279837341,5.392476953612656,26199.310577060463,0.619065212598684,0.6546728940196002,0.8367733348150415,7.880897387525844,0.5316255622085454,0.6225989613900325,0.34584742468332735,0
Farming,7.914326218950546,6.608541851119535,22664.400054052046,0.5076967745832185,6.28806385154436,23985.817150443534,0.4916679704866308,0.5785744626849859,0.5557227570691813,8.698301398390692,0.30980720798088046,0.259865544093334,0.5356149315100287,1
Farming,8.077592227041736,28.74501777387116,60130.61689332944,0.6703167101418096,8.253749202345976,27296.599437848006,0.5033840259286473,0.8502749870707986,0.253826491499692,1.6118086776143834,0.6002803745424532,0.534303834345987,0.7692027296828317,1
Trading,1.0795209900554543,15.777621552653788,18022.117333104317,0.7575946987336806,0.0,10293.023485306325,0.7693513339878677,0.7206466082734256,0.8316052184287359,7.292731809477287,0.5510103473910801,0.7541135239945039,0.31428383598534093,0
Trading,3.7585610821323887,8.279282728855732,19380.441779889134,0.6336044664002746,4.947178656818239,4049.551210396358,0.7182818819532071,0.6020899076245554,0.709636320280386,9.807359477098299,0.6407208733992236,0.8831221772064377,0.0314624792679708,1
Trading,2.3178479790707818,28.02152477632073,19162.277196126433,0.668427131955189,8.048012143792691,11146.151116024277,0.571304292120088,0.5219124009485585,0.8765681207806915,2.5315207130292143,0.8873191760575433,0.4164209027905106,0.3959608644321602,1
Transportation,3.1736225619199296,13.966905495701571,20081.37529086528,0.9817793482454562,6.744681795069159,20851.83038602493,0.7446656938234087,0.4701738637373723,0.42605450535060296,3.700489841374778,0.7795473329531688,0.36976597736301353,0.4059858607235252,1
Farming,2.5743891165901367,20.67685833384577,26737.577067256858,0.833385368193198,2.620857031796138,23379.28650916546,0.7284190167524252,0.8328697392315252,0.7929956484520533,10.792307279076804,0.8247753934299517,0.8058996719345499,0.188831213272613,0
Transportation,1.1317061919719482,24.73133105707493,13306.027459550029,0.846204014618496,0.0,9242.890642052613,0.5455464017571013,0.7969951134921058,0.7747984357011506,9.369941591624523,0.5461311346605807,0.7436270246417894,0.27217598933287807,1
Trading,7.9635549299646335,21.79227464459456,48844.544663795146,0.7926825917855203,11.102780000387462,6784.453074147244,0.6119674020880215,0.8458410945591224,0.5334875245352007,4.348883567466639,0.9892398727993107,0.5993782489683018,0.4842149849912595,0
Trading,2.0546321263944685,1.0,24843.424952909903,0.7673433423662339,5.438753851871118,7273.867770001312,0.5074872790038013,0.9396114236885249,0.8715142865019283,7.402255339620165,0.5797373397054393,0.8949725504069534,0.204224606245767,1
Freelance Services,2.351676023084429,23.562853607822298,105190.05242309191,0.7759348949407063,10.542148526247122,9131.012699983768,0.7352642606043579,0.7879373155320109,0.4315061609614348,3.786201219294544,0.6900848537156968,0.7910078865253016,0.26117682693004063,0
Trading,9.032049517456581,17.195089898678976,14108.545417944086,0.575075521487873,8.38488824946814,3540.4259887082535,0.4468116266284397,0.8376733325559474,0.898336326414225,10.973347396539104,0.6687110215258433,0.6297267545714127,0.3311690722567702,0
Trading,0.9531659718606045,15.367770425573338,64500.3800170489,0.9725096176729753,3.6191593303294196,9237.235531369417,0.858443236833772,0.732322770075334,0.560372995660837,1.711576167016773,0.6689359207233382,0.8274308931668418,0.4873293971527533,0
Trading,4.894710637974733,17.127400408198223,57828.670951194035,0.9369854655230601,0.0,13815.047897450875,0.6113966834893438,0.7962405395000741,0.4852008180855141,1.6015644214704867,0.3790255999707454,0.9036618930747525,0.709773009140052,1
Freelance Services,7.002815264092313,5.119737648471347,21452.013622712446,0.8341480527359282,4.613551727416652,12474.988205678887,0.6558082690581445,0.846102846944684,0.858395398855117,6.147755108326708,0.7799449598757946,0.9129404205151977,0.4303561377413877,0
Transportation,8.583351211894707,19.53736731729442,21649.04588685862,0.8166495777161475,5.8882729004933445,10602.134032976375,0.650563410277417,0.5032624681852934,0.653718163569023,5.378367219023635,0.6239346202298865,0.4876348899964125,0.989744762615694,1
Transportation,4.672936511794901,7.084869010325518,16208.421002434272,0.5430598665817248,7.351980064732809,8246.284275358774,0.7632064060870174,0.6105089718089994,0.7240290082033781,25.402737550752846,0.5944705796009585,0.6481401218921473,0.2186382034847545,1
Freelance Services,5.86614674165546,15.713282323546949,16311.052363356068,0.72599930516999,2.667364180062374,8946.65486452076,0.6024766508112968,0.3896662565119731,0.5333078625348137,6.97710574630273,0.5253265481522502,0.7344777074297814,0.3156057525911694,1
Trading,7.000398844438228,19.250115452305685,26894.22147945683,0.7145404347518305,6.534019749158068,9058.082496266454,0.8004747086551695,0.9339981442373554,0.714868610822997,2.1718430864476765,0.6057622496832975,0.5593874168838134,0.3045321790922152,1
Freelance Services,3.3475386387620722,26.592296703900914,27211.16895468747,0.8032468191620105,6.532925722739465,21891.114774027486,0.509015757643483,0.6527256239788145,0.4811463520032992,3.4752846969245113,0.6496077719030046,0.4309845292628284,0.05463176265011712,1
Trading,1.8279398331102774,11.443094721122284,11144.535902467009,0.5029635112185412,8.957859498784885,13351.04242812029,0.7378138177358049,0.7070106323144694,0.5350211139897808,2.86556638382382,0.49375300398542354,0.5244194439324606,0.06754888210363877,1
Transportation,9.462697587606618,29.61269897476791,94980.59891975432,0.8482767146850303,5.079578959207057,122613.01727883221,0.6613544016607297,0.7619744498089329,0.675119697035679,2.6206596600442165,0.7036243204214849,0.5272087883322739,0.09948068998729576,0
Farming,5.459360961776874,25.57482602812118,23324.64319658332,0.8052258493549665,7.328278188853675,10586.81039629698,0.6554029311750864,0.9117127056963503,0.7400611990742654,6.2447935820138865,0.9318512003937449,0.8278089848196597,0.11830121638912629,0
Farming,3.7555045116097165,14.564722060075711,27891.764707665992,0.667571585342304,6.865310847430292,18151.549432761327,0.694925781079587,0.638374667463459,0.8756340928219074,4.346878150742773,0.7993609450819285,0.5236700166194813,0.12967900097859947,0
Freelance Services,1.1865757404198556,9.130005868779177,19064.236258642493,0.9266054815505185,8.626760019352833,10753.390198380486,0.49462517744951057,0.8517366733706146,0.5967543290407287,3.6774904692704897,0.9005535303648886,0.936064974480286,0.03637852806506936,0
Trading,0.4080861660339432,6.4494705421566305,23228.720706511984,0.6921537931167192,3.5402687189463355,10572.012425950214,0.5550388065521353,0.8122454809040591,0.6140525680402321,13.332218583917495,0.6220151674646335,0.4890860841099305,0.7313805378892538,1
Freelance Services,4.830922358190587,20.174030812265116,22096.335047869623,0.7865177379045492,0.0,39881.1913702557,0.703821768758847,0.4654928974576727,0.6053337284171726,5.647346951735522,0.7748133989986683,0.2916200081344044,0.3305510086992151,0
Farming,0.376911777364019,12.10172680367349,26859.860213372805,0.9177628386317308,5.289410968431169,26857.05610397715,0.7276268498426565,0.7713048460090237,0.9500903405965645,0.23167815521405444,0.8607985627011254,0.7686626119860974,0.531651667008824,0
Transportation,3.726939096842982,27.594854442253723,26688.166643222856,0.5589204475582212,5.3071013726497025,3911.6600666558256,0.8626099382735348,0.6817700186448998,0.4560173721889094,10.447417867987681,0.6384534160933492,0.6153156048749802,0.24588872949713456,0
Freelance Services,2.131187955828296,12.563809361373837,41884.72544931866,0.9233935039610716,2.527443408353623,6530.454411220817,0.7866674805524888,0.806481194809385,0.8168217049590287,20.588111508870952,0.72902242269237,0.8874104643365418,0.19061354767130884,1
Trading,2.5695355819899275,10.794632159584221,30484.418567042383,0.8195896257242288,1.4758178710865613,12144.490331327219,0.6847604817483155,0.5639660014391051,0.827334956829927,2.27181390690437,0.8296126147811842,0.5457818956275255,0.6789871377634515,1
Freelance Services,8.133287249143876,19.86901080995451,39630.553834516715,0.8415549517792043,4.275897134524723,9302.338230769725,0.7646699292063014,0.7802422772798322,0.8430665501913776,11.544936607501967,0.6948407497564495,0.7469994282827532,0.5922709648260069,0
Transportation,2.147285462418053,12.511625142724615,26758.40873086112,0.9717522435235721,5.65536828626526,4647.901094608762,0.9314799176501402,0.7284829834690241,0.8636156711818066,1.8736081033958314,0.9286328011737268,0.8557806153900451,0.16577174560154226,0
Transportation,3.8592098032063356,18.068399946950425,30552.106211245606,0.92903370326537,6.286283661953559,14487.818748363161,0.7556410898433286,0.6979988290647983,0.5587970989041098,0.9548966341691978,0.8205207729893489,0.7598678312032889,0.15776948985069564,0
Trading,2.1564756406331185,25.88791464046817,23559.440144686447,0.9693251160490133,0.0,3587.8643057199315,0.5580102323306625,0.4712775456811494,0.6872104906526024,2.2157553120532585,0.7496377542530903,0.439293348370272,0.9393787780557161,1
Farming,4.532050716068013,18.937834653349793,46709.90192729895,0.5864590510912152,0.7393800545843909,14599.271847135002,0.9559475270416812,0.906592699399168,0.677574026390843,4.607084737818021,0.5853223112479522,0.5741747816503292,0.03733384210733715,0
Transportation,4.104687585722653,18.967715685621794,32126.68705771082,0.7841181410975406,9.388666561791727,22269.730625831828,0.5423950343153002,0.7186618528368857,0.5241794954618053,8.049674365670622,0.28160783426043756,0.40049776922739155,0.30107768194936696,1
Farming,3.7287369072982957,19.641173671267346,24662.985355057255,0.9255423982393873,5.431175569412405,24610.17169934242,0.3853491067883795,0.5266029891196979,0.759583935575149,2.8033992012058935,0.6714785726449662,0.09229758955006216,0.15290139479359133,1
Trading,7.017030862122166,4.455208077716854,24261.582858914306,0.6569048767066745,5.992699094779429,12076.058696197651,0.839237226458097,0.7017769656750318,0.866263259618975,3.0078420329879725,0.7743827184235608,0.3422214837693249,0.2046554914920962,0
Trading,0.9554136721445452,21.134701999443923,25334.3981591275,0.709852414445345,2.000230111003795,38467.57766338733,0.9929973142316549,0.8313365898882392,0.8435677557165696,4.9755430437010935,0.4343450097945212,0.3309694978298005,0.30333649538184854,0
Craft/Artisan,0.7236207947892536,19.27945261380717,27357.449791640727,0.9673466992979568,5.986788997001937,16850.544208690117,0.649972293280305,0.4457741710317467,0.3311801041511447,4.232524969078407,0.7505812777637126,0.5872695102384398,0.5807781830558831,1
Trading,1.3880185363894393,25.143178615867367,26082.018103854916,0.6406350931654031,4.8729870570232965,24150.918862544713,0.7357593942762142,0.6627078019868045,0.6465195982784433,14.444295006734688,0.1945689100656718,0.8536014163446568,0.42009582056316264,1
Transportation,4.119099142975536,22.846486409096954,19784.163820754824,0.8529993082183801,4.1444035466611115,7979.375178209875,0.7462083872789155,0.8505954649751946,0.5837634949294996,6.657477503635912,0.6914872026280214,0.7992962798188314,0.05584324936994198,0
Freelance Services,5.063985513521415,16.384410947155885,40974.094535665994,0.7732163474961222,1.6144974889936101,38760.0113094214,0.7840967708258304,0.4766118131134132,0.6870014745152885,4.480388688992947,0.684844889942501,0.8692375389133622,0.09884963369658144,0
Trading,0.2,26.25914313208552,42422.82389933648,0.7610505710597483,3.39453860600476,13332.095798956188,0.7936244287851447,0.8194599747684432,0.924586759119149,11.883992810009982,0.85124628060742,0.6733038494997828,0.880768472032601,1
Trading,5.019576359736807,15.658954419098235,71762.7817666457,0.6711063072278675,11.916052404066825,40285.212849385694,0.5806559981988675,0.8199008904854744,0.6794113722330074,11.365452355941537,0.30045712015451254,0.5604658137651745,0.18286564107769135,1
Transportation,2.856921339598192,19.97725683262164,19302.76558419898,0.6869597282805756,4.951588250890936,34568.81662639457,0.9060234449645352,0.6457566655884998,0.745968282188445,4.425072365329431,0.6541900046225166,0.6537768926197157,0.15953264072355874,0
Trading,9.61683912424547,15.510804556165152,38814.19459686841,0.7955880632214546,8.368858857191928,16000.041675758659,0.6456170668636688,0.5134981441875126,0.26197392830495625,11.729104410357346,0.33208373085434356,0.4790269112403937,0.6676769726185686,1
Transportation,4.775599334700172,21.694062439385693,9414.200088067799,0.5651295706119789,5.410806603638008,17747.161236421747,0.5074174578297381,0.893170512599034,0.8277049636507923,9.570006156481522,0.7156957360244834,0.7383654618227783,0.2769595712475624,0
Transportation,8.919378087257703,14.988081738897904,42445.39417114147,0.7703541388765199,5.063651918554803,11778.659026334804,0.9053952557244321,0.4847603641521588,0.8224924099510694,8.69758277036972,0.6673999192484965,0.9454373231900168,0.20810690805901907,0
Transportation,7.875958241421363,31.18041287153254,12074.847351535062,0.7597330870515372,4.091992096806737,7529.410211493884,0.6455628092763588,0.7499919202258165,0.6808259695279406,2.2520327357670102,0.7775258029170472,0.4061210663445397,0.06516497597288425,0
Farming,2.858057688010863,34.13890189780511,15656.131259817503,0.7120153677461364,10.036895982809925,20264.760723974086,0.7590524660817192,0.6139763376729758,0.9355089899958704,4.557345301356337,0.8138050770618859,0.5882633550495135,0.1391885261124977,1
Transportation,6.436596464011949,24.99150603348804,32296.816079394062,0.42835044257728655,7.119215688693324,19551.933957132653,0.9366081716444552,0.7069692920633353,0.1587927854251377,5.565877095825312,0.5693980597620927,0.3332978380857305,0.14291026382772024,1
Transportation,2.853439588317793,30.330373195312227,19113.984722025383,0.9275464935796186,3.6311726843410796,4302.403978932841,0.6623919277753543,0.7012023321439519,0.6078940272747522,3.9401287941037166,0.5561731767799307,0.31801197172269674,0.5299606666420273,1
Trading,10.376605016544737,5.686284153127623,17728.088284798032,0.6510968380102815,4.817669950716857,12607.594267353845,0.8542285688986561,0.8829956071038356,0.6381786257301351,5.055893805395444,0.5435203580170902,0.612450435012007,0.22714911286837441,0
Transportation,3.058905571631462,6.628978053800044,20606.280513878515,0.7851765773990124,9.227721033837113,24528.967694664625,0.8989241013069673,0.9098606416320737,0.49143842694439516,6.4061178454118135,0.7076747500206391,0.45987611036077525,0.31824637733052835,0
Freelance Services,5.2270739557595585,15.427515466950297,40186.81740403849,0.812440029766605,0.0,37272.68255200767,0.8854755826769255,0.7915702810263,0.7673368155614025,0.9655633244387112,0.40189141269514733,0.571088661897593,0.27726611820373465,0
Transportation,11.607471179329483,18.32984772207102,16105.40617652248,0.8851723816977283,6.9315066606463915,22197.20267586031,0.5836378547519749,0.7978369755467027,0.6862504309946029,5.075005874623928,0.14191166089724155,0.896833092926386,0.23950190844294053,1
Farming,5.381729770497596,16.414340655202675,26113.686025682528,0.795673698605994,7.612804426468268,4618.906596961072,0.6713753352886496,0.8050002598777146,0.8270195566098476,11.279031331295059,0.5856924955551578,0.6699490836763894,0.14348858846281073,1
Farming,2.6357912799504923,4.862918002936372,21845.255634259665,0.7029801588569438,3.750760723277125,6386.162797690031,0.8340324473322248,0.8954156338064747,0.6871455116664579,12.191206409373203,0.5774581860168776,0.8808561598363599,0.454505090465966,1
Trading,1.2490775988499767,27.212733650589172,42232.271034337726,0.7732123190340181,6.4637829212023785,10486.059984678903,0.6370220303289504,0.7299745369310283,0.5267929432804046,0.998145312976879,0.6016356307546091,0.9176043399383309,0.32268587769646007,0
Trading,0.9637865825033798,35.23358586685549,42888.41255187164,0.3662171406732787,7.5069295948935775,35566.81623987271,0.6657837231923367,0.8889099376082313,0.6762108894224123,12.370806890204278,0.7746461537766088,0.5173905912498694,0.14729890567613543,1
Trading,5.002597830123372,28.24790143338098,9804.483023234357,0.9037581726421795,2.306560516322511,8734.59259134078,0.7762305421003348,0.745167188432017,0.7509077408041708,2.0773126343317294,0.8536363573153142,0.5928443006085299,0.4868805794026336,0
Freelance Services,3.4655918947070075,26.684186150291772,47801.39873645614,0.9104124765215611,8.525805609273837,28029.700051164607,0.5769846387965032,0.6014243999677501,0.7984983198319889,8.283878078811505,0.7891062675723761,0.7922266322454138,0.10492507656781892,0
Trading,1.4103303788550374,19.808956841164825,19227.258244864803,0.7402841191609206,6.892020360124425,8636.970654941846,0.6013029792593466,0.6897801039335174,0.49086434829509157,6.24971831647793,0.7682693701534482,0.7523546489711089,0.263415535450022,1
Craft/Artisan,5.989524603160624,11.256021034182904,30636.908131858367,0.9372399688730888,5.541078978251676,19396.200532130726,0.8082510258066469,0.4087677285437829,0.7676585207368156,17.426659819755443,0.7823315126491558,0.7267649354494617,0.24439193929788117,0
Trading,5.935121864267254,18.580224421087742,16052.183979485308,0.7676339107513609,6.314785165566623,6918.678487726459,0.7634426900950796,0.5682139780778012,0.5549794382050812,1.486003427314953,0.530355010242005,0.5410034639489706,0.5430441974131612,1
Trading,3.421134840898904,34.844704294732026,32995.41962228424,0.9842371850403269,8.121577208644007,11664.795177496802,0.8758682813391627,0.8983148031339088,0.7651891918640833,26.513756712592226,0.5365941170812782,0.5357846838450051,0.11037020036809016,1
Farming,9.168843787932975,15.184095099943551,109452.06003700478,0.8033252221551128,12.948349385191493,6050.353233797451,0.43239569686529483,0.5006545660979939,0.9245561948123259,8.868784063869674,0.5750764260708398,0.727009982968857,0.04927564328686294,0
Farming,0.7959417404636738,14.360342017408467,28852.186531183557,0.9576442450905573,7.829839208015854,36686.70353867011,0.7163134941580712,0.7190326172448371,0.7936852060076088,6.712010142334107,0.8845794204668646,0.5498164080339383,0.4266341970611465,0
Craft/Artisan,2.7131428564198123,26.85842927283131,20891.209581557403,0.7110288669950033,8.431747466434906,8214.066341772415,0.6327049953646335,0.967555931500512,0.6601059636461292,2.7874322653757275,0.7409940490189035,0.8612021996444871,0.4791079624041934,0
Freelance Services,5.362336995338608,27.389488405964766,23678.22955830153,0.6239147729120595,6.580580491989617,4523.301712358563,0.8339080685077902,0.7970227164626011,0.5161916023678262,2.777174219745028,0.9581418518810567,0.4827672110048076,1.1952354460361923,1
Craft/Artisan,1.5573200362496995,11.216785553801571,11992.46150585015,0.8749574952118365,11.704953887497417,4279.442915538812,0.760966877601614,0.5641206850969347,0.6483053530104166,11.723238673664603,0.8037201721152595,0.4888312189118624,1.6280707166251223,1
Trading,6.382453660007883,15.90812309410062,59690.59846853492,0.47770975051618625,1.6020195498773768,12584.196178905493,0.9277479253637817,0.39922909335509665,0.8740529953276899,6.625298978220787,0.6161175039683648,0.7564892911675947,0.09133326062940855,0
Craft/Artisan,7.630171900989223,13.984756032788525,31955.05646753077,0.7599252495230034,0.7877945805955013,9694.871335072245,0.6623713190718352,0.9680983946453189,0.634226976201912,1.0237780982230598,0.7981708881868216,0.5863629406586531,0.7060010659126273,1
Trading,0.25318047529120447,18.557515032488723,15109.910794893944,0.9814809352124437,6.459098188957772,21038.44158628928,0.7668469844439981,0.6840383522069634,0.7453915846017427,4.751939514756043,0.8170271462213848,0.6840040680040068,0.6822490303406394,0
Freelance Services,9.365852768543734,26.829493367611942,15383.102418407978,0.48410952274142116,7.980426554570907,11332.369889665093,0.4305928757598874,0.6118686914072333,0.6370704349773634,12.595054122947449,0.7873541145521978,0.6503740217373286,0.49314190465229213,1
Farming,5.1466114276495745,11.567779830975272,27130.268666434185,0.8488966287557116,0.0,30217.495223954833,0.603422108232944,0.5761241355998191,0.7684875833668432,1.3518035926675265,0.65460179602868,0.12646467546668316,0.5749280350049037,1
Farming,2.4740272050272107,26.71731849789549,44918.16089982067,0.6674620883684051,5.989693116442721,10200.669846053766,0.7537346695873429,0.8559107260243539,0.9588141388179319,8.126907876792774,0.7803359077429773,0.41146015393667096,0.14653538767180385,0
Trading,1.0460051673051554,18.813209991370467,14284.86051522407,0.4560985462264744,5.458530724085085,27406.55152080228,0.7541813638036664,0.7332314845521054,0.5314187576363377,7.503561441460208,0.5212473494490963,0.5474120347741944,0.5340217272210878,1
Trading,6.946542639715745,36.60953709051422,49631.20947031505,0.9023627726207482,8.232474565529968,6858.267197786126,0.4733781039514415,0.6819161808398818,0.9165690171102119,10.770935144095784,0.44085848149905155,0.7619858300039775,0.28558379105169684,0
Trading,1.3457158922265553,20.55064707496699,25580.907371713172,0.805330764746355,7.286206623961583,4664.177233669527,0.5983662866110042,0.7997334834111943,0.4354226524421487,5.490202220647777,0.8729529623086351,0.7449866914182526,0.05821735681548196,0
Freelance Services,5.1402068462463495,17.22465144296588,16128.87040931065,0.5805550343950909,0.5753344353989878,7507.5399765380425,0.8740694592122931,0.4990774693427404,0.8254975987323027,2.9199346801082156,0.8414211883629855,0.5512799821660015,0.25479037309423636,0
Craft/Artisan,1.3961291660056931,22.59771781692794,20801.28963364345,0.9753267532260749,2.7598282753327767,6062.515336711277,0.6939524794716062,0.8698852705019512,0.6690686040506194,10.366029343765215,0.30215303344488953,0.49787996037484644,0.3387939592337463,1
Freelance Services,3.6669160462483577,15.30283009690232,70382.83084932108,0.8750373278542699,3.5796309838890266,5605.806632458462,0.6829143855084907,0.38635306955647664,0.6892245205869403,5.28432690095814,0.30619577774305046,0.3848400120161981,0.4570100497857673,1
Trading,6.746283437807889,3.6378150131853957,12537.540529162537,0.6887655924936533,8.216835407806164,17846.389986001413,0.8610715763981166,0.8855782153513175,0.5854648495422498,2.6628095896429613,0.8352209857516303,0.28584685486868233,0.15716012704002927,0
Transportation,2.499800058826002,16.075830605831214,17987.9770894009,0.7246904922602296,7.1239386960456255,11103.086131833345,0.85034710690408,0.7254948540851462,0.8831749993553205,6.01681577562861,0.588021438333519,0.6991758732586103,0.3818508024464762,0
Trading,9.325266722261095,15.949651127446199,45429.68257242017,0.6347381384210745,4.137825953935218,14753.60587748462,0.6419204954064922,0.9480195150420732,0.8599344524956093,13.137508868397234,0.6551760381171741,0.5936244504811451,0.5693691476733523,0
Transportation,5.446134052670959,5.261460315601505,30304.496320360893,0.41226935877178983,6.433641707904884,19327.506751233414,0.6680177527007753,0.5142437816216978,0.83360143491545,0.6197202076144712,0.881943939418988,0.32322995271414734,0.7399793316207535,1
Farming,1.561775450719679,17.415718481644056,17410.304977050673,0.5890208589206994,2.8259802817001907,4105.210497522345,0.7747020032589869,0.5335178154760966,0.7443999316847253,4.234316160956894,0.5028065862390775,0.48208671932508657,0.4421656749612754,1
Trading,1.126533312714279,1.4631182031248215,45735.78353462413,0.5206758234420994,12.148916101842062,19909.480955890765,0.8490245068084209,0.9404468440741043,0.8839245269817122,5.696290160226667,0.708134790620548,0.7762167657508626,0.17808566694051092,0
Transportation,1.9489275672506066,15.218505318756167,46946.439851068986,0.33298523878290887,7.7230722019711235,5746.559543282095,0.6879597834042944,0.6063531969732046,0.7873797803793331,9.23690116473568,0.8685077359686427,0.5503124826213207,0.2779033543976093,0
Trading,3.5414032222175904,19.948767936357378,32281.9931998529,0.5027000163590971,8.358530929328278,8921.55907130583,0.8157705400538401,0.5629409514225115,0.8002121267209286,3.5766044800467207,0.4829209008484797,0.6688351108551496,0.35618577120799033,1
Farming,9.893094806459251,18.77596941710586,19209.915880870965,0.7476374958738607,10.130433103156204,3552.8738415791427,0.6570384534037745,0.5431371620893469,0.7326363214787541,3.32370547593922,0.4897134643873977,0.7619667577520153,0.4413265016879977,1
Transportation,11.097319102679343,14.711444216905456,20908.94755652345,0.4378507782835559,9.0487295796542,21124.86517677769,0.7998826757917396,0.6805277653789006,0.5082909029758632,3.2426103540634337,0.4354201546098998,0.7138601875323637,0.7058221117563029,1
Trading,2.425573061623664,17.315756784415427,31463.135437871388,0.3172362617948284,6.094578933964655,4095.548466206304,0.6755476702798365,0.8394438098969518,0.8813161522829913,3.887276842702386,0.5905382181047139,0.5021290957556069,0.560265617903723,1
Freelance Services,2.3660696078661068,11.727484500177354,13074.761087931454,0.5379947759406,5.445105104295383,5767.0952921090175,0.5849150454501104,0.7103229324342547,0.8411768829244562,8.420390826967779,0.5614790898816043,0.7854178407254662,0.47613520985272695,0
Farming,6.066763207838439,18.08653215538028,55842.00732699831,0.45977034478755363,9.864853245535988,6067.446730827329,0.8299460406162052,0.7846314156840909,0.7586131734041769,3.604221784836102,0.6655411394768578,0.3769676891260961,0.04848857278012507,0
Craft/Artisan,6.033764939940304,18.464691252734166,68536.03873161193,0.6562341148459349,6.079605846860964,12208.25935212983,0.6201758599076037,0.48900084775571795,0.6213121278026866,3.653746374950564,0.7310612201793983,0.9013640754583129,0.33695423549783743,0
Transportation,8.386794525094405,10.798000176787923,23628.876713374364,0.8433946590996795,3.7529466464689607,11950.298480871628,0.8731412178581123,0.6864965240523964,0.47548709837861397,1.8537367691000153,0.8251954376604078,0.3896050630122051,0.10986715758869081,0
Transportation,8.531287668307314,20.14159360407278,32723.785272471036,0.7716482306889538,11.899897427706382,23584.11417152878,0.4122509918630317,0.8251886378349881,0.6939729721179956,2.636814474366495,0.5069241867269072,0.6400410889939594,0.5616363297960205,1
Transportation,1.8373955780185722,20.09162124064363,51647.19284813557,0.7393379282315512,3.192216346541059,12416.746400874412,0.7275386062980064,0.34658333021884047,0.7188958643666942,6.668370998596365,0.5886047114711735,0.7015459748468217,0.29886105732012647,0
Craft/Artisan,0.9225472928424796,16.67032069135143,78870.17783786896,0.7291832180168668,0.7958847748399203,26266.227852418495,0.7614910803712455,0.7387998040831469,0.5110432287987997,6.828619798165411,0.5643770777078349,0.8065605833778784,0.6703172399705131,1
Transportation,5.50025554035582,37.36837629029455,63344.27017375628,0.9656848057544847,8.978329076810445,17422.662493385167,0.7005792727328221,0.48195475325770554,0.5976591977085906,4.907253056407813,0.5828668531904795,0.7629543626941852,0.17283052844622457,0
Trading,4.275607106076918,16.87438090652553,10357.377716981058,0.7956480176204384,3.8062608280719648,6892.330048767083,0.7459480261024917,0.9730243895302245,0.8013383708784272,4.989555723102919,0.5129525172910853,0.8787974471851487,0.10601822941089543,0
Trading,0.5042393945864995,15.766126037015855,22616.736661399453,0.8079281614418362,7.305290052490023,8374.64417992506,0.7867102787829122,0.6873899906178791,0.9435663798381367,2.351431172853096,0.7378132810672122,0.49221044369662303,0.29848240404221427,0
Transportation,0.9006261939343997,14.620855126338139,35432.27965570127,0.6414800011295889,11.451632508566515,38461.321138481384,0.6117715758774269,0.9245204503384931,0.7164380435863227,8.161422210957928,0.5821345389229545,0.7256243269568945,0.15920661682065482,0
Trading,5.321429062779434,10.232486215388803,20500.006592338526,0.6862604652254802,1.875460634385381,31545.98115901291,0.779424625108766,0.8487840238170605,0.8466613613256412,4.181130918766881,0.39331073877829453,0.4451095334690844,0.4267170454285054,1
Trading,3.3155792028857958,23.487178878747226,71719.76920922194,0.8323622458817649,5.877253878926217,23786.06145271608,0.8127545460097385,0.8297757288289628,0.7770379896870473,6.516402177540604,0.21226710642118105,0.5400771772486632,0.30010645948664694,0
Trading,5.40409380501565,12.5100242558444,65917.30923071587,0.7769689796938876,10.450227669095577,26077.87272506624,0.8656754086893266,0.7455858717420507,0.8319948276310348,11.675945042907042,0.7159346480935609,0.7625851888928882,0.18831159892862753,0
Transportation,1.4698231459273055,13.456414824017976,17175.486148984743,0.6986195711263135,8.045659270194243,18501.144190091243,0.7907647657153938,0.6891873087675148,0.845938847200482,7.909083721131954,0.737870784944078,0.5521012979897018,0.46010754604551457,0
Trading,5.671715043728788,13.694067523691215,24604.38576233939,0.6060002241652104,5.460537379662062,16891.64959647671,0.693015757286356,0.359299354780094,0.3640438191816536,6.11535795251833,0.652756752467242,0.8748872777600529,0.17250025317651438,1
Transportation,4.6526324617631,10.12045187321191,17814.09407783302,0.6589283172182031,13.168138630972813,13832.835198850982,0.784802809386755,0.7714670221547126,0.6500568081320226,5.167938781063951,0.4677157654345204,0.7939040803080379,0.46915104362117255,0
Craft/Artisan,5.955251816256911,3.9913333396422157,24165.453616646915,0.7802117383457937,5.714047672993921,43879.14648938308,0.8916085162828382,0.8210920279918538,0.753813080402002,3.511393854324498,0.6615116408525235,0.8294950795393884,0.14709710346030558,0
Craft/Artisan,2.563501372740103,14.296481062726452,23766.02236421262,0.7682534357677046,7.190623585585595,9650.249849991664,0.6285387459540995,0.7190939589051987,0.3191189944759916,3.503136325854202,0.6704359526192111,0.4732607487898729,0.13619280207896636,0
Trading,2.14699770846125,24.98668250169833,45471.53719806761,0.8480053098039793,10.94806348773044,15807.029383264853,0.7820363859638594,0.8416380402926097,0.41139601590806174,2.9658753551761388,0.8454609867881512,0.6551854050189145,0.02223428334089883,0
Transportation,1.0443853131532104,19.575838443721953,16503.77522027401,0.9649469318882444,8.942590714159817,4040.851438479393,0.6417334228073768,0.7500522089533287,0.7073818614317325,10.67311004529957,0.4708044006939782,0.35717552224980026,0.28357603895978795,1
Transportation,2.9050891266536754,30.484602161505002,6379.134553872584,0.7451951453996573,9.96515880066743,4907.392409097944,0.6461777862729357,0.8014790252518825,0.8038102011814054,2.451503238238534,0.7216804077281798,0.6731316253974637,0.18390437338193527,0
Farming,7.4187145208495116,24.00765043991347,11131.133765120963,0.46595442096783335,3.30138150955121,47601.21498128313,0.7399268175618565,0.772987229598349,0.4802896999088263,3.8084863541225142,0.4792119344214164,0.3892787095978563,0.2706519494506376,1
Transportation,8.777135582684963,22.191718482192357,15282.048425736195,0.5281987130482445,9.684524346562831,20573.233904169378,0.6016472210083242,0.8378591066817084,0.8750151908568347,5.352112368663122,0.7483368919752946,0.5166224400614203,0.685026485834634,0
Trading,1.3564659163872104,33.06119218122172,18757.887808413492,0.561704990344219,6.508776272921911,11511.606228283092,0.9697143111321392,0.5554453900259916,0.6931849358701057,16.27949089997927,0.8702640256445963,0.37327227735568447,0.08590527792873617,1
Freelance Services,3.5394431758682914,17.22283523997431,29820.33792274025,0.7763490374968397,3.762663256669667,14112.655274320008,0.7854860407931801,0.648553268265763,0.5688041151437943,1.7499343183693028,0.7352757746957218,0.7336401309655052,0.13090975627724966,0
Trading,9.988018194771353,18.504605388039618,14855.320337601115,0.7267709497827589,6.66583273031889,5163.213877076864,0.7226952868949501,0.6954981397440662,0.6472830284320267,1.8872336781016705,0.3656471424274812,0.33486326572681935,0.1308576962606295,1
